{"type": "Feature","bbox": [-115.2231,22.872,-109.4133,28.0],"geometry": {"type": "MultiPolygon","coordinates": [[[[-112.1014,25.3727,1.8673],[-112.1026,25.3787,0.0],[-112.1044,25.3802,2.0433],[-112.107,25.3798,0.0],[-112.1077,25.3762,0.5992],[-112.1035,25.3752,0.0],[-112.1034,25.3734,0.0],[-112.1014,25.3727,1.8673]]],
[[[-112.0824,25.3667,1.5168],[-112.0885,25.3714,0.4691],[-112.0958,25.3698,0.0],[-112.0951,25.3669,0.0],[-112.0935,25.3688,1.601],[-112.0911,25.3686,0.4516],[-112.087,25.3638,1.6855],[-112.0862,25.3671,2.0439],[-112.0824,25.3667,1.5168]]],
[[[-112.0818,25.3456,0.6571],[-112.0808,25.3463,0.6571],[-112.0817,25.3471,0.0],[-112.0857,25.3461,1.0602],[-112.0842,25.3449,0.4176],[-112.0818,25.3456,0.6571]]],
[[[-112.0872,25.3423,0.6048],[-112.0836,25.3412,0.5462],[-112.0821,25.3441,0.0],[-112.0882,25.343,0.6048],[-112.0872,25.3423,0.6048]]],
[[[-112.0906,25.3449,0.9821],[-112.0865,25.3458,1.3925],[-112.0921,25.3459,0.2346],[-112.0937,25.3434,0.0],[-112.0906,25.3449,0.9821]]],
[[[-112.0922,25.3678,0.4516],[-112.0958,25.3653,2.5412],[-112.0975,25.369,0.0],[-112.1008,25.3646,0.0],[-112.0999,25.3603,0.4657],[-112.0995,25.3619,2.1484],[-112.0985,25.3604,3.1426],[-112.1003,25.358,2.0598],[-112.0989,25.3563,0.7235],[-112.0995,25.3523,0.4527],[-112.0983,25.3538,2.8863],[-112.0967,25.3498,0.0],[-112.0959,25.3433,1.8601],[-112.0979,25.3432,0.5676],[-112.0971,25.3416,0.4122],[-112.0948,25.3423,1.8601],[-112.0948,25.3469,1.3055],[-112.0923,25.3477,0.836],[-112.088,25.3528,1.1224],[-112.0895,25.3573,2.1405],[-112.088,25.3641,1.6855],[-112.0922,25.3678,0.4516]]],
[[[-112.0765,25.4339,2.8804],[-112.0751,25.4355,0.0],[-112.0799,25.4378,0.0],[-112.0815,25.4353,0.0],[-112.0792,25.436,2.0469],[-112.0788,25.4342,0.0],[-112.0827,25.4322,0.0],[-112.0808,25.4324,1.3528],[-112.0808,25.4304,0.0],[-112.0787,25.4299,0.0],[-112.0773,25.4247,0.5549],[-112.0756,25.4265,0.0],[-112.0773,25.4318,0.0],[-112.0765,25.4339,2.8804]]],
[[[-112.0739,25.5432,0.0],[-112.072,25.5464,0.7816],[-112.0779,25.5476,0.0],[-112.0777,25.5521,0.0],[-112.081,25.5543,0.0],[-112.0831,25.5538,0.0],[-112.0842,25.5517,2.346],[-112.0828,25.5459,0.7204],[-112.0862,25.5389,1.4555],[-112.0866,25.5311,0.0],[-112.0841,25.5244,4.2302],[-112.0796,25.5192,1.7637],[-112.0826,25.5186,0.377],[-112.0827,25.5167,1.0173],[-112.0851,25.5159,0.3038],[-112.0846,25.5118,0.0],[-112.0806,25.518,2.0741],[-112.0744,25.5185,0.9151],[-112.074,25.5206,3.2305],[-112.0714,25.5214,1.5095],[-112.0671,25.5203,0.0],[-112.0672,25.5226,0.0],[-112.071,25.5239,1.4259],[-112.0727,25.5263,0.4703],[-112.0739,25.5238,1.5286],[-112.0765,25.5273,1.4477],[-112.0762,25.5292,2.7563],[-112.0744,25.528199999999998,1.0434],[-112.0686,25.5298,2.6103],[-112.0758,25.5359,0.8258],[-112.0741,25.5377,1.93],[-112.0769,25.5395,1.4837],[-112.0739,25.5432,0.0]]],
[[[-112.0734,25.5534,2.0135],[-112.0754,25.5502,2.3168],[-112.0744,25.5481,0.7124],[-112.0712,25.5485,0.5108],[-112.0702,25.5533,2.9339],[-112.0714,25.5545,0.0],[-112.0734,25.5534,2.0135]]],
[[[-112.0756,25.5718,1.9039],[-112.0739,25.5687,0.3192],[-112.0715,25.5689,0.6476],[-112.0749,25.5731,0.0],[-112.0756,25.5718,1.9039]]],
[[[-112.0763,25.5924,0.0],[-112.084,25.5951,1.7914],[-112.0856,25.5837,2.6427],[-112.084,25.5719,2.544],[-112.0855,25.5647,1.707],[-112.0845,25.5616,0.5997],[-112.0771,25.5617,0.0],[-112.0776,25.5671,0.0],[-112.0803,25.5706,2.7466],[-112.08,25.5741,2.3835],[-112.0756,25.5807,0.0],[-112.0802,25.5825,3.1129],[-112.0788,25.5837,1.8357],[-112.0807,25.5866,2.9112],[-112.0811,25.5914,0.6602],[-112.0792,25.5916,1.1737],[-112.0765,25.584,1.7705],[-112.0737,25.5839,1.4142],[-112.0732,25.5875,0.5975],[-112.0762,25.591,1.4287],[-112.0727,25.5912,1.5796],[-112.0723,25.5939,0.0],[-112.0763,25.5924,0.0]]],
[[[-111.1465,25.5866,32.3394],[-111.1527,25.5881,11.5093],[-111.153,25.5829,6.8838],[-111.1444,25.5855,3.952],[-111.1465,25.5866,32.3394]]],
[[[-111.1308,25.5873,0.4059],[-111.1325,25.5879,0.0],[-111.1303,25.5843,0.0],[-111.1293,25.5866,0.0],[-111.1308,25.5873,0.4059]]],
[[[-112.0689,25.5888,0.8574],[-112.0672,25.5898,0.0],[-112.0704,25.593,0.0],[-112.0698,25.5892,0.8574],[-112.0689,25.5888,0.8574]]],
[[[-110.7725,25.7095,64.7365],[-110.7752,25.7132,12.0572],[-110.7774,25.7113,91.5689],[-110.7814,25.7114,5.6335],[-110.783,25.7062,24.7246],[-110.7846,25.7062,0.0],[-110.784,25.7033,4.5912],[-110.7896,25.6951,64.3706],[-110.794,25.6949,20.2892],[-110.793,25.6921,2.0373],[-110.7995,25.6842,0.0],[-110.7974,25.6832,0.0],[-110.7973,25.6812,11.4677],[-110.8008,25.6798,0.0],[-110.802,25.669,12.391],[-110.8009,25.6658,2.4107],[-110.8033,25.6594,35.9167],[-110.8048,25.66,27.2665],[-110.8061,25.6585,31.4848],[-110.8031,25.6511,3.9383],[-110.8054,25.6465,10.8581],[-110.8036,25.6413,0.0],[-110.799,25.6382,0.0],[-110.7989,25.6342,0.0],[-110.793,25.6266,1.8985],[-110.7939,25.6229,7.404],[-110.7898,25.6169,2.4606],[-110.7899,25.6106,14.2838],[-110.7869,25.6059,23.933],[-110.7807,25.6012,0.1239],[-110.7806,25.6038,7.9227],[-110.7779,25.6029,3.5582],[-110.7756,25.6045,12.0198],[-110.7595,25.5936,0.0],[-110.7609,25.5973,9.814],[-110.7578,25.6011,19.4932],[-110.7559,25.6007,0.0],[-110.7586,25.6128,24.0035],[-110.7576,25.6169,36.857],[-110.7594,25.6238,73.0704],[-110.7582,25.6289,23.2971],[-110.7607,25.633,27.706],[-110.7609,25.6415,0.0],[-110.7625,25.6442,32.0946],[-110.7619,25.6523,67.3363],[-110.7652,25.6573,24.9461],[-110.7702,25.6769,35.6097],[-110.7639,25.6898,3.9886],[-110.7704,25.6945,39.748],[-110.7725,25.7095,64.7365]]],
[[[-111.0445,25.7397,1.8229],[-111.0437,25.7383,0.0],[-111.0441,25.7431,0.9897],[-111.0448,25.7421,0.9897],[-111.0445,25.7397,1.8229]]],
[[[-111.0342,25.7141,0.9521],[-111.0419,25.7128,6.3637],[-111.0417,25.7098,8.8917],[-111.0441,25.7071,0.0],[-111.0546,25.7075,0.4894],[-111.0588,25.7091,0.0],[-111.0596,25.7073,0.0],[-111.0571,25.6961,13.8292],[-111.0487,25.6836,46.3752],[-111.049,25.6811,28.6429],[-111.0455,25.6756,40.167],[-111.0468,25.6756,40.167],[-111.0479,25.6717,3.5469],[-111.0469,25.6644,30.9217],[-111.043,25.6588,2.789],[-111.0398,25.6597,5.8201],[-111.0373,25.655,0.0],[-111.0318,25.6531,7.79],[-111.0315,25.6507,11.4519],[-111.0298,25.6498,0.0],[-111.0287,25.6518,11.1594],[-111.0266,25.6512,0.0],[-111.0251,25.658,25.7366],[-111.0153,25.6692,8.8913],[-111.0136,25.6695,1.1355],[-111.0133,25.6787,0.0],[-111.0168,25.6866,31.828],[-111.0173,25.6936,7.3694],[-111.0232,25.6968,4.212],[-111.0255,25.6961,6.965],[-111.0254,25.6996,26.3166],[-111.027,25.7017,36.0269],[-111.0323,25.7027,2.0676],[-111.0342,25.7141,0.9521]]],
[[[-112.0912,25.6444,0.9182],[-112.0927,25.6503,2.7525],[-112.0914,25.6601,1.7776],[-112.0962,25.6659,2.1258],[-112.0959,25.6703,1.9661],[-112.0924,25.6753,0.0],[-112.0942,25.6811,0.3908],[-112.0961,25.6805,1.833],[-112.0979,25.6745,1.1751],[-112.0975,25.5829,0.0],[-112.1029,25.5163,0.0],[-112.0983,25.5012,0.6332],[-112.0959,25.5062,0.0],[-112.0968,25.5083,0.6282],[-112.0949,25.5142,2.2837],[-112.0967,25.5322,3.1506],[-112.0932,25.5483,0.7103],[-112.0912,25.5868,0.769],[-112.0922,25.5918,0.0],[-112.0898,25.5991,0.8129],[-112.0891,25.6078,1.365],[-112.0894,25.6116,1.6507],[-112.0914,25.6131,1.6872],[-112.0903,25.6146,0.0],[-112.0913,25.6207,0.2908],[-112.0953,25.6308,4.5765],[-112.0946,25.6489,3.9376],[-112.0928,25.6485,0.843],[-112.0925,25.6427,0.0],[-112.0909,25.6423,0.0],[-112.0912,25.6444,0.9182]]],
[[[-112.0788,25.6153,2.795],[-112.0742,25.6172,3.2093],[-112.0752,25.6214,0.0],[-112.0793,25.6261,1.0225],[-112.0832,25.627,1.0845],[-112.0847,25.619,0.5526],[-112.0844,25.6017,0.0],[-112.0831,25.6011,0.8339],[-112.0836,25.5994,1.2507],[-112.0801,25.5982,2.2512],[-112.0774,25.5949,0.4159],[-112.0738,25.5963,0.0],[-112.0771,25.6024,0.6615],[-112.0728,25.5996,1.4606],[-112.0688,25.5992,2.5401],[-112.0723,25.6044,0.4526],[-112.0787,25.6082,2.7505],[-112.0808,25.6124,3.4948],[-112.0788,25.6153,2.795]]],
[[[-112.0818,25.6491,1.3617],[-112.0777,25.6469,0.0],[-112.0751,25.6503,0.5216],[-112.0818,25.6526,0.0],[-112.0818,25.6491,1.3617]]],
[[[-112.0763,25.6277,1.7496],[-112.0735,25.6266,0.5936],[-112.0733,25.6303,1.6798],[-112.0793,25.6347,0.546],[-112.0818,25.63,1.1717],[-112.0763,25.6277,1.7496]]],
[[[-112.0753,25.6459,0.0],[-112.0791,25.6453,2.4262],[-112.0826,25.6479,0.3779],[-112.0848,25.6449,0.8455],[-112.0862,25.6389,2.2776],[-112.085,25.6394,2.2776],[-112.0843,25.6375,1.1544],[-112.0866,25.6373,0.0],[-112.0873,25.6356,0.0],[-112.0867,25.6277,0.0],[-112.0821,25.6314,1.0072],[-112.0811,25.6396,2.2359],[-112.0741,25.6434,1.2118],[-112.0753,25.6459,0.0]]],
[[[-112.0833,25.6664,1.8185],[-112.081,25.67,1.7123],[-112.0835,25.6721,0.0],[-112.089,25.672,1.3388],[-112.0929,25.6687,0.7374],[-112.0893,25.6591,0.4741],[-112.0895,25.6422,0.0],[-112.0917,25.6369,1.6339],[-112.0907,25.629,0.0],[-112.0883,25.6439,2.0965],[-112.0837,25.6492,0.0],[-112.0879,25.6601,1.3318],[-112.088,25.663,1.0086],[-112.0865,25.6656,2.1262],[-112.0833,25.6664,1.8185]]],
[[[-112.0771,25.6522,1.6913],[-112.0735,25.6528,0.5542],[-112.0752,25.6561,0.9166],[-112.0763,25.6561,0.978],[-112.0771,25.6522,1.6913]]],
[[[-112.0786,25.6535,0.5111],[-112.0766,25.6578,0.5972],[-112.0824,25.6656,1.8185],[-112.0871,25.662,0.7878],[-112.0871,25.6601,1.3318],[-112.0859,25.6603,2.8606],[-112.0832,25.6538,2.1574],[-112.0786,25.6535,0.5111]]],
[[[-112.0752,25.6695,1.2176],[-112.0759,25.6724,1.4161],[-112.0788,25.6729,1.3254],[-112.0782,25.666,0.0],[-112.0752,25.6695,1.2176]]],
[[[-112.0811,25.6746,1.5669],[-112.0797,25.6729,1.3254],[-112.0776,25.6757,0.0],[-112.0807,25.6797,0.5204],[-112.0802,25.6771,0.0],[-112.0811,25.6746,1.5669]]],
[[[-111.0499,25.7426,3.5116],[-111.0495,25.7416,2.6087],[-111.0486,25.7407,0.0],[-111.0484,25.7425,0.0],[-111.0499,25.7426,3.5116]]],
[[[-111.2541,25.8107,9.2498],[-111.2551,25.812,29.3449],[-111.2578,25.8106,13.1164],[-111.2603,25.8118,8.9558],[-111.2612,25.8096,0.0],[-111.2606,25.8081,0.0],[-111.2602,25.8106,8.9558],[-111.2567,25.8091,37.0511],[-111.2561,25.8066,7.4011],[-111.2576,25.8052,0.0],[-111.2556,25.8023,4.3999],[-111.2571,25.801,1.3593],[-111.2558,25.7942,14.6983],[-111.2589,25.7945,0.0],[-111.2577,25.7892,5.0939],[-111.259,25.7827,32.6754],[-111.2453,25.7647,4.9892],[-111.2427,25.7713,33.2023],[-111.2436,25.7739,0.0],[-111.2467,25.7748,12.9584],[-111.2487,25.7774,9.6956],[-111.2472,25.784,116.2188],[-111.2433,25.7889,2.3635],[-111.2445,25.7899,2.3635],[-111.2452,25.7885,145.5581],[-111.2475,25.7909,23.5787],[-111.2484,25.7886,192.0159],[-111.2479,25.7912,23.5787],[-111.2501,25.7937,25.3475],[-111.2474,25.7989,0.0],[-111.2504,25.7979,62.1841],[-111.2541,25.8042,60.1201],[-111.2541,25.8107,9.2498]]],
[[[-111.179,26.0456,0.0],[-111.1806,26.0458,0.0],[-111.1809,26.0451,0.0],[-111.1781,26.0441,0.4412],[-111.179,26.0456,0.0]]],
[[[-111.0619,26.0692,5.577],[-111.0602,26.0701,4.2932],[-111.0599,26.0724,0.0],[-111.0671,26.0678,12.9672],[-111.0682,26.0653,20.4321],[-111.0709,26.0677,8.0375],[-111.0727,26.0673,0.0],[-111.0751,26.0621,5.3175],[-111.086,26.0558,16.1327],[-111.0872,26.0562,32.1121],[-111.0869,26.0596,0.0],[-111.088,26.0582,29.7255],[-111.0929,26.058,12.4434],[-111.0979,26.053,28.923],[-111.1015,26.054,2.1215],[-111.1021,26.0516,21.4138],[-111.104,26.0514,11.1212],[-111.1059,26.0522,16.4596],[-111.1065,26.0566,11.8648],[-111.112,26.0564,11.8122],[-111.1204,26.0585,54.6671],[-111.1286,26.067,43.3435],[-111.1305,26.0633,38.6952],[-111.1329,26.0637,12.2146],[-111.1344,26.0609,0.0],[-111.1326,26.0533,42.3435],[-111.1384,26.05,22.9285],[-111.1458,26.0483,29.0967],[-111.1472,26.0467,20.2604],[-111.1519,26.0471,1.1272],[-111.1614,26.0431,4.6997],[-111.1754,26.0417,0.0],[-111.1748,26.0351,0.0],[-111.1714,26.028199999999998,7.221],[-111.1672,26.0238,8.2931],[-111.1688,26.0207,0.0],[-111.1671,26.0198,0.0],[-111.1642,26.0223,15.2745],[-111.1626,26.0193,0.0],[-111.1646,26.0154,42.1758],[-111.1688,26.0161,0.0],[-111.1699,26.0072,4.7206],[-111.1727,26.0042,3.1258],[-111.1678,25.9931,8.7085],[-111.168,25.9874,35.4454],[-111.1723,25.979,43.144],[-111.1776,25.977,62.234],[-111.1794,25.9745,78.1173],[-111.1799,25.9756,6.5784],[-111.1825,25.9736,47.002],[-111.1821,25.9722,47.002],[-111.1847,25.972,15.6432],[-111.1872,25.9682,0.0],[-111.188,25.963,19.2221],[-111.19,25.9607,32.4553],[-111.1933,25.9602,0.0],[-111.1938,25.9579,15.5622],[-111.1979,25.955,20.2513],[-111.1992,25.9425,92.982],[-111.2037,25.9345,1.0642],[-111.2091,25.9298,36.2773],[-111.2097,25.9264,0.0],[-111.2079,25.9252,7.2998],[-111.207,25.9142,31.6846],[-111.212,25.9104,1.7001],[-111.2131,25.9073,4.5822],[-111.2134,25.8998,8.2711],[-111.2119,25.8964,6.4528],[-111.2155,25.8942,10.1187],[-111.2169,25.8857,75.8499],[-111.2188,25.886,0.0],[-111.2197,25.8844,13.9205],[-111.215,25.8746,34.007],[-111.2146,25.8698,7.5315],[-111.2176,25.8654,38.0256],[-111.2216,25.8641,3.9353],[-111.2237,25.8651,35.0276],[-111.2272,25.8588,0.0],[-111.2274,25.8551,12.6904],[-111.2331,25.8483,19.5303],[-111.2284,25.8226,0.0],[-111.2208,25.818,1.7707],[-111.2113,25.8159,4.4544],[-111.2045,25.8064,1.1873],[-111.2023,25.8075,4.9718],[-111.2014,25.8115,3.0162],[-111.2042,25.8239,7.8283],[-111.204,25.8481,8.4217],[-111.1951,25.8584,0.7604],[-111.1886,25.8578,2.1332],[-111.1822,25.8672,0.0],[-111.1853,25.8821,38.3374],[-111.1819,25.8887,0.0],[-111.1838,25.8913,31.9431],[-111.1788,25.8963,0.0],[-111.1816,25.8999,34.8641],[-111.1803,25.9045,3.5764],[-111.1726,25.9163,2.2857],[-111.1556,25.9314,0.0],[-111.1545,25.9369,17.8527],[-111.1513,25.9386,7.0053],[-111.1424,25.9538,49.7931],[-111.1329,25.9613,47.4705],[-111.1225,25.9784,8.7012],[-111.1205,25.9939,5.8913],[-111.1115,25.998,0.0],[-111.1021,25.9981,1.0058],[-111.0981,25.994,0.6498],[-111.094,25.9853,0.6559],[-111.0868,25.983,1.1657],[-111.0829,25.9794,67.9318],[-111.0793,25.9722,8.4427],[-111.0729,25.9728,3.3894],[-111.0683,25.965699999999998,2.0599],[-111.0652,25.9702,0.0],[-111.068,25.9768,54.5996],[-111.0654,25.9813,0.0],[-111.0693,25.9803,19.9099],[-111.0729,25.9837,85.548],[-111.0705,25.9941,34.2713],[-111.0716,25.9958,7.4115],[-111.0695,25.9972,0.0],[-111.0711,25.9977,2.585],[-111.074,25.9947,22.1533],[-111.0806,25.9979,31.7132],[-111.0836,26.0053,18.2565],[-111.0825,26.0094,26.0412],[-111.0849,26.0157,35.9395],[-111.0818,26.0264,16.7747],[-111.0826,26.0314,108.8001],[-111.079,26.0369,96.4875],[-111.0778,26.043,2.5616],[-111.0724,26.0516,28.6099],[-111.0696,26.0601,0.0],[-111.0619,26.0692,5.577]]],
[[[-111.3051,26.1052,0.0],[-111.3036,26.1053,0.0],[-111.3056,26.1063,1.5167],[-111.3064,26.1048,0.0],[-111.3051,26.1052,0.0]]],
[[[-111.2653,26.1355,30.9338],[-111.2658,26.1374,0.0],[-111.2669,26.136,30.9338],[-111.2739,26.1367,6.8926],[-111.2762,26.1344,22.5603],[-111.2791,26.1353,19.2888],[-111.2791,26.1324,98.4726],[-111.2859,26.1256,0.0],[-111.2878,26.1223,11.8075],[-111.2881,26.12,0.0],[-111.2878,26.1211,5.1275],[-111.2875,26.1204,3.2754],[-111.2879,26.1186,0.0],[-111.2798,26.1139,2.482],[-111.2797,26.1113,0.0],[-111.2899,26.1016,0.9543],[-111.2943,26.1007,0.5884],[-111.2954,26.1034,0.2618],[-111.2971,26.0986,0.0],[-111.2904,26.1009,0.8169],[-111.2795,26.1067,1.6198],[-111.2636,26.1059,10.473],[-111.2629,26.1107,5.9497],[-111.2652,26.1162,2.4215],[-111.2611,26.1181,0.0],[-111.2623,26.1243,17.2026],[-111.26,26.1261,4.6867],[-111.2637,26.1302,76.8034],[-111.2634,26.1357,1.3791],[-111.2653,26.1355,30.9338]]],
[[[-112.7897,26.4182,0.7572],[-112.7908,26.4218,1.3465],[-112.8008,26.4203,0.3997],[-112.8007,26.4186,0.2549],[-112.7979,26.4168,0.3038],[-112.7978,26.4181,0.7744],[-112.791,26.4152,0.2284],[-112.7897,26.4182,0.7572]]],
[[[-112.8066,26.4242,0.9412],[-112.8037,26.4235,0.0],[-112.8024,26.4249,1.1298],[-112.8048,26.4265,0.0778],[-112.8066,26.4242,0.9412]]],
[[[-112.9882,26.5572,1.3079],[-112.9887,26.5582,1.3079],[-112.9861,26.5572,0.6259],[-112.9879,26.5589,0.5488],[-112.9897,26.5587,0.552],[-112.9921,26.5568,1.0347],[-112.9905,26.5549,1.5261],[-112.9932,26.5542,0.8657],[-112.991,26.5536,1.0336],[-112.9895,26.55,0.658],[-112.9866,26.5492,0.8921],[-112.9849,26.5522,0.3408],[-112.9883,26.5556,1.4618],[-112.9882,26.5572,1.3079]]],
[[[-111.4357,26.641,2.179],[-111.4353,26.6379,48.3457],[-111.4369,26.6368,4.6435],[-111.4322,26.6321,25.4949],[-111.433,26.6297,2.558],[-111.4307,26.6278,3.9671],[-111.4304,26.6242,0.0],[-111.4256,26.6249,0.0],[-111.4256,26.6298,0.0],[-111.429,26.634,55.6301],[-111.4289,26.6367,30.6575],[-111.4357,26.641,2.179]]],
[[[-113.0757,26.6347,0.0],[-113.077,26.6336,0.0481],[-113.0757,26.6308,0.5115],[-113.0751,26.6336,0.0],[-113.0757,26.6347,0.0]]],
[[[-113.0763,26.6219,0.1599],[-113.074,26.6214,0.0723],[-113.0801,26.6279,0.2606],[-113.0815,26.6273,0.0],[-113.0815,26.6259,0.6552],[-113.0763,26.6219,0.1599]]],
[[[-113.223,26.7305,0.4866],[-113.2298,26.7303,1.3389],[-113.2294,26.7264,1.5087],[-113.232,26.7321,1.4611],[-113.2306,26.7331,1.4611],[-113.2322,26.7345,0.0],[-113.2373,26.7333,0.0],[-113.2541,26.7161,1.6894],[-113.2575,26.7144,1.0628],[-113.2649,26.7141,0.0],[-113.268,26.7119,1.324],[-113.2678,26.7084,1.8042],[-113.2639,26.7036,1.0755],[-113.2575,26.7011,0.9143],[-113.2122,26.6933,0.8246],[-113.1837,26.6853,0.0],[-113.1692,26.6782,0.908],[-113.1458,26.6623,2.1091],[-113.1353,26.661,0.0],[-113.1356,26.6634,0.0],[-113.1412,26.6669,1.2904],[-113.1459,26.6737,0.4987],[-113.15,26.6752,1.406],[-113.1481,26.6765,1.0295],[-113.1497,26.6803,1.0872],[-113.1488,26.6823,1.1972],[-113.1535,26.685,1.1067],[-113.1523,26.6883,0.8772],[-113.1547,26.6936,0.9511],[-113.1593,26.6956,0.6592],[-113.1661,26.6923,1.0875],[-113.1655,26.6943,1.0998],[-113.1616,26.6962,0.8258],[-113.1628,26.6972,1.1064],[-113.1602,26.6975,0.383],[-113.1652,26.7033,1.614],[-113.1657,26.7062,0.0],[-113.1693,26.7063,1.1047],[-113.1726,26.7088,1.0983],[-113.1666,26.707,0.0],[-113.1699,26.7095,0.0],[-113.1699,26.7131,0.3111],[-113.1763,26.719,0.2589],[-113.1866,26.7215,0.6609],[-113.1934,26.7212,0.7554],[-113.1955,26.7182,0.3701],[-113.1932,26.717,1.2158],[-113.196,26.7136,1.0898],[-113.1951,26.7122,1.2088],[-113.1973,26.711,1.1372],[-113.1937,26.7072,1.2241],[-113.1969,26.7062,1.1264],[-113.1969,26.709,0.7818],[-113.2013,26.7104,0.9543],[-113.1988,26.7103,0.5657],[-113.1994,26.7135,0.6568],[-113.1963,26.7158,0.5886],[-113.1969,26.7177,0.3701],[-113.1991,26.7171,0.3182],[-113.1961,26.7201,0.5421],[-113.1964,26.7237,0.2543],[-113.1997,26.7219,1.791],[-113.2039,26.7224,0.7234],[-113.21,26.7246,1.6527],[-113.2121,26.728,0.4837],[-113.2179,26.7275,0.4577],[-113.2223,26.7288,1.5825],[-113.2213,26.7296,1.0391],[-113.223,26.7305,0.4866]]],
[[[-111.8677,26.7214,7.4763],[-111.869,26.7199,0.0],[-111.868,26.7192,7.3416],[-111.8643,26.722,11.9948],[-111.8664,26.7227,0.0],[-111.8677,26.7214,7.4763]]],
[[[-111.8836,26.7216,0.0],[-111.887,26.7233,77.481],[-111.8875,26.7255,1.4475],[-111.8901,26.7256,0.0],[-111.89,26.7206,20.6825],[-111.8836,26.7216,0.0]]],
[[[-111.8761,26.7427,8.1871],[-111.8768,26.7412,0.0],[-111.873,26.7416,0.0],[-111.8741,26.7432,0.0],[-111.8761,26.7427,8.1871]]],
[[[-113.2284,26.7693,1.1888],[-113.2347,26.7719,2.3392],[-113.239,26.7715,0.0],[-113.235,26.7667,0.0],[-113.2314,26.7662,1.1653],[-113.2191,26.7486,0.4475],[-113.2163,26.748,1.1401],[-113.2147,26.7381,0.3363],[-113.1993,26.7359,0.0811],[-113.197,26.7391,0.0],[-113.1987,26.7423,1.1028],[-113.1969,26.7423,1.4801],[-113.194,26.7411,0.641],[-113.1929,26.7383,0.284],[-113.1905,26.7446,0.0],[-113.195,26.7491,0.4],[-113.2039,26.7541,1.9808],[-113.2071,26.7603,0.0],[-113.219,26.7624,0.9703],[-113.2256,26.7691,0.0],[-113.2284,26.7693,1.1888]]],
[[[-113.147,26.7966,1.174],[-113.1486,26.7946,0.0],[-113.1435,26.7966,0.7787],[-113.1432,26.7992,0.2733],[-113.1448,26.7992,0.9028],[-113.147,26.7966,1.174]]],
[[[-111.8862,26.7565,7.4143],[-111.888,26.7572,0.0],[-111.8889,26.7547,0.0],[-111.8867,26.7547,0.0],[-111.8862,26.7565,7.4143]]],
[[[-113.4013,26.8175,0.0],[-113.3978,26.8145,0.3264],[-113.3995,26.8184,0.8409],[-113.4011,26.8191,0.0],[-113.4013,26.8175,0.0]]],
[[[-113.4678,26.8132,0.0],[-113.4683,26.8147,0.4317],[-113.477,26.8184,1.5113],[-113.4808,26.8169,0.2976],[-113.4796,26.8152,0.0],[-113.4751,26.8158,1.3974],[-113.4678,26.8132,0.0]]],
[[[-113.4556,26.82,0.4011],[-113.4559,26.8242,0.5168],[-113.4617,26.8256,0.7792],[-113.4634,26.823,1.2607],[-113.4666,26.8229,0.9774],[-113.4691,26.82,0.7399],[-113.4686,26.8158,0.9393],[-113.4666,26.8166,0.8163],[-113.4618,26.8145,0.0907],[-113.4556,26.82,0.4011]]],
[[[-113.4377,26.8195,1.1449],[-113.4425,26.8264,1.1245],[-113.4489,26.8236,0.6373],[-113.4491,26.8209,0.8005],[-113.4507,26.8225,0.5933],[-113.4531,26.8188,1.2053],[-113.4474,26.815,0.4117],[-113.4386,26.8149,0.0],[-113.4366,26.8166,1.4103],[-113.4377,26.8195,1.1449]]],
[[[-113.0836,26.6433,0.0],[-113.0806,26.6448,0.3964],[-113.0819,26.6485,0.2398],[-113.0848,26.6457,0.5046],[-113.085,26.6426,0.5433],[-113.0836,26.6433,0.0]]],
[[[-113.0993,26.6544,0.0],[-113.1005,26.6561,0.0],[-113.1129,26.6575,0.2039],[-113.1136,26.6603,0.0],[-113.1173,26.657,0.0],[-113.1181,26.6537,1.1656],[-113.1214,26.6527,0.0],[-113.1278,26.6461,0.0],[-113.1258,26.6436,1.2263],[-113.1261,26.6383,1.7084],[-113.0976,26.6276,1.2473],[-113.0849,26.6208,1.7209],[-113.0717,26.61,0.0],[-113.0685,26.6094,1.1791],[-113.0678,26.6109,0.8357],[-113.0725,26.6182,0.8319],[-113.0818,26.6216,0.7639],[-113.0823,26.624,0.142],[-113.086,26.6267,0.0],[-113.0882,26.6346,0.7279],[-113.0864,26.6412,0.7383],[-113.0904,26.6417,1.1956],[-113.0998,26.65,1.4582],[-113.0993,26.6544,0.0]]],
[[[-113.0676,26.6504,1.0842],[-113.0749,26.6501,0.7054],[-113.0744,26.6409,0.5045],[-113.0676,26.6435,0.0],[-113.0655,26.6486,0.0],[-113.0676,26.6504,1.0842]]],
[[[-113.0959,26.6486,0.382],[-113.0933,26.6478,0.3491],[-113.0925,26.6498,0.0],[-113.0966,26.6504,1.4033],[-113.0959,26.6486,0.382]]],
[[[-113.0978,26.6551,0.0],[-113.0961,26.6529,0.434],[-113.0951,26.6527,0.434],[-113.0956,26.6562,0.7631],[-113.0978,26.6551,0.0]]],
[[[-113.0936,26.66,0.0],[-113.0913,26.6631,0.1463],[-113.093,26.6646,0.5815],[-113.0966,26.6636,1.5447],[-113.1004,26.6604,1.8597],[-113.1006,26.6582,0.3089],[-113.0991,26.6577,0.3089],[-113.098,26.6603,0.2281],[-113.0969,26.659,0.2281],[-113.0936,26.66,0.0]]],
[[[-113.0863,26.6615,0.0],[-113.0896,26.6636,1.4917],[-113.0915,26.6588,0.6603],[-113.0868,26.6592,1.1908],[-113.0863,26.6615,0.0]]],
[[[-115.2229,27.8926,0.0],[-115.2221,27.8923,0.0],[-115.2215,27.8935,0.0],[-115.2231,27.8939,0.0],[-115.2229,27.8926,0.0]]],
[[[-115.1867,27.8801,16.0657],[-115.1909,27.8855,0.0],[-115.1968,27.8865,6.6297],[-115.2121,27.8962,4.6705],[-115.2169,27.8963,0.0],[-115.2194,27.892,3.9999],[-115.2194,27.8894,1.9307],[-115.2135,27.8849,6.4831],[-115.1955,27.8806,86.1358],[-115.193,27.8769,0.0],[-115.1888,27.8761,70.178],[-115.1799,27.8643,6.6426],[-115.1792,27.8612,1.6945],[-115.1818,27.8602,0.0],[-115.1766,27.8564,5.7233],[-115.1761,27.8525,1.6526],[-115.1783,27.8502,6.6602],[-115.1736,27.8493,34.1968],[-115.1706,27.851,0.0],[-115.1704,27.8529,7.7895],[-115.1673,27.8522,11.2183],[-115.1589,27.8633,0.0],[-115.1614,27.8702,0.7236],[-115.1726,27.8742,0.0],[-115.1828,27.8757,17.2948],[-115.1867,27.8801,16.0657]]],
[[[-111.9138,26.8783,0.7403],[-111.9134,26.8797,0.0],[-111.9154,26.8777,0.7403],[-111.9143,26.878,0.7403],[-111.9138,26.8783,0.7403]]],
[[[-113.1508,26.907,1.9768],[-113.1526,26.9096,0.19],[-113.1546,26.9084,2.5494],[-113.156,26.9096,0.0],[-113.1544,26.9155,0.0],[-113.1569,26.9169,0.4265],[-113.1619,26.9125,1.3133],[-113.1623,26.9033,0.0],[-113.1588,26.9033,0.0],[-113.152,26.898,2.1335],[-113.1556,26.8909,1.6919],[-113.15,26.893,0.0],[-113.1507,26.9,1.9891],[-113.1491,26.9041,1.219],[-113.1508,26.907,1.9768]]],
[[[-113.1614,26.9248,1.0433],[-113.1602,26.9299,0.0],[-113.1619,26.9318,0.4196],[-113.1677,26.929,0.7735],[-113.1658,26.9259,0.518],[-113.1628,26.9255,1.9794],[-113.1626,26.9225,0.0],[-113.1599,26.9192,0.2918],[-113.1596,26.9239,0.0],[-113.1614,26.9248,1.0433]]],
[[[-111.9122,27.0358,5.0121],[-111.9099,27.0373,3.1139],[-111.9088,27.0428,0.0],[-111.9158,27.0372,0.0],[-111.9153,27.034,1.898],[-111.9122,27.0358,5.0121]]],
[[[-114.2931,27.107,10.0638],[-114.2934,27.1106,0.0],[-114.2951,27.1091,1.1657],[-114.2949,27.1018,2.6853],[-114.2912,27.0986,0.0],[-114.2896,27.1014,5.7519],[-114.2931,27.107,10.0638]]],
[[[-114.3714,27.1476,3.2926],[-114.3756,27.1507,0.0],[-114.3763,27.1479,4.3002],[-114.3848,27.146,0.0],[-114.3801,27.1446,1.8553],[-114.3748,27.1473,4.3002],[-114.3725,27.1452,0.0],[-114.3714,27.1476,3.2926]]],
[[[-112.0687,27.1654,0.0],[-112.0691,27.1655,0.0],[-112.0677,27.1641,0.0],[-112.0678,27.1648,0.0],[-112.0687,27.1654,0.0]]],
[[[-112.0763,27.2482,2.6881],[-112.0881,27.2587,11.8256],[-112.0914,27.2587,19.7166],[-112.0984,27.2495,10.7579],[-112.1019,27.249,1.2485],[-112.1017,27.2434,15.6462],[-112.1052,27.2398,7.7994],[-112.1072,27.2406,0.0],[-112.1087,27.2389,1.388],[-112.1037,27.2365,1.6648],[-112.0943,27.2273,72.0671],[-112.0906,27.2179,0.0],[-112.0884,27.2162,0.0],[-112.0884,27.2069,0.0],[-112.0855,27.2058,39.0802],[-112.0852,27.1911,1.1165],[-112.0831,27.1907,5.3046],[-112.0849,27.1861,7.9607],[-112.0799,27.1839,15.9988],[-112.0779,27.1805,48.0658],[-112.0739,27.1778,2.2945],[-112.0705,27.1816,10.2877],[-112.0656,27.1838,40.8266],[-112.0609,27.1827,29.9339],[-112.0591,27.18,0.0],[-112.0535,27.1955,39.9486],[-112.0513,27.196,0.0],[-112.0485,27.2043,5.5349],[-112.0434,27.2086,24.5575],[-112.0467,27.2098,16.973],[-112.0464,27.2137,0.0],[-112.0508,27.218,0.0],[-112.0467,27.2238,0.0],[-112.0479,27.2261,7.3827],[-112.0568,27.2296,26.9116],[-112.0571,27.2325,0.0],[-112.0595,27.2341,0.0],[-112.0639,27.2351,11.7749],[-112.0661,27.237,5.8597],[-112.0661,27.2397,8.4924],[-112.0763,27.2482,2.6881]]],
[[[-114.8733,27.6522,0.0],[-114.8745,27.652,0.0296],[-114.8734,27.6507,0.0296],[-114.873,27.6509,0.0296],[-114.8733,27.6522,0.0]]],
[[[-114.8758,27.6564,0.0],[-114.8761,27.6551,0.0],[-114.8749,27.6544,0.0],[-114.875,27.6558,0.0],[-114.8758,27.6564,0.0]]],
[[[-114.1654,27.7101,0.6762],[-114.1727,27.7124,0.0],[-114.1728,27.711,0.3983],[-114.1587,27.7026,0.445],[-114.1492,27.7007,0.0],[-114.1524,27.7042,0.2087],[-114.1654,27.7101,0.6762]]],
[[[-114.1416,27.7178,0.2423],[-114.1411,27.7151,0.0],[-114.1391,27.7145,0.2773],[-114.1377,27.7178,0.0],[-114.1416,27.7178,0.2423]]],
[[[-114.0755,27.6594,0.1034],[-114.0696,27.6602,0.0],[-114.0715,27.6616,0.0],[-114.0807,27.6598,0.0371],[-114.0787,27.6564,0.0],[-114.0755,27.6594,0.1034]]],
[[[-114.2294,27.831,0.4786],[-114.2279,27.8311,0.5294],[-114.2265,27.8354,0.4505],[-114.2249,27.8344,0.0683],[-114.2241,27.8376,0.0],[-114.2201,27.8399,0.0],[-114.2222,27.8405,0.0],[-114.2253,27.8388,0.0],[-114.2303,27.8325,0.835],[-114.2334,27.8309,0.0],[-114.234,27.8251,0.1804],[-114.2315,27.8245,0.0],[-114.2331,27.8274,0.0],[-114.2294,27.831,0.4786]]],
[[[-114.1392,27.8934,0.1252],[-114.1395,27.892,0.0873],[-114.137,27.8937,0.5493],[-114.1375,27.894,1.8974],[-114.1392,27.8934,0.1252]]],
[[[-114.2299,27.8844,0.0],[-114.2283,27.8859,0.0],[-114.2334,27.8858,0.0],[-114.2382,27.892,0.5891],[-114.2387,27.8906,0.0],[-114.2349,27.8857,0.0],[-114.2299,27.8844,0.0]]],
[[[-114.2318,27.8949,0.138],[-114.2282,27.8955,0.0],[-114.2329,27.8967,0.2915],[-114.2339,27.895,0.2495],[-114.2318,27.8949,0.138]]],
[[[-114.2286,27.8895,0.7026],[-114.225,27.8905,0.0],[-114.2234,27.8941,0.0],[-114.2254,27.894,0.0],[-114.2272,27.8909,0.51],[-114.2284,27.8919,0.51],[-114.2318,27.8898,0.2082],[-114.2295,27.8874,0.3548],[-114.2286,27.8895,0.7026]]],
[[[-114.1776,27.9249,0.3816],[-114.1752,27.9271,0.0],[-114.1774,27.9276,0.0],[-114.1802,27.9246,0.1759],[-114.1776,27.9249,0.3816]]],
[[[-114.1073,27.9945,0.1431],[-114.106,27.9968,0.3182],[-114.1034,27.9961,0.0],[-114.1016,27.9983,0.0],[-114.1085,27.997,0.3576],[-114.109,27.995,0.1431],[-114.1073,27.9945,0.1431]]],
[[[-114.1743,27.9285,0.0934],[-114.1717,27.9307,0.0],[-114.1832,27.9304,0.3213],[-114.181,27.9273,0.3238],[-114.1772,27.9294,0.1682],[-114.1743,27.9285,0.0934]]],
[[[-114.1607,27.9432,1.0695],[-114.1652,27.9503,0.5048],[-114.169,27.951,0.0],[-114.1659,27.9476,0.6772],[-114.1717,27.9489,0.0],[-114.1719,27.9418,0.5734],[-114.1694,27.9334,0.6157],[-114.1713,27.9295,0.1532],[-114.1698,27.9262,0.6729],[-114.1743,27.9242,0.0],[-114.1682,27.9236,0.6268],[-114.1642,27.9208,0.0],[-114.1653,27.9266,0.4055],[-114.1638,27.9276,0.0],[-114.1665,27.9266,0.4055],[-114.1684,27.928,0.0],[-114.1667,27.9307,1.0376],[-114.1672,27.9355,1.2544],[-114.1647,27.939,1.221],[-114.1576,27.9397,0.9597],[-114.1574,27.9362,0.0],[-114.1557,27.9387,0.0],[-114.156,27.9421,0.0],[-114.1579,27.9437,0.248],[-114.1607,27.9432,1.0695]]],
[[[-114.0776,27.999,0.6457],[-114.076,27.9989,0.0],[-114.076,28.0,0.0],[-114.0785,28.0,0.5022],[-114.0776,27.999,0.6457]]],
[[[-114.2183,27.7573,0.8487],[-114.2265,27.7677,0.0],[-114.228,27.7657,0.1272],[-114.2264,27.766,0.1272],[-114.2213,27.7598,0.895],[-114.2249,27.7619,0.8427],[-114.2265,27.7649,0.136],[-114.2289,27.7626,0.3756],[-114.2263,27.7605,0.8427],[-114.2274,27.7601,0.7681],[-114.2296,27.7624,0.3756],[-114.2305,27.7656,0.0],[-114.2323,27.7636,0.9136],[-114.2328,27.7589,0.2846],[-114.2305,27.7573,0.4925],[-114.2303,27.7601,0.7452],[-114.2323,27.7605,0.7689],[-114.2308,27.7613,0.7689],[-114.2269,27.7575,0.783],[-114.2307,27.7563,0.5452],[-114.2326,27.7576,0.0],[-114.2334,27.7557,0.7879],[-114.2312,27.7538,0.7143],[-114.2289,27.7556,0.6302],[-114.2266,27.7551,0.7695],[-114.2257,27.7534,1.1946],[-114.2272,27.7522,0.6277],[-114.226,27.7516,1.0788],[-114.2279,27.7514,0.7993],[-114.2274,27.7503,0.9845],[-114.2348,27.7537,0.5356],[-114.2349,27.757,0.109],[-114.2363,27.7548,0.5293],[-114.2323,27.7495,1.2034],[-114.2388,27.7523,1.2707],[-114.2378,27.7548,0.4491],[-114.2486,27.7561,0.1348],[-114.2496,27.7542,0.4122],[-114.2478,27.7507,0.701],[-114.2506,27.7488,0.0],[-114.2457,27.7424,1.1221],[-114.24,27.7418,0.0599],[-114.2323,27.7382,0.0],[-114.2304,27.7404,1.9539],[-114.223,27.7367,0.0],[-114.2237,27.7403,0.0],[-114.2289,27.7448,1.9369],[-114.2276,27.7452,0.8067],[-114.2197,27.7405,0.9993],[-114.2165,27.7413,1.2719],[-114.2157,27.7387,1.5884],[-114.2192,27.7381,0.1482],[-114.2159,27.7362,1.0135],[-114.2147,27.7333,0.0],[-114.2108,27.7344,0.8203],[-114.2032,27.7317,1.4161],[-114.2016,27.7293,0.7363],[-114.1968,27.7289,0.7461],[-114.1855,27.7219,0.0],[-114.1914,27.7291,0.1848],[-114.1994,27.7334,0.0],[-114.2021,27.7385,0.4755],[-114.2048,27.739,0.0],[-114.2069,27.7415,0.0],[-114.2079,27.7451,2.5521],[-114.2183,27.7535,2.3456],[-114.2181,27.7564,0.6957],[-114.2139,27.7519,0.1018],[-114.2183,27.7573,0.8487]]],
[[[-114.1711,27.7643,0.9449],[-114.1727,27.7666,0.5917],[-114.1704,27.7666,0.1453],[-114.1776,27.7698,0.2004],[-114.1793,27.7686,0.3189],[-114.1784,27.7626,0.7853],[-114.1801,27.7614,0.643],[-114.1808,27.7656,0.0945],[-114.1822,27.7663,0.7586],[-114.1798,27.7697,0.0],[-114.1843,27.7685,0.1744],[-114.1838,27.755,0.0],[-114.1824,27.7523,0.219],[-114.1848,27.7523,0.0],[-114.1843,27.7503,0.0],[-114.181,27.7493,0.5234],[-114.1827,27.7506,0.3866],[-114.1813,27.7522,0.219],[-114.1825,27.7549,0.5285],[-114.1796,27.7575,0.7014],[-114.1785,27.7498,0.9853],[-114.1723,27.7422,0.914],[-114.1628,27.7337,0.1739],[-114.1572,27.731,0.7598],[-114.1494,27.7229,0.2964],[-114.146,27.7216,0.0815],[-114.1486,27.724,0.4995],[-114.1537,27.7346,0.6532],[-114.155,27.7335,0.5788],[-114.1538,27.7303,0.6551],[-114.1552,27.7298,0.6815],[-114.1595,27.7382,0.5485],[-114.1638,27.7368,1.2368],[-114.161,27.7411,0.8498],[-114.1593,27.7413,1.0651],[-114.1598,27.7452,1.0195],[-114.1583,27.7463,0.6662],[-114.165,27.7559,1.8238],[-114.1649,27.7592,0.7861],[-114.1679,27.7612,1.251],[-114.1671,27.7625,0.959],[-114.1656,27.7612,0.7933],[-114.1657,27.7632,0.6527],[-114.1687,27.7654,0.6585],[-114.1711,27.7643,0.9449]]],
[[[-109.9113,22.8805,5.7793],[-109.9112,22.8804,0.6227],[-109.9112,22.8805,0.0],[-109.9113,22.8805,5.7793]]],
[[[-109.9108,22.8812,0.0],[-109.9099,22.8818,0.0],[-109.9103,22.8821,0.4329],[-109.911,22.8811,0.0],[-109.9108,22.8812,0.0]]],
[[[-109.9091,22.8828,9.0468],[-109.90921111111111,22.883188888888888,0.4329],[-109.9093,22.8831,0.4329],[-109.9091,22.8828,9.0468]]],
[[[-109.9092,22.8832,9.0468],[-109.90922,22.88322,0.4329],[-109.90921428571428,22.8832,0.4329],[-109.90921111111111,22.883188888888888,0.4329],[-109.9092,22.8832,9.0468]]],
[[[-109.90922,22.88322,0.4329],[-109.9093,22.8835,0.4329],[-109.9093,22.8833,0.4329],[-109.90922,22.88322,0.4329]]],
[[[-109.9229,24.365,24.3752],[-109.9272,24.3715,0.0],[-109.9298,24.3723,5.1883],[-109.9309,24.3684,102.1635],[-109.929,24.367,244.6302],[-109.9322,24.3602,0.0],[-109.9302,24.3589,45.9811],[-109.9331,24.3548,30.4113],[-109.9282,24.3518,168.083],[-109.9329,24.3508,140.9403],[-109.9353,24.3481,53.0709],[-109.934,24.345,109.5686],[-109.9356,24.3427,92.3638],[-109.9365,24.3336,15.101],[-109.935,24.3313,161.0938],[-109.9371,24.3281,51.7542],[-109.9356,24.3248,118.6632],[-109.9378,24.3232,73.5552],[-109.9184,24.2914,35.1062],[-109.9176,24.2835,10.9524],[-109.9227,24.2664,14.7941],[-109.9222,24.2629,0.0],[-109.9042,24.2123,2.2262],[-109.8987,24.2035,42.0647],[-109.8996,24.2013,2.0203],[-109.8936,24.1881,0.0],[-109.8877,24.1818,0.8173],[-109.8865,24.1781,3.3218],[-109.8776,24.1699,0.0],[-109.8776,24.1669,0.0],[-109.8713,24.158,2.4535],[-109.8736,24.1531,1.1934],[-109.8677,24.1521,9.0898],[-109.8632,24.1477,4.4343],[-109.8496,24.148,8.5511],[-109.8325,24.1447,15.2048],[-109.8257,24.1417,0.6159],[-109.8175,24.1429,12.2634],[-109.8025,24.1367,1.0729],[-109.803,24.1427,24.4149],[-109.8009,24.1462,15.5012],[-109.7994,24.1566,9.3415],[-109.8083,24.1704,46.598],[-109.8098,24.1821,0.6082],[-109.8197,24.2048,28.9969],[-109.832,24.2193,6.3433],[-109.8425,24.2272,31.7747],[-109.8465,24.2344,16.7104],[-109.8472,24.2397,0.0],[-109.8514,24.2424,4.5225],[-109.855,24.2479,17.6063],[-109.8575,24.2583,0.0],[-109.8636,24.2627,3.065],[-109.8698,24.2704,57.2304],[-109.8732,24.2801,22.9383],[-109.8822,24.2921,0.0],[-109.8827,24.2986,19.0075],[-109.8859,24.3056,57.5469],[-109.8866,24.3066,133.3805],[-109.8892,24.3047,262.351],[-109.8875,24.3075,68.0424],[-109.8888,24.3111,12.5796],[-109.901,24.3251,40.0978],[-109.9071,24.3382,0.0],[-109.9183,24.351,55.5529],[-109.9229,24.365,24.3752]]],
[[[-110.3394,24.2883,18.0641],[-110.3413,24.2865,2.9604],[-110.3413,24.2861,2.9604],[-110.338,24.2886,5.175],[-110.3394,24.2883,18.0641]]],
[[[-111.9807,24.5222,0.0],[-111.9868,24.5256,0.0],[-111.992,24.5258,0.0],[-111.9969,24.5189,41.0518],[-112.0024,24.5181,3.8633],[-112.0068,24.5154,3.4702],[-112.0042,24.5111,1.8457],[-112.0005,24.511,19.6872],[-111.9968,24.5072,48.1599],[-111.9866,24.5058,49.7569],[-111.9824,24.5021,12.2015],[-111.9631,24.4938,26.5389],[-111.9472,24.489,27.1298],[-111.9378,24.4821,7.6445],[-111.9335,24.4748,46.4129],[-111.9261,24.4691,31.4128],[-111.9242,24.4715,31.1273],[-111.9215,24.471,23.2798],[-111.9155,24.4644,64.3562],[-111.9158,24.4626,0.0],[-111.9086,24.4573,16.8328],[-111.8988,24.4542,50.7338],[-111.8962,24.4523,33.2615],[-111.8959,24.4499,3.4169],[-111.892,24.4503,5.8269],[-111.8872,24.4458,5.8948],[-111.8815,24.4463,3.0601],[-111.8759,24.4427,3.0222],[-111.7991,24.3835,0.0],[-111.7453,24.3486,0.0],[-111.7354,24.3382,0.0],[-111.7357,24.3367,0.0],[-111.732,24.3322,67.8959],[-111.7238,24.3264,84.8658],[-111.7223,24.3226,0.0],[-111.7177,24.3182,64.81],[-111.7152,24.3114,0.0],[-111.7129,24.3125,100.5597],[-111.7106,24.3033,0.0],[-111.7099,24.3207,66.014],[-111.7041,24.3247,12.8109],[-111.7037,24.3303,31.4404],[-111.6976,24.3396,11.2575],[-111.6945,24.3497,0.0],[-111.6995,24.3582,0.0],[-111.6971,24.3632,0.0],[-111.6977,24.3693,0.0],[-111.6945,24.3745,0.0],[-111.6873,24.3813,0.0],[-111.6894,24.3833,0.0],[-111.6912,24.3827,0.0],[-111.6997,24.3745,0.0],[-111.7007,24.3727,0.0],[-111.6986,24.3699,0.0],[-111.7029,24.3714,0.0],[-111.7045,24.3782,0.3136],[-111.7089,24.3847,0.0],[-111.7224,24.394,4.1153],[-111.7259,24.4014,0.0],[-111.7328,24.4055,0.391],[-111.7348,24.414,1.3434],[-111.7418,24.4179,0.0],[-111.7399,24.4258,0.0],[-111.7496,24.4347,1.6409],[-111.7494,24.4419,0.9612],[-111.7535,24.4435,8.7957],[-111.7693,24.4566,0.0],[-111.7726,24.4569,6.4775],[-111.7815,24.463,1.3443],[-111.789,24.4619,24.027],[-111.7918,24.4632,1.6969],[-111.7964,24.4614,13.0158],[-111.8041,24.465699999999998,0.0],[-111.8191,24.4674,0.4372],[-111.8216,24.4723,0.0],[-111.8217,24.4749,0.0],[-111.82,24.4762,0.0],[-111.8217,24.4794,0.0],[-111.8286,24.4794,0.6493],[-111.8293,24.4822,0.0],[-111.8335,24.4852,2.2709],[-111.8346,24.4928,0.6352],[-111.8419,24.5028,5.8808],[-111.8508,24.5098,1.277],[-111.8543,24.51,6.191],[-111.8631,24.5195,0.3808],[-111.8703,24.5213,0.0],[-111.8817,24.5184,14.0824],[-111.8878,24.5194,0.0],[-111.8978,24.5159,3.8773],[-111.9276,24.5196,2.3941],[-111.9357,24.5179,14.3532],[-111.9477,24.5201,8.5856],[-111.9691,24.5182,9.9725],[-111.9807,24.5222,0.0]]],
[[[-110.3454,24.529,0.0],[-110.3502,24.5305,26.2409],[-110.3657,24.5292,22.5019],[-110.3771,24.5255,0.0],[-110.3806,24.5228,10.0365],[-110.3982,24.5198,13.6796],[-110.3992,24.5183,0.0],[-110.3878,24.5163,12.7017],[-110.3866,24.5147,55.5217],[-110.3832,24.5156,92.1812],[-110.3846,24.5136,124.6149],[-110.391,24.5134,66.6271],[-110.3974,24.5099,0.0],[-110.3851,24.5094,36.5224],[-110.3804,24.5072,22.3666],[-110.3816,24.5056,10.8409],[-110.3751,24.5076,136.6047],[-110.3763,24.504,275.7117],[-110.3928,24.4979,0.0],[-110.3893,24.4977,20.1045],[-110.3914,24.4937,0.0],[-110.3849,24.4942,45.9368],[-110.3908,24.4906,0.0],[-110.385,24.4918,14.5667],[-110.3828,24.489,0.7968],[-110.3893,24.4816,1.7977],[-110.3855,24.4792,15.0788],[-110.3848,24.4766,0.0],[-110.3864,24.4746,2.0186],[-110.3673,24.482,0.7417],[-110.3633,24.4815,0.9749],[-110.3637,24.48,1.7431],[-110.352,24.4784,83.9673],[-110.3714,24.4719,109.8007],[-110.3762,24.4671,40.5488],[-110.3745,24.4667,2.8554],[-110.3701,24.4699,6.691],[-110.3581,24.47,0.1864],[-110.3564,24.4688,4.0836],[-110.36,24.4662,0.0],[-110.3592,24.463,109.5253],[-110.364,24.4618,88.8673],[-110.3684,24.4628,0.0],[-110.3682,24.4603,3.8776],[-110.3711,24.458,8.6661],[-110.3548,24.4597,3.7059],[-110.3543,24.4569,2.4896],[-110.3608,24.453,2.8849],[-110.3721,24.4492,11.4162],[-110.3783,24.4495,3.9735],[-110.3776,24.4473,9.3174],[-110.3728,24.4475,35.5732],[-110.3705,24.4447,14.7217],[-110.3757,24.4411,22.4167],[-110.3614,24.4442,77.3478],[-110.3621,24.4414,105.6015],[-110.3675,24.4378,78.6794],[-110.3728,24.4365,12.2719],[-110.3721,24.4338,65.1965],[-110.3702,24.433,22.6707],[-110.3706,24.4292,0.0],[-110.3672,24.4348,0.8209],[-110.3623,24.4372,15.2597],[-110.3496,24.4334,0.0],[-110.347,24.43,17.0808],[-110.3546,24.4151,6.4929],[-110.3496,24.4183,36.4892],[-110.3449,24.4147,1.1126],[-110.3479,24.4127,4.1092],[-110.3487,24.409,2.4173],[-110.3522,24.4073,0.0],[-110.3514,24.4056,14.5274],[-110.3477,24.4018,3.3538],[-110.3387,24.4055,8.0304],[-110.3275,24.4028,1.2778],[-110.3258,24.4043,2.9156],[-110.3249,24.4112,15.9926],[-110.3184,24.4206,8.9378],[-110.308,24.4259,5.2053],[-110.3124,24.4344,0.0],[-110.3134,24.4402,0.0],[-110.3122,24.4491,0.6552],[-110.3096,24.4546,1.3964],[-110.3079,24.4562,1.239],[-110.2938,24.4587,0.0],[-110.2944,24.4612,2.8873],[-110.2921,24.4632,6.243],[-110.2891,24.4729,46.1689],[-110.2922,24.4773,0.0],[-110.2957,24.4767,40.8856],[-110.2994,24.4782,8.0596],[-110.3065,24.4872,1.9379],[-110.3071,24.4898,-1.3466],[-110.3023,24.4942,81.5465],[-110.3048,24.5027,22.2317],[-110.3074,24.5037,70.7809],[-110.3116,24.4983,122.7634],[-110.3132,24.5,47.2963],[-110.3182,24.5002,47.5474],[-110.3262,24.5063,27.3838],[-110.3336,24.5209,133.9288],[-110.3454,24.529,0.0]]],
[[[-110.3999,24.4838,24.5182],[-110.3983,24.4864,0.0],[-110.4032,24.4857,0.0],[-110.4093,24.482,0.8113],[-110.4079,24.4797,4.2429],[-110.4018,24.4817,4.2186],[-110.3999,24.4838,24.5182]]],
[[[-111.8434,24.5085,0.2434],[-111.8388,24.5103,0.0],[-111.841,24.5133,0.0],[-111.8457,24.5096,0.3548],[-111.8436,24.5102,0.2812],[-111.8447,24.5082,0.1833],[-111.8434,24.5085,0.2434]]],
[[[-111.5753,24.3745,0.6171],[-111.5784,24.3736,2.0216],[-111.5879,24.3779,0.6987],[-111.5973,24.3762,0.9984],[-111.6008,24.377,1.58],[-111.6029,24.3757,0.3154],[-111.6164,24.379,0.0],[-111.6452,24.3667,0.0],[-111.6512,24.376,0.0],[-111.6532,24.3765,0.0],[-111.6662,24.3648,0.5681],[-111.6711,24.3581,0.0],[-111.6697,24.3558,0.0],[-111.664,24.3543,0.0],[-111.5966,24.3687,0.0],[-111.5685,24.3666,0.0],[-111.5373,24.3606,1.1501],[-111.5152,24.3539,1.3374],[-111.4565,24.3294,0.3748],[-111.4519,24.3283,0.9302],[-111.4498,24.3298,0.8819],[-111.4672,24.3363,0.7693],[-111.4836,24.3446,0.0],[-111.4899,24.3459,1.4788],[-111.4929,24.349,0.0],[-111.5058,24.3559,0.0],[-111.5137,24.3569,1.9433],[-111.5143,24.3592,0.0],[-111.5262,24.362,1.897],[-111.5328,24.3664,1.2732],[-111.5444,24.3675,0.0],[-111.5479,24.3661,0.0],[-111.5568,24.3684,0.3327],[-111.5615,24.3718,2.1728],[-111.5634,24.3753,0.422],[-111.5671,24.3763,0.0],[-111.5706,24.3766,0.7494],[-111.5753,24.3745,0.6171]]],
[[[-111.5643,24.4051,0.446],[-111.5641,24.404,0.446],[-111.5625,24.4036,0.0],[-111.5628,24.4053,1.1551],[-111.5643,24.4051,0.446]]],
[[[-111.5427,24.4093,0.0],[-111.5437,24.4105,0.7178],[-111.5454,24.4094,0.0],[-111.5419,24.4084,0.0],[-111.5427,24.4093,0.0]]],
[[[-111.5493,24.4058,1.0708],[-111.5475,24.4042,1.098],[-111.5445,24.4055,0.0],[-111.5474,24.408,0.0],[-111.5493,24.4058,1.0708]]],
[[[-110.3907,24.5902,58.6991],[-110.3983,24.5913,15.2314],[-110.3921,24.5883,82.1245],[-110.3934,24.5846,157.7548],[-110.3953,24.5847,135.3203],[-110.3954,24.5882,132.3508],[-110.4019,24.5858,7.7796],[-110.4005,24.5826,17.0165],[-110.3951,24.5808,20.9795],[-110.3959,24.5827,91.1719],[-110.3929,24.5835,139.924],[-110.3913,24.5817,88.5189],[-110.393,24.581,58.3035],[-110.3918,24.5764,206.4786],[-110.3978,24.5776,124.6184],[-110.3994,24.5804,58.7473],[-110.4107,24.5733,49.8313],[-110.4155,24.5648,0.0],[-110.4037,24.5703,51.4298],[-110.4057,24.5663,0.0],[-110.3973,24.565,113.8098],[-110.4026,24.5615,13.8896],[-110.3856,24.5647,71.7444],[-110.3846,24.5626,128.8442],[-110.3937,24.5588,30.1263],[-110.3935,24.5609,3.1082],[-110.3967,24.5572,9.3594],[-110.4005,24.5563,28.5405],[-110.4014,24.5542,55.5557],[-110.4112,24.5539,0.0],[-110.4096,24.552,0.0],[-110.406,24.5534,8.2436],[-110.4041,24.5523,19.7642],[-110.4096,24.5479,5.799],[-110.4065,24.5464,46.4317],[-110.4079,24.5445,6.2347],[-110.4066,24.5448,7.106],[-110.3899,24.5522,50.8363],[-110.3839,24.5571,31.5993],[-110.3803,24.5546,21.6734],[-110.3806,24.5572,28.1767],[-110.3744,24.5596,188.7744],[-110.3784,24.5538,21.6734],[-110.3749,24.5518,2.5004],[-110.3771,24.5477,110.342],[-110.3836,24.5464,108.7518],[-110.3991,24.5363,0.0],[-110.3968,24.5359,12.6842],[-110.3833,24.5418,111.9868],[-110.3855,24.5361,162.8335],[-110.3897,24.5357,115.3852],[-110.3931,24.5332,0.0],[-110.3843,24.5315,0.0],[-110.3817,24.5391,22.1115],[-110.3799,24.5404,0.0],[-110.3776,24.5398,1.3884],[-110.374,24.5344,15.8556],[-110.3691,24.5344,7.1062],[-110.3678,24.5311,0.0],[-110.3662,24.5372,27.1885],[-110.3608,24.543,58.87],[-110.3613,24.5538,8.5524],[-110.3645,24.551,191.4637],[-110.37,24.5504,103.6541],[-110.3673,24.5618,0.0],[-110.3714,24.5627,27.4417],[-110.3727,24.5662,51.4004],[-110.3758,24.5686,28.1231],[-110.3786,24.569,77.1269],[-110.3795,24.5675,131.7796],[-110.3814,24.5686,126.5863],[-110.3798,24.5782,16.2744],[-110.3807,24.5828,36.462],[-110.3866,24.5889,0.0],[-110.3907,24.5902,58.6991]]],
[[[-110.5801,24.8531,1.5349],[-110.5804,24.8535,1.5349],[-110.5812,24.853,1.5349],[-110.5805,24.8523,1.5349],[-110.5801,24.8531,1.5349]]],
[[[-110.6054,24.8434,0.0],[-110.6053,24.8432,0.0],[-110.6052,24.8431,0.0],[-110.6051,24.8435,0.0],[-110.6054,24.8434,0.0]]],
[[[-112.1817,24.9157,0.0],[-112.1836,24.9204,1.2441],[-112.1891,24.9178,1.9106],[-112.19,24.9146,1.4939],[-112.1886,24.9135,0.0],[-112.188,24.9155,3.4501],[-112.1853,24.9137,0.0],[-112.1817,24.9157,0.0]]],
[[[-112.1907,24.8937,0.6927],[-112.1909,24.8927,0.6927],[-112.1877,24.8913,0.5815],[-112.1879,24.892,0.5815],[-112.1907,24.8937,0.6927]]],
[[[-112.2269,24.8318,1.6326],[-112.2272,24.8328,0.0],[-112.229,24.8317,0.6306],[-112.2278,24.8308,1.6326],[-112.2269,24.8318,1.6326]]],
[[[-110.6038,24.8759,0.0],[-110.6038,24.8743,0.0],[-110.6033,24.8737,0.0],[-110.6036,24.8772,0.0],[-110.6038,24.8759,0.0]]],
[[[-112.1671,24.9075,0.0],[-112.1678,24.9053,0.0],[-112.1639,24.908,0.0],[-112.1647,24.9103,0.0],[-112.1661,24.9092,0.0],[-112.1671,24.9075,0.0]]],
[[[-112.1125,24.9119,0.0],[-112.1154,24.9137,0.2382],[-112.1148,24.9176,0.229],[-112.1171,24.9188,1.0093],[-112.117,24.9122,0.2382],[-112.1146,24.9105,0.7055],[-112.1125,24.9119,0.0]]],
[[[-112.1737,24.8855,0.0],[-112.17529999999999,24.8865,0.0],[-112.173,24.882,0.0],[-112.1736,24.8849,0.3547],[-112.1737,24.8855,0.0]]],
[[[-112.1736,24.8877,0.3001],[-112.1739,24.8883,0.3001],[-112.1749,24.8881,0.4734],[-112.1748,24.8872,0.4734],[-112.1736,24.8877,0.3001]]],
[[[-112.1354,24.8652,1.5599],[-112.1326,24.8576,1.5913],[-112.1312,24.8617,0.0],[-112.1366,24.8668,0.6239],[-112.1354,24.8652,1.5599]]],
[[[-112.1752,24.8656,0.0],[-112.1769,24.865,0.0],[-112.1762,24.8605,0.4153],[-112.1755,24.8612,0.4153],[-112.1752,24.8656,0.0]]],
[[[-112.1404,24.8717,0.4444],[-112.1383,24.8692,0.0],[-112.1372,24.8699,0.0],[-112.1392,24.873,0.7312],[-112.1404,24.8717,0.4444]]],
[[[-112.1329,24.8803,0.0],[-112.1362,24.8805,0.0],[-112.1357,24.8766,0.0],[-112.133,24.8787,0.0],[-112.1329,24.8803,0.0]]],
[[[-112.1771,24.9309,0.0],[-112.1771,24.9287,0.0],[-112.1761,24.9275,0.5552],[-112.1754,24.9299,0.2357],[-112.1771,24.9309,0.0]]],
[[[-112.1747,24.934,0.0],[-112.1768,24.9331,1.4648],[-112.1744,24.9319,0.0],[-112.1733,24.933,1.9181],[-112.1747,24.934,0.0]]],
[[[-112.1549,24.97,1.7613],[-112.1571,24.9676,1.397],[-112.154,24.9686,0.0],[-112.1537,24.97,0.0],[-112.1549,24.97,1.7613]]],
[[[-112.1205,24.9621,0.3191],[-112.1203,24.9646,0.682],[-112.1186,24.9649,0.0],[-112.12,24.9666,0.4574],[-112.1235,24.9642,0.0],[-112.126,24.9598,0.2237],[-112.1219,24.9601,0.3763],[-112.1205,24.9621,0.3191]]],
[[[-112.1066,24.9995,0.4199],[-112.1014,25.0009,0.6772],[-112.1005,25.0029,0.0],[-112.1031,25.0046,0.7397],[-112.1031,25.0064,0.4589],[-112.105,25.0061,0.9379],[-112.1066,24.9995,0.4199]]],
[[[-112.1496,25.031,0.9949],[-112.1471,25.0343,0.0],[-112.1495,25.0399,2.1434],[-112.1464,25.0442,0.3732],[-112.1485,25.0467,2.9095],[-112.1471,25.0502,0.0],[-112.1546,25.0479,0.4478],[-112.1581,25.0409,1.3436],[-112.1625,25.0378,0.0],[-112.1621,25.0357,2.6072],[-112.1529,25.0285,1.1794],[-112.1536,25.0225,0.8362],[-112.1508,25.026,1.0024],[-112.1516,25.0303,1.2928],[-112.1496,25.031,0.9949]]],
[[[-112.1615,24.9226,0.0],[-112.1617,24.9231,0.0],[-112.1626,24.923,0.0],[-112.1617,24.9216,0.0],[-112.1615,24.9226,0.0]]],
[[[-112.1707,24.9216,0.0],[-112.1677,24.9179,0.8387],[-112.164,24.9165,0.0],[-112.1656,24.9186,3.3774],[-112.1616,24.9249,0.0],[-112.1621,24.9263,0.0],[-112.1689,24.9291,0.0],[-112.1704,24.9278,1.4348],[-112.168,24.9256,2.1031],[-112.1706,24.9253,1.876],[-112.1707,24.9216,0.0]]],
[[[-112.1018,24.9352,0.0],[-112.102,24.9347,0.0],[-112.1008,24.9335,0.0],[-112.1008,24.934,0.0],[-112.1018,24.9352,0.0]]],
[[[-112.0809,24.9456,0.0],[-112.0796,24.9445,0.7887],[-112.0783,24.9446,0.7887],[-112.0801,24.9467,0.5477],[-112.0809,24.9456,0.0]]],
[[[-112.1186,24.9534,0.0],[-112.1168,24.9534,0.0],[-112.1168,24.9545,0.0],[-112.1198,24.958,0.4113],[-112.1217,24.9579,0.0],[-112.1311,24.9473,0.3089],[-112.1314,24.9449,0.4639],[-112.1223,24.9365,0.3248],[-112.1196,24.941,0.8636],[-112.1215,24.9455,0.5039],[-112.1239,24.9464,2.7917],[-112.1234,24.9479,1.5306],[-112.12,24.947,0.0],[-112.1207,24.9491,2.2101],[-112.1182,24.9474,0.7101],[-112.1186,24.9534,0.0]]],
[[[-111.9532,24.7543,0.3683],[-111.9499,24.7536,0.0],[-111.9479,24.7566,0.0],[-111.9514,24.7565,0.0],[-111.9514,24.7547,0.0],[-111.9532,24.7543,0.3683]]],
[[[-112.10331,24.717288,0.5147],[-112.1024,24.7163,0.0],[-112.1032,24.7172,0.5147],[-112.10331,24.717288,0.5147]]],
[[[-112.10331,24.717288,0.5147],[-112.1059,24.7201,0.8339],[-112.1081,24.7193,0.0],[-112.1047,24.7184,0.5147],[-112.10331,24.717288,0.5147]]],
[[[-112.033,24.7619,0.5332],[-112.0345,24.7608,0.5332],[-112.0339,24.7591,0.7077],[-112.0327,24.7599,0.6899],[-112.033,24.7619,0.5332]]],
[[[-111.971,24.7734,2.531],[-111.9692,24.7721,2.531],[-111.9677,24.7724,0.5451],[-111.9701,24.7747,0.5709],[-111.971,24.7734,2.531]]],
[[[-112.0454,24.7818,0.0],[-112.0457,24.7808,0.0],[-112.0444,24.7807,0.5807],[-112.0442,24.7815,0.5807],[-112.0454,24.7818,0.0]]],
[[[-112.0685,24.7599,2.8141],[-112.0704,24.763,0.8801],[-112.0741,24.7635,0.0],[-112.0712,24.7578,1.2561],[-112.068,24.7557,0.5631],[-112.067,24.7571,0.0],[-112.0685,24.7599,2.8141]]],
[[[-111.9715,24.7873,1.7713],[-111.9687,24.7889,0.0],[-111.9689,24.7909,0.0],[-111.9705,24.7914,0.4039],[-111.9738,24.7886,0.0],[-111.9715,24.7873,1.7713]]],
[[[-112.0465,24.7945,0.6768],[-112.0442,24.7973,0.8976],[-112.0495,24.7965,0.7367],[-112.0487,24.7938,2.8697],[-112.0465,24.7945,0.6768]]],
[[[-112.0346,24.7975,0.7352],[-112.0326,24.7986,0.0],[-112.0311,24.8027,0.0],[-112.0335,24.8043,0.0],[-112.0368,24.8025,0.6973],[-112.037,24.8002,0.0],[-112.0346,24.7975,0.7352]]],
[[[-112.0431,24.8157,0.0],[-112.0438,24.8158,0.0],[-112.0435,24.8146,0.0],[-112.0426,24.815,0.0],[-112.0431,24.8157,0.0]]],
[[[-112.2096,24.8217,0.0],[-112.2107,24.82,0.9128],[-112.2085,24.8194,0.3746],[-112.2081,24.8203,0.3746],[-112.2096,24.8217,0.0]]],
[[[-112.2149,24.824,0.0],[-112.2171,24.8233,1.3154],[-112.2171,24.8219,0.0],[-112.2159,24.8225,0.8638],[-112.2149,24.824,0.0]]],
[[[-110.5667,24.8366,0.0],[-110.567,24.8428,0.9951],[-110.5712,24.8433,0.3214],[-110.5764,24.8387,37.1216],[-110.5829,24.836,6.9631],[-110.5829,24.8334,38.1762],[-110.5869,24.8279,0.0],[-110.5826,24.8262,4.4385],[-110.5821,24.8224,0.0],[-110.5761,24.822,4.7866],[-110.5771,24.8204,0.0],[-110.572,24.8236,23.9867],[-110.5677,24.8229,1.1826],[-110.5649,24.8193,6.6812],[-110.5657,24.8167,5.6665],[-110.5679,24.8169,0.5696],[-110.5681,24.8156,0.5696],[-110.5642,24.8145,12.9624],[-110.5608,24.8226,5.9751],[-110.5618,24.8256,9.4731],[-110.5684,24.8275,1.6583],[-110.5667,24.8366,0.0]]],
[[[-110.9538,25.3287,0.0],[-110.9534,25.3286,0.0],[-110.953,25.3288,0.0],[-110.9546,25.329,2.1175],[-110.9538,25.3287,0.0]]],
[[[-112.0832,25.3225,1.9532],[-112.0809,25.3233,1.2417],[-112.0811,25.3247,0.8909],[-112.0856,25.3226,0.377],[-112.0861,25.3211,0.5677],[-112.0844,25.3224,0.377],[-112.0832,25.3225,1.9532]]],
[[[-112.1073,25.3073,3.0145],[-112.1075,25.3094,2.7669],[-112.1034,25.3159,0.0],[-112.1105,25.3112,1.8316],[-112.1094,25.3099,2.1017],[-112.1121,25.3099,1.4473],[-112.1124,25.3076,2.9608],[-112.1068,25.3062,1.6027],[-112.1073,25.3073,3.0145]]],
[[[-112.1108,25.3135,3.0889],[-112.1121,25.3111,1.2751],[-112.1087,25.3125,0.0],[-112.1054,25.3185,0.0],[-112.1091,25.3145,0.0],[-112.1108,25.3135,3.0889]]],
[[[-112.0955,25.312,1.0972],[-112.0952,25.3104,0.0],[-112.0914,25.3107,0.0],[-112.0943,25.3126,0.0],[-112.0955,25.312,1.0972]]],
[[[-112.0896,25.3132,1.1505],[-112.0863,25.3114,0.0],[-112.0895,25.3152,1.5664],[-112.0906,25.3145,0.0],[-112.0896,25.3132,1.1505]]],
[[[-112.0882,25.3209,0.5214],[-112.0899,25.3248,0.7712],[-112.0923,25.3256,0.0],[-112.0901,25.3236,0.9889],[-112.0905,25.3215,0.0],[-112.0882,25.3209,0.5214]]],
[[[-112.0905,25.3184,0.0],[-112.0878,25.3168,0.4079],[-112.0858,25.319,0.7633],[-112.0871,25.3197,0.0],[-112.0905,25.3184,0.0]]],
[[[-112.0968,25.3213,0.3849],[-112.0946,25.3179,0.0],[-112.0928,25.3186,0.5574],[-112.0924,25.3263,0.0],[-112.0975,25.3288,0.0],[-112.0982,25.323,1.1776],[-112.0968,25.3213,0.3849]]],
[[[-112.1026,25.2914,0.9951],[-112.1096,25.2933,0.8732],[-112.1106,25.2921,0.8732],[-112.1061,25.2898,1.7845],[-112.1042,25.2844,0.5008],[-112.0989,25.2848,1.646],[-112.0982,25.2822,2.1461],[-112.0964,25.2827,0.5323],[-112.0965,25.2852,0.6682],[-112.0988,25.2866,2.0522],[-112.099,25.2913,1.0306],[-112.1026,25.2914,0.9951]]],
[[[-112.0894,25.2984,1.7346],[-112.0933,25.301,0.0],[-112.0916,25.2952,0.5257],[-112.0899,25.2957,1.6146],[-112.0894,25.2984,1.7346]]],
[[[-112.0907,25.3022,2.8342],[-112.0896,25.3051,1.2979],[-112.0905,25.3069,0.975],[-112.0953,25.3067,0.0],[-112.0935,25.3024,2.5883],[-112.0907,25.3022,2.8342]]],
[[[-112.0986,25.2942,1.3057],[-112.0975,25.2965,0.5363],[-112.1012,25.2947,2.5329],[-112.107,25.2959,0.0],[-112.1086,25.2943,1.2281],[-112.1056,25.2923,2.1385],[-112.0986,25.2942,1.3057]]],
[[[-112.0967,25.3129,2.9434],[-112.0964,25.3149,0.8156],[-112.0986,25.3167,0.9029],[-112.0986,25.3213,0.3849],[-112.1052,25.3109,2.2438],[-112.103,25.3066,2.0858],[-112.106,25.3068,1.6027],[-112.105,25.303,0.97],[-112.112,25.3066,1.1258],[-112.111,25.3049,1.4299],[-112.1127,25.3039,1.4299],[-112.1122,25.2975,1.9143],[-112.1059,25.2998,2.0071],[-112.096,25.2991,3.3011],[-112.0951,25.3011,2.3349],[-112.0994,25.304,1.5599],[-112.1002,25.3068,0.4003],[-112.0964,25.3113,1.0972],[-112.0967,25.3129,2.9434]]],
[[[-110.7032,25.1024,0.0],[-110.707,25.105,27.1768],[-110.7107,25.1006,3.5232],[-110.71,25.0991,3.9545],[-110.7084,25.0995,142.1039],[-110.7101,25.0974,0.0],[-110.7082,25.0951,93.0413],[-110.712,25.086,0.0],[-110.7125,25.0651,3.3542],[-110.7171,25.054,21.978],[-110.7154,25.0478,70.1178],[-110.7156,25.0388,0.0],[-110.7127,25.0305,0.2383],[-110.7049,25.0311,21.8718],[-110.6966,25.0217,5.4303],[-110.6833,25.0212,0.9809],[-110.678,25.0173,22.5146],[-110.6734,25.0069,17.8036],[-110.6727,24.9903,2.8517],[-110.6641,24.9813,22.8145],[-110.6624,24.9748,4.4487],[-110.6579,24.9709,85.0332],[-110.6598,24.9639,4.1684],[-110.655,24.9535,1.0843],[-110.6553,24.9484,1.4532],[-110.6537,24.9461,1.3288],[-110.6482,24.9453,0.0],[-110.6424,24.9412,4.1015],[-110.6353,24.9295,6.7056],[-110.6353,24.9264,0.1123],[-110.6399,24.9211,0.0],[-110.6378,24.9197,6.3416],[-110.6354,24.9216,-1.0],[-110.6367,24.9179,6.9824],[-110.6338,24.9194,-1.0],[-110.6292,24.9179,0.2637],[-110.6395,24.9154,1.2785],[-110.6408,24.9168,0.278],[-110.6362,24.9171,6.9824],[-110.6368,24.9175,6.9824],[-110.6413,24.9171,19.66],[-110.6414,24.9141,0.4238],[-110.6253,24.9161,1.3389],[-110.6173,24.9153,0.0],[-110.6103,24.9105,18.1217],[-110.6104,24.908,1.8907],[-110.5993,24.904,9.6315],[-110.5866,24.8943,0.0],[-110.5736,24.888,1.3159],[-110.5722,24.8817,0.186],[-110.5734,24.8779,0.952],[-110.5828,24.8667,0.5568],[-110.5903,24.8657,0.4275],[-110.5884,24.8648,0.0],[-110.583,24.8659,0.5568],[-110.5786,24.8646,1.1099],[-110.5693,24.8724,0.0],[-110.5626,24.8734,0.0],[-110.5525,24.8721,0.0],[-110.5308,24.8773,47.4475],[-110.5263,24.8833,14.5722],[-110.5323,24.8877,0.0],[-110.534,24.893,0.0],[-110.5391,24.8968,63.8465],[-110.5471,24.9083,3.8898],[-110.5501,24.914,0.8937],[-110.5525,24.925,42.6584],[-110.5576,24.9295,52.9598],[-110.5579,24.9356,0.0],[-110.5611,24.938,27.0033],[-110.5615,24.9411,4.0686],[-110.5699,24.9527,82.0821],[-110.571,24.9597,21.5245],[-110.5662,24.9799,11.3592],[-110.5661,24.9881,24.2315],[-110.569,24.9978,0.0],[-110.5732,25.0005,0.0],[-110.5755,25.0048,0.8827],[-110.5763,25.0076,10.3593],[-110.5741,25.0092,0.6835],[-110.5757,25.01,0.6835],[-110.5746,25.0111,0.0],[-110.5759,25.0126,0.0],[-110.5749,25.0156,0.0],[-110.5776,25.0153,24.3912],[-110.5787,25.0172,0.0],[-110.5823,25.018,9.5006],[-110.5836,25.0202,0.8453],[-110.5824,25.0221,0.0],[-110.5888,25.0231,30.0282],[-110.5903,25.0254,4.5225],[-110.5893,25.0312,2.453],[-110.5966,25.0342,21.1339],[-110.6025,25.0388,0.0],[-110.6132,25.0396,24.0203],[-110.6455,25.049,0.0],[-110.6688,25.052,50.329],[-110.6813,25.0614,9.0327],[-110.6887,25.0715,3.2446],[-110.6926,25.0802,36.7413],[-110.6943,25.0931,12.5102],[-110.6976,25.0985,23.084],[-110.7032,25.1024,0.0]]],
[[[-112.1384,25.0538,0.0],[-112.137,25.0521,1.4019],[-112.1346,25.0509,2.3638],[-112.1369,25.055,0.0],[-112.1384,25.0538,0.0]]],
[[[-112.1437,25.0548,0.4928],[-112.1404,25.0567,0.6454],[-112.1431,25.0574,0.0],[-112.1452,25.0554,0.6626],[-112.1437,25.0548,0.4928]]],
[[[-112.1239,25.2594,1.0073],[-112.1268,25.2605,1.115],[-112.1252,25.2639,0.0],[-112.1278,25.2696,0.0],[-112.1282,25.2676,0.0],[-112.1346,25.2652,0.0],[-112.1384,25.2602,0.0],[-112.1532,25.1883,1.6752],[-112.1916,25.0577,0.0],[-112.206,25.0136,1.662],[-112.2367,24.9322,0.0],[-112.2748,24.8402,1.5246],[-112.2882,24.8139,0.0],[-112.2959,24.8097,6.1108],[-112.302,24.8094,0.1386],[-112.3001,24.8051,7.4748],[-112.3036,24.8005,0.5553],[-112.3043,24.7949,23.4481],[-112.297,24.789,1.447],[-112.2906,24.7876,11.6235],[-112.2861,24.7808,4.3011],[-112.2822,24.7803,0.0],[-112.2772,24.7766,20.5455],[-112.2727,24.7718,5.9741],[-112.2724,24.7656,0.0],[-112.2693,24.759,62.3282],[-112.2595,24.7502,0.0],[-112.2596,24.7551,4.7171],[-112.2581,24.7564,0.0],[-112.2594,24.7684,1.1693],[-112.2615,24.7727,18.5274],[-112.2607,24.7819,0.0],[-112.2622,24.7867,3.2571],[-112.2605,24.7906,2.3274],[-112.2587,24.7899,1.9983],[-112.2607,24.7836,0.0],[-112.2588,24.7824,0.0],[-112.2488,24.7889,0.3404],[-112.2353,24.7901,0.0],[-112.2161,24.7873,6.9935],[-112.1898,24.7757,2.7641],[-112.1748,24.7653,0.0],[-112.1521,24.745,1.6565],[-112.1431,24.7333,1.2208],[-112.1392,24.7237,0.0],[-112.1352,24.7007,3.9896],[-112.1363,24.6847,2.7424],[-112.1419,24.6714,0.0],[-112.1473,24.667,7.5619],[-112.1508,24.6665,5.0967],[-112.1542,24.6704,2.0648],[-112.161,24.6729,0.9339],[-112.1663,24.6708,0.8572],[-112.1677,24.6606,12.4121],[-112.1746,24.6533,1.9733],[-112.1741,24.6521,1.9733],[-112.1691,24.6475,15.9192],[-112.1575,24.6443,18.2005],[-112.157,24.6414,4.2288],[-112.1587,24.6396,0.0],[-112.1564,24.6385,0.0],[-112.1499,24.6269,0.0],[-112.1472,24.6259,93.3275],[-112.1456,24.6209,33.0113],[-112.1368,24.62,6.3631],[-112.1303,24.6167,2.3798],[-112.1223,24.6072,6.2223],[-112.1159,24.6023,17.5016],[-112.1016,24.5777,19.7214],[-112.099,24.5617,5.6526],[-112.1016,24.5593,8.6243],[-112.0967,24.5559,2.9637],[-112.0963,24.5534,0.2391],[-112.0942,24.554,32.3554],[-112.0931,24.5514,0.6924],[-112.0893,24.5509,10.3607],[-112.0875,24.5479,0.0],[-112.0861,24.5493,64.5594],[-112.0767,24.5452,15.7896],[-112.076,24.5427,0.0],[-112.0748,24.544,29.131],[-112.0719,24.5424,3.4937],[-112.0694,24.5437,15.6135],[-112.0685,24.5409,0.6994],[-112.06,24.5418,7.673],[-112.0594,24.5399,0.0],[-112.0583,24.5406,4.697],[-112.0556,24.5387,0.0],[-112.055,24.5404,0.0],[-112.0598,24.5451,20.6058],[-112.0577,24.5487,0.0],[-112.0577,24.5556,1.4072],[-112.0625,24.5643,0.0],[-112.073,24.5747,1.3886],[-112.0717,24.5857,0.0],[-112.0784,24.5852,30.66],[-112.1042,24.6171,0.0],[-112.1167,24.6241,0.0],[-112.135,24.6307,0.0],[-112.1385,24.6348,3.8353],[-112.1408,24.6447,3.9633],[-112.1435,24.6487,0.0],[-112.1429,24.6518,0.3853],[-112.1381,24.6594,1.3994],[-112.1352,24.661,0.0],[-112.1332,24.6668,0.0],[-112.1237,24.6768,0.0],[-112.1161,24.6884,0.0],[-112.1216,24.7043,0.0],[-112.1241,24.7071,0.0],[-112.1264,24.7062,0.4733],[-112.1301,24.7096,3.4385],[-112.1288,24.7166,0.0],[-112.1311,24.7203,1.0905],[-112.1305,24.7245,0.3067],[-112.1346,24.7364,0.0],[-112.1714,24.7663,0.7768],[-112.1739,24.7728,2.0183],[-112.1691,24.7755,2.2787],[-112.1687,24.7741,0.0],[-112.1664,24.774,0.4326],[-112.1654,24.7769,2.5653],[-112.1792,24.7922,3.7319],[-112.1741,24.7917,0.0],[-112.1716,24.7937,-0.1303],[-112.1871,24.7969,2.7975],[-112.1845,24.7994,1.4847],[-112.1848,24.8008,2.8676],[-112.1784,24.798,0.0],[-112.1889,24.8065,0.6222],[-112.1934,24.8033,0.7117],[-112.1919,24.8017,2.144],[-112.1941,24.8017,2.6738],[-112.1983,24.8064,0.9842],[-112.196,24.8084,0.8968],[-112.1906,24.8073,1.1284],[-112.189,24.8087,-0.1345],[-112.1995,24.8129,1.0153],[-112.2069,24.8185,0.7076],[-112.211,24.8194,0.9128],[-112.2116,24.8212,0.9005],[-112.2099,24.823,0.706],[-112.2143,24.8233,0.8638],[-112.2173,24.8206,0.0],[-112.2235,24.8304,0.0],[-112.2298,24.8291,0.9459],[-112.2296,24.832,0.6306],[-112.2311,24.8337,2.0598],[-112.2266,24.8339,2.7468],[-112.2262,24.8311,0.0],[-112.2236,24.8329,2.2798],[-112.2218,24.8291,1.9885],[-112.2175,24.8255,1.6676],[-112.2156,24.8265,1.0741],[-112.2132,24.8246,0.9423],[-112.2091,24.8252,0.0],[-112.2103,24.8382,1.0571],[-112.215,24.8427,0.0],[-112.2171,24.8424,0.5128],[-112.2152,24.8436,0.0],[-112.2117,24.8429,0.077],[-112.2126,24.8445,0.3683],[-112.224,24.8437,2.6939],[-112.2254,24.8449,0.6573],[-112.2178,24.8456,1.578],[-112.2245,24.8471,0.8626],[-112.2305,24.8448,0.3532],[-112.2307,24.8464,0.4051],[-112.223,24.8478,0.7618],[-112.2247,24.8524,2.9377],[-112.2222,24.8523,1.7304],[-112.2214,24.8474,2.2936],[-112.2147,24.8464,0.0],[-112.2181,24.85,3.9433],[-112.2156,24.8486,0.0],[-112.2171,24.8516,0.6661],[-112.2142,24.852,0.2724],[-112.2173,24.8523,0.2658],[-112.2171,24.854,1.8518],[-112.2136,24.8537,0.0],[-112.2092,24.8567,0.0],[-112.2083,24.8614,1.3521],[-112.2026,24.8627,1.0998],[-112.2051,24.8693,1.2871],[-112.1967,24.8699,1.502],[-112.1935,24.8615,0.0],[-112.1918,24.8663,2.7396],[-112.1798,24.87,0.0],[-112.1771,24.8741,1.1447],[-112.1828,24.8794,0.2523],[-112.1807,24.8812,3.2657],[-112.1779,24.8768,0.0],[-112.1776,24.8798,2.2296],[-112.1762,24.8805,0.0],[-112.1774,24.8823,0.0],[-112.1862,24.8848,1.2787],[-112.1918,24.8895,2.9069],[-112.1972,24.9181,2.1956],[-112.1938,24.9193,1.8216],[-112.1909,24.9169,1.0436],[-112.1877,24.9232,1.5387],[-112.1844,24.9217,0.0],[-112.182,24.9234,0.6028],[-112.1778,24.9216,1.0031],[-112.178,24.9166,1.7519],[-112.1807,24.9149,1.8351],[-112.1763,24.9119,2.8446],[-112.1822,24.9136,0.847],[-112.1853,24.91,0.0],[-112.1818,24.9068,3.2546],[-112.1871,24.9082,0.5548],[-112.1874,24.9124,0.0],[-112.1931,24.911,0.384],[-112.1939,24.9093,0.0],[-112.1921,24.9089,2.4624],[-112.1931,24.9051,1.4141],[-112.191,24.9036,1.7908],[-112.1921,24.8992,0.2247],[-112.1902,24.8977,0.8769],[-112.1888,24.8988,3.2715],[-112.1892,24.8974,0.8769],[-112.1872,24.8956,1.904],[-112.1889,24.8936,1.2204],[-112.1764,24.8873,0.4734],[-112.1764,24.8901,0.3746],[-112.1737,24.8934,1.0332],[-112.1783,24.8986,1.6745],[-112.172,24.8986,0.0],[-112.1685,24.9088,1.2366],[-112.1672,24.9093,1.2366],[-112.1685,24.9111,1.5199],[-112.1659,24.9117,0.4813],[-112.1744,24.9185,2.5052],[-112.17529999999999,24.9217,2.413],[-112.1846,24.9313,0.8958],[-112.1857,24.9365,1.9034],[-112.1845,24.9374,0.0],[-112.187,24.9392,1.8712],[-112.1849,24.9395,0.0],[-112.1889,24.954,0.0],[-112.186,24.9627,1.2773],[-112.1737,24.9697,1.0794],[-112.1672,24.9705,2.0239],[-112.1577,24.968,1.397],[-112.1536,24.9717,0.0],[-112.1561,24.9739,0.0],[-112.1569,24.9788,0.0],[-112.1619,24.9801,0.6265],[-112.1634,24.982,0.2145],[-112.1621,24.9858,0.0],[-112.1647,24.9888,1.0725],[-112.1639,24.9905,1.801],[-112.1585,24.9887,0.0],[-112.1556,24.9896,0.0],[-112.1579,24.9925,0.8599],[-112.1571,24.9946,1.0276],[-112.1627,25.0004,1.0046],[-112.1621,25.0038,0.0],[-112.1641,25.0043,0.3503],[-112.1617,25.0057,0.0],[-112.1643,25.0099,1.2936],[-112.1624,25.0098,0.0],[-112.1621,25.0204,0.0],[-112.1658,25.0219,2.1378],[-112.1656,25.0249,1.1472],[-112.1714,25.0307,0.0],[-112.1723,25.0367,0.0],[-112.1756,25.0362,0.904],[-112.1793,25.0403,1.2643],[-112.1791,25.0413,1.5714],[-112.1762,25.0401,0.5627],[-112.1761,25.0412,2.2195],[-112.1728,25.0386,0.0],[-112.1752,25.0414,2.2195],[-112.1715,25.0401,0.0],[-112.1708,25.0446,0.8688],[-112.1645,25.0538,1.4452],[-112.1625,25.0614,0.5098],[-112.1652,25.0618,1.2244],[-112.1658,25.064,0.719],[-112.1668,25.0627,1.2569],[-112.1707,25.0636,3.0304],[-112.1648,25.0655,2.1432],[-112.1656,25.0672,1.4431],[-112.1621,25.0654,0.0],[-112.1641,25.0689,0.0],[-112.1637,25.0759,0.0],[-112.1669,25.0821,2.6478],[-112.1658,25.0824,1.0934],[-112.1672,25.0898,1.9564],[-112.1656,25.0913,0.8577],[-112.1663,25.0982,0.7335],[-112.163,25.0994,0.8488],[-112.1638,25.1091,1.7104],[-112.159,25.1281,1.0607],[-112.1503,25.1533,1.6127],[-112.142,25.1662,0.6554],[-112.1331,25.1953,0.3261],[-112.1254,25.2083,0.8892],[-112.1226,25.2163,1.0067],[-112.1244,25.2318,0.1301],[-112.1228,25.2526,0.991],[-112.1239,25.2594,1.0073]]],
[[[-112.1525,25.0529,0.9556],[-112.1475,25.0543,0.0],[-112.1493,25.055,2.2155],[-112.1469,25.0561,0.0],[-112.1477,25.0625,0.0],[-112.154,25.0592,1.6768],[-112.1501,25.0539,0.7803],[-112.1533,25.0543,0.0],[-112.1525,25.0529,0.9556]]],
[[[-110.5111,25.1119,0.0],[-110.5095,25.112,1.6477],[-110.5097,25.1149,10.4111],[-110.5114,25.1147,7.6089],[-110.5111,25.1119,0.0]]],
[[[-112.1519,25.1299,1.2806],[-112.1533,25.1274,0.5744],[-112.1537,25.1251,0.0],[-112.1501,25.1311,0.0],[-112.1519,25.1299,1.2806]]],
[[[-112.1555,25.1099,0.3049],[-112.1561,25.1046,0.0],[-112.1541,25.1069,0.0],[-112.1548,25.1103,0.3049],[-112.1527,25.1128,0.4633],[-112.1545,25.1134,0.5949],[-112.1555,25.1099,0.3049]]],
[[[-110.7005,25.201,41.4332],[-110.7045,25.1942,1.0532],[-110.7008,25.1956,6.684],[-110.6958,25.1998,51.2929],[-110.6964,25.2057,0.0],[-110.7005,25.201,41.4332]]],
[[[-112.1106,25.2259,1.3746],[-112.1108,25.2241,2.4662],[-112.1092,25.2239,2.4662],[-112.1085,25.2266,0.0],[-112.1106,25.2259,1.3746]]],
[[[-112.112,25.2267,0.0],[-112.1105,25.2288,2.4068],[-112.1077,25.2291,2.0991],[-112.1074,25.2321,2.9961],[-112.1095,25.2323,2.798],[-112.1147,25.226,0.703],[-112.1144,25.2238,1.6666],[-112.1121,25.2239,0.3375],[-112.112,25.2267,0.0]]],
[[[-110.8625,25.129,0.0],[-110.8606,25.1281,0.0],[-110.86,25.1301,0.0],[-110.8625,25.1295,0.0],[-110.8625,25.129,0.0]]],
[[[-110.921,25.2467,0.0],[-110.9223,25.2477,0.0],[-110.9228,25.2472,0.0],[-110.9229,25.2467,0.0],[-110.921,25.2467,0.0]]],
[[[-112.0853,25.2478,1.8575],[-112.0838,25.2473,1.0694],[-112.0823,25.2489,0.0],[-112.086,25.2508,0.0],[-112.0853,25.2478,1.8575]]],
[[[-110.7001,25.3058,9.3162],[-110.7126,25.3043,98.4147],[-110.7276,25.2914,101.5737],[-110.7313,25.2825,142.1261],[-110.7309,25.2767,122.4933],[-110.7259,25.2653,144.2861],[-110.7259,25.2619,130.9728],[-110.7234,25.2604,13.9295],[-110.718,25.2609,87.5846],[-110.7095,25.268,0.0],[-110.7032,25.2914,31.3119],[-110.6933,25.3057,148.2083],[-110.7001,25.3058,9.3162]]],
[[[-112.0882,25.2616,0.3592],[-112.0856,25.2619,1.5998],[-112.09,25.2642,0.0],[-112.0928,25.2623,0.0],[-112.0923,25.2618,0.0],[-112.0882,25.2616,0.3592]]],
[[[-112.0893,25.2747,1.3235],[-112.0961,25.2786,1.3101],[-112.0978,25.2776,0.0],[-112.0973,25.276,0.5222],[-112.0895,25.2734,0.4094],[-112.0897,25.2722,0.4094],[-112.0915,25.2732,0.5989],[-112.0914,25.2716,1.6123],[-112.0883,25.2693,0.0],[-112.0886,25.2709,1.1836],[-112.0863,25.2717,2.7128],[-112.0858,25.2741,0.0],[-112.0893,25.2747,1.3235]]],
[[[-112.092,25.2477,0.3995],[-112.093,25.2495,2.2533],[-112.0909,25.2541,1.1448],[-112.0926,25.2561,0.466],[-112.0961,25.253,1.2472],[-112.1047,25.2516,2.7022],[-112.1051,25.2467,2.784],[-112.1067,25.2465,2.784],[-112.1079,25.2485,2.6594],[-112.1041,25.2526,0.6609],[-112.106,25.2536,0.4722],[-112.1141,25.2463,0.0],[-112.116,25.2425,0.0],[-112.1094,25.2401,1.6427],[-112.0994,25.2411,2.1508],[-112.0952,25.24,1.2569],[-112.0925,25.2427,1.7209],[-112.092,25.2477,0.3995]]],
[[[-112.0876,25.2547,0.2743],[-112.0896,25.2597,0.0],[-112.0928,25.2591,0.0],[-112.0932,25.257,0.466],[-112.0896,25.2568,1.7499],[-112.0875,25.2526,0.4927],[-112.0854,25.2526,0.0],[-112.0876,25.2547,0.2743]]],
[[[-112.0983,25.2719,1.729],[-112.1031,25.275,0.0],[-112.1057,25.27,0.0],[-112.1069,25.2565,0.0],[-112.1056,25.2552,0.0],[-112.1038,25.2549,0.9969],[-112.1044,25.258,1.2183],[-112.1009,25.2558,1.2395],[-112.1011,25.2599,1.583],[-112.0997,25.2611,0.0],[-112.1038,25.2643,2.9209],[-112.1046,25.2669,2.1917],[-112.1029,25.2682,2.3605],[-112.1011,25.2654,0.0],[-112.096,25.2642,0.4109],[-112.0949,25.2621,0.0],[-112.1014,25.2537,0.0],[-112.097,25.2567,0.7489],[-112.0942,25.2614,0.0],[-112.0951,25.2643,0.4109],[-112.1003,25.2661,0.0],[-112.1022,25.2696,0.0],[-112.1008,25.2718,2.2777],[-112.0989,25.2669,0.0],[-112.095,25.2659,1.1406],[-112.0932,25.2633,0.0],[-112.0908,25.2646,1.3326],[-112.0981,25.2699,1.2852],[-112.0934,25.2715,0.5909],[-112.0926,25.2739,0.5407],[-112.0983,25.2719,1.729]]],
[[[-112.0842,25.3318,0.0],[-112.0846,25.333,2.2971],[-112.0795,25.3338,1.9906],[-112.0777,25.3357,0.0],[-112.0876,25.3417,1.3187],[-112.0896,25.3416,1.1291],[-112.0967,25.335,0.0],[-112.0882,25.326,0.8997],[-112.0842,25.329,0.0],[-112.0842,25.3318,0.0]]],
[[[-112.0935,25.4887,0.0],[-112.0917,25.4894,0.0],[-112.0921,25.4944,0.0],[-112.0962,25.4947,0.0],[-112.0979,25.494,0.0],[-112.0974,25.4885,0.9842],[-112.1015,25.4883,0.6848],[-112.1047,25.4843,0.9005],[-112.1017,25.4767,4.25],[-112.1017,25.4576,2.4488],[-112.1155,25.3625,0.6314],[-112.1273,25.3119,2.978],[-112.1302,25.3053,2.1577],[-112.1371,25.2977,0.0],[-112.1356,25.2928,0.0],[-112.1295,25.2891,3.0359],[-112.1266,25.2835,0.0],[-112.1202,25.2808,0.0],[-112.1182,25.2826,0.0],[-112.1175,25.2888,0.0],[-112.1191,25.3008,0.0],[-112.1181,25.3071,3.0448],[-112.1125,25.3176,0.3949],[-112.1053,25.3244,3.2957],[-112.1035,25.3314,2.6464],[-112.1032,25.3396,2.3328],[-112.1083,25.3572,2.1343],[-112.1034,25.3603,1.5251],[-112.1043,25.3642,0.6852],[-112.1064,25.3658,1.5221],[-112.1042,25.3659,2.0566],[-112.1036,25.3685,2.9158],[-112.1066,25.3724,0.0],[-112.1096,25.3733,2.507],[-112.1096,25.3757,2.9453],[-112.1074,25.385,0.8691],[-112.1083,25.3875,2.4154],[-112.1051,25.3933,2.253],[-112.1048,25.4047,4.0842],[-112.099,25.4118,2.117],[-112.0973,25.4229,2.489],[-112.099,25.4236,2.6706],[-112.0967,25.4275,2.9496],[-112.0983,25.4323,2.159],[-112.0974,25.4337,2.159],[-112.1003,25.4387,2.2272],[-112.1008,25.4465,4.0444],[-112.0984,25.4547,0.0],[-112.099,25.4621,10.0264],[-112.0974,25.4641,3.0843],[-112.0991,25.472,1.678],[-112.099,25.4862,5.2842],[-112.0965,25.4862,0.0],[-112.0942,25.4875,0.0],[-112.0955,25.4885,0.0],[-112.0935,25.4887,0.0]]],
[[[-109.698,23.6705,1.1445],[-109.6953,23.6833,4.5171],[-109.6957,23.6904,2.0669],[-109.6971,23.6961,0.0],[-109.7001,23.7,0.7896],[-109.7008,23.711,0.0],[-109.7061,23.7186,7.5113],[-109.7085,23.7252,0.7819],[-109.7122,23.7289,12.808],[-109.7133,23.7381,2.4261],[-109.7104,23.7493,29.9721],[-109.7113,23.7599,3.8899],[-109.7096,23.7759,0.0],[-109.6994,23.799,1.1651],[-109.7086,23.8054,4.5713],[-109.7197,23.8164,2.6525],[-109.7231,23.8207,4.5675],[-109.7234,23.8242,0.0],[-109.7349,23.834,2.1888],[-109.7345,23.8371,1.1308],[-109.7368,23.841,2.1782],[-109.7492,23.8474,6.6357],[-109.7502,23.8514,1.1295],[-109.7543,23.8565,4.9422],[-109.758,23.8584,6.032],[-109.7607,23.8631,0.4722],[-109.7662,23.867,11.722],[-109.7728,23.8747,3.9956],[-109.7913,23.8848,5.4629],[-109.8016,23.8923,0.0],[-109.8047,23.8995,0.7678],[-109.8269,23.9129,23.3236],[-109.8341,23.9237,71.2883],[-109.8381,23.9337,23.3414],[-109.838,23.9422,1.5444],[-109.8403,23.9509,0.0],[-109.8367,23.9598,0.0],[-109.8377,23.9623,7.0604],[-109.8359,23.9642,12.8571],[-109.8358,23.9671,5.4253],[-109.8392,23.971,0.0],[-109.8362,23.9734,4.5409],[-109.8348,23.979,4.649],[-109.8368,23.981,1.0162],[-109.8357,23.9851,7.3723],[-109.8286,23.993,0.6717],[-109.8262,23.9935,1.1428],[-109.8242,23.991,5.3599],[-109.8177,23.9954,3.8199],[-109.8172,23.998,45.6877],[-109.8145,23.9996,0.0],[-109.8148,24.0028,37.1147],[-109.8122,24.0037,0.0],[-109.814,24.0071,1.8709],[-109.8129,24.0104,2.361],[-109.8063,24.0146,0.0],[-109.8045,24.0209,6.8831],[-109.8098,24.0315,7.0765],[-109.8183,24.0333,8.0677],[-109.8263,24.0411,15.3912],[-109.8253,24.0429,9.9699],[-109.8276,24.0511,3.373],[-109.827,24.0607,0.8283],[-109.8318,24.0615,1.0693],[-109.8453,24.0537,3.9226],[-109.8813,24.0385,4.6044],[-109.8941,24.0374,0.81],[-109.9297,24.0287,0.6302],[-109.9397,24.0321,0.0],[-109.9448,24.0321,0.0],[-109.9495,24.0368,4.2597],[-109.9703,24.0382,2.0474],[-109.9843,24.0437,5.3941],[-109.9886,24.0502,0.0],[-109.9897,24.0617,26.178],[-109.9885,24.0684,0.0],[-109.9923,24.0783,20.5434],[-109.9929,24.0897,5.9925],[-109.9918,24.0918,9.541],[-109.9938,24.108,6.7464],[-109.9994,24.1166,0.0],[-109.998,24.1298,0.891],[-110.0035,24.1377,0.0],[-110.0082,24.1594,77.3865],[-110.0163,24.1668,77.5802],[-110.0177,24.17,15.0797],[-110.0194,24.1683,123.78],[-110.0235,24.1691,26.2977],[-110.0233,24.1702,26.2977],[-110.0296,24.1715,7.3561],[-110.0316,24.176,1.7635],[-110.0405,24.1771,48.1828],[-110.0408,24.1787,48.1828],[-110.0418,24.177,100.4287],[-110.0447,24.1767,72.3216],[-110.0432,24.179,78.4173],[-110.0428,24.1778,71.9286],[-110.0412,24.1789,2.4055],[-110.0445,24.183,10.1718],[-110.0572,24.1902,9.7691],[-110.0592,24.1945,0.0],[-110.0639,24.1984,38.1149],[-110.0724,24.2,43.6512],[-110.0789,24.2095,1.1844],[-110.0886,24.2128,6.3858],[-110.0894,24.2158,0.0],[-110.1013,24.2169,10.5678],[-110.1127,24.2233,24.4881],[-110.1161,24.2272,0.0],[-110.1239,24.2259,23.9619],[-110.1264,24.2296,2.8304],[-110.1344,24.2343,5.5609],[-110.1374,24.2328,62.1046],[-110.1359,24.2348,5.5255],[-110.1377,24.236,3.309],[-110.1381,24.2403,36.9254],[-110.1418,24.2439,0.0],[-110.149,24.2453,5.8923],[-110.1519,24.2492,0.0],[-110.1671,24.2505,0.0],[-110.1752,24.253,66.0644],[-110.1784,24.2616,0.0],[-110.1819,24.263,30.6186],[-110.1848,24.269,8.3781],[-110.1845,24.2801,16.9062],[-110.1931,24.2929,5.7652],[-110.1991,24.2948,5.2722],[-110.2015,24.2973,1.0224],[-110.2069,24.2967,7.5571],[-110.2075,24.298,0.0],[-110.2127,24.2984,7.0454],[-110.2139,24.3013,4.3872],[-110.2171,24.3026,1.3422],[-110.2169,24.3059,0.0],[-110.2175,24.307,0.0],[-110.2182,24.3056,44.6168],[-110.2203,24.3103,14.9126],[-110.2271,24.3117,12.8336],[-110.2356,24.3173,0.0],[-110.2367,24.3205,16.8345],[-110.2357,24.3318,0.0],[-110.2307,24.3353,4.9419],[-110.2315,24.3402,4.1188],[-110.2342,24.3441,0.0],[-110.2417,24.3459,1.8107],[-110.2465,24.35,2.6149],[-110.2481,24.3462,3.8408],[-110.2506,24.3456,0.0],[-110.2692,24.3486,3.5019],[-110.2728,24.3518,3.8997],[-110.2776,24.3506,0.9248],[-110.2835,24.3534,2.8775],[-110.287,24.3508,0.0],[-110.2976,24.3524,0.0],[-110.3,24.3482,2.4841],[-110.2996,24.3451,5.3211],[-110.3061,24.3392,5.1635],[-110.3241,24.3361,7.0118],[-110.3328,24.329,17.3255],[-110.3307,24.3253,26.5535],[-110.3268,24.3273,102.681],[-110.3271,24.3256,27.9749],[-110.3303,24.324,26.5535],[-110.3277,24.3238,15.4006],[-110.3258,24.3213,2.832],[-110.3238,24.3216,0.0],[-110.3224,24.3193,8.83],[-110.3171,24.3229,4.2963],[-110.3151,24.3155,0.0],[-110.3154,24.3131,0.5678],[-110.3177,24.3132,11.7505],[-110.3203,24.3165,0.7385],[-110.3197,24.3187,0.0],[-110.3224,24.3159,0.7818],[-110.3229,24.3118,102.2713],[-110.3247,24.3114,102.2713],[-110.3264,24.313,71.2553],[-110.325,24.3125,71.2553],[-110.3237,24.315,3.197],[-110.3258,24.3164,1.1584],[-110.3304,24.313,108.4164],[-110.331,24.3172,0.0],[-110.3351,24.3153,68.1397],[-110.3374,24.3178,3.6072],[-110.3397,24.3162,9.2576],[-110.3372,24.313,13.0966],[-110.3334,24.3129,51.1807],[-110.3335,24.3108,75.8075],[-110.3351,24.3106,75.8075],[-110.3333,24.3095,60.9276],[-110.3368,24.3094,15.938],[-110.3357,24.3068,10.6108],[-110.3375,24.303,2.5574],[-110.3348,24.3033,2.4911],[-110.3325,24.306,0.7654],[-110.3326,24.3008,22.207],[-110.3271,24.3015,0.7582],[-110.3299,24.2963,30.2907],[-110.3342,24.2972,0.0],[-110.3372,24.2951,34.7436],[-110.3314,24.2907,9.8345],[-110.3304,24.2882,44.1251],[-110.3341,24.2846,0.0],[-110.3293,24.2855,31.5609],[-110.3268,24.2821,34.2732],[-110.3284,24.2786,7.7358],[-110.3338,24.2791,0.0],[-110.3373,24.2751,0.0],[-110.3369,24.265,7.2443],[-110.3355,24.2629,0.0],[-110.3364,24.2587,-0.005],[-110.3338,24.2562,0.043],[-110.3306,24.2573,0.0],[-110.3305,24.2598,0.0],[-110.3328,24.2611,0.0],[-110.3318,24.2635,0.0],[-110.3334,24.268,15.1577],[-110.3299,24.2694,2.0058],[-110.332,24.2775,2.6237],[-110.3291,24.2774,2.151],[-110.3224,24.2715,1.9736],[-110.3234,24.2672,0.0],[-110.3218,24.2677,1.0732],[-110.3208,24.2656,0.263],[-110.3231,24.2635,0.0],[-110.3241,24.2581,1.9364],[-110.3201,24.2589,3.2356],[-110.3193,24.2612,11.9049],[-110.3157,24.2606,18.5089],[-110.3145,24.2636,32.6116],[-110.3113,24.2616,2.9898],[-110.3114,24.2595,1.2765],[-110.3164,24.2567,3.0604],[-110.3152,24.2541,3.7284],[-110.327,24.2444,0.0],[-110.3189,24.2435,0.0],[-110.314,24.251,9.3831],[-110.3141,24.2417,3.7935],[-110.3115,24.2417,0.288],[-110.31,24.2388,1.0052],[-110.3042,24.2394,5.5476],[-110.3026,24.238,6.4777],[-110.3041,24.2373,6.4777],[-110.3041,24.2343,2.1784],[-110.3062,24.234,2.2035],[-110.3065,24.2318,0.4218],[-110.3119,24.2281,5.9549],[-110.3123,24.2203,1.0877],[-110.3034,24.2185,1.0051],[-110.3002,24.2154,0.0],[-110.2996,24.2006,3.4362],[-110.3022,24.1933,48.7344],[-110.3018,24.1864,11.3605],[-110.3032,24.1863,1.211],[-110.303,24.1815,2.1687],[-110.3043,24.1812,0.0],[-110.3032,24.1785,14.9573],[-110.3071,24.1716,1.1766],[-110.3171,24.1639,0.0],[-110.3218,24.1562,5.0621],[-110.3265,24.1559,0.1977],[-110.3284,24.1522,1.7952],[-110.3356,24.1512,0.3349],[-110.3392,24.1467,3.1482],[-110.3441,24.1441,0.3332],[-110.3518,24.1426,0.0],[-110.3519,24.1397,0.0],[-110.3467,24.1362,0.6418],[-110.3486,24.1324,0.2586],[-110.348,24.1258,0.1575],[-110.3457,24.125,0.0],[-110.3457,24.1236,1.9487],[-110.3483,24.1238,0.0],[-110.3502,24.1259,0.0],[-110.3504,24.1229,0.0],[-110.3453,24.1214,1.0025],[-110.3504,24.1188,0.0],[-110.3497,24.1145,0.6071],[-110.36,24.1115,0.5648],[-110.3611,24.1091,1.0239],[-110.366,24.1139,0.0],[-110.3929,24.1044,0.0],[-110.4057,24.1057,0.1943],[-110.4173,24.1093,0.0],[-110.4232,24.1164,0.8829],[-110.4239,24.1229,3.3678],[-110.4183,24.1281,0.1788],[-110.4151,24.1285,0.0],[-110.4256,24.1363,0.8327],[-110.4312,24.1466,1.7932],[-110.4255,24.1635,0.0],[-110.4268,24.1623,0.3005],[-110.4281,24.1646,0.1814],[-110.4299,24.1635,1.1282],[-110.4316,24.1651,0.6298],[-110.4323,24.1704,0.5308],[-110.4368,24.1726,0.6977],[-110.4378,24.1771,5.8842],[-110.4312,24.1761,3.1685],[-110.4342,24.1741,1.8517],[-110.4326,24.1712,0.4913],[-110.4301,24.1736,0.3401],[-110.4237,24.1748,1.4271],[-110.4084,24.1722,4.04],[-110.3949,24.1666,0.0],[-110.3847,24.1618,0.0],[-110.3784,24.1536,0.0],[-110.3773,24.149,0.0],[-110.375,24.1486,0.0],[-110.3538,24.1529,0.464],[-110.3344,24.1624,0.5652],[-110.3323,24.165,0.0],[-110.3269,24.1666,0.0],[-110.3252,24.1756,0.0],[-110.3271,24.1769,2.2457],[-110.3372,24.1773,0.0],[-110.3647,24.173,1.6471],[-110.4002,24.1742,0.0],[-110.4558,24.1831,2.9421],[-110.5064,24.1948,3.0688],[-110.5602,24.2113,20.0059],[-110.5657,24.2161,6.2825],[-110.5645,24.2202,0.6277],[-110.577,24.2268,1.1282],[-110.5771,24.2311,0.0],[-110.582,24.2399,0.3121],[-110.5921,24.2462,0.0],[-110.6071,24.2519,3.8807],[-110.6123,24.2565,0.9447],[-110.6168,24.2656,0.0],[-110.6162,24.27,0.9301],[-110.623,24.2742,7.6112],[-110.6315,24.2885,3.3335],[-110.6348,24.291,10.4298],[-110.6416,24.3082,13.7834],[-110.641,24.3156,0.2532],[-110.6519,24.3209,3.4743],[-110.6555,24.3244,2.313],[-110.6553,24.3283,0.2887],[-110.6633,24.3346,5.1978],[-110.666,24.3395,31.416],[-110.6813,24.3569,9.7359],[-110.6824,24.3612,0.0],[-110.6804,24.3627,0.0],[-110.6792,24.3714,0.8203],[-110.6851,24.3816,6.8312],[-110.6847,24.3844,13.2816],[-110.6821,24.3867,0.0],[-110.6833,24.3949,3.2007],[-110.6816,24.3957,0.0],[-110.6834,24.3952,3.2007],[-110.6864,24.3977,0.0],[-110.6932,24.4063,4.548],[-110.6933,24.4122,36.6393],[-110.69,24.4154,0.0],[-110.6925,24.4206,19.2746],[-110.6923,24.4344,27.3102],[-110.6847,24.4452,0.2892],[-110.6895,24.4509,6.8757],[-110.687,24.4629,0.0],[-110.692,24.4712,20.5022],[-110.704,24.4833,28.3409],[-110.7124,24.4956,6.5793],[-110.7292,24.5145,2.8458],[-110.7296,24.5204,8.2392],[-110.7339,24.5277,0.0],[-110.738,24.5506,0.0],[-110.738,24.5548,0.9843],[-110.7336,24.5627,0.0],[-110.7402,24.5865,0.0],[-110.7391,24.6037,3.89],[-110.7402,24.6201,0.0],[-110.7317,24.6436,0.0],[-110.729,24.6687,2.0691],[-110.7262,24.6759,3.6076],[-110.7185,24.6878,13.9174],[-110.7072,24.6977,0.5773],[-110.6943,24.7013,0.7347],[-110.6903,24.7073,0.1349],[-110.6889,24.712,0.0],[-110.6908,24.716,0.0],[-110.6885,24.73,0.0],[-110.6814,24.7465,1.2995],[-110.6653,24.7655,38.1529],[-110.6621,24.7829,0.0],[-110.6631,24.7922,10.4718],[-110.6572,24.806,36.5727],[-110.6593,24.8089,0.8478],[-110.6646,24.8101,2.904],[-110.6645,24.8161,4.4579],[-110.6734,24.8297,0.5539],[-110.6733,24.8388,0.0],[-110.6747,24.8437,3.7155],[-110.6848,24.8576,0.7162],[-110.6842,24.868,1.1015],[-110.6889,24.8761,0.0],[-110.6853,24.884,0.6538],[-110.6904,24.8858,0.0],[-110.692,24.8921,0.2587],[-110.7039,24.9014,34.8131],[-110.7039,24.9075,0.7982],[-110.7078,24.9074,0.2482],[-110.7079,24.9103,0.2664],[-110.7059,24.9132,4.9371],[-110.7043,24.9126,11.9288],[-110.7036,24.9148,42.0918],[-110.7016,24.9154,7.2164],[-110.699,24.9129,0.0],[-110.699,24.9152,0.0],[-110.7053,24.9216,4.3265],[-110.7105,24.9201,0.0334],[-110.7102,24.9189,0.0334],[-110.7148,24.9193,2.6339],[-110.7135,24.9202,-0.0217],[-110.7209,24.9262,8.9668],[-110.7214,24.9352,0.0],[-110.7248,24.9359,0.7518],[-110.7254,24.9382,0.0],[-110.7299,24.9415,2.1531],[-110.734,24.948,0.0],[-110.7337,24.9517,0.0],[-110.7385,24.9532,41.3039],[-110.7498,24.966,1.231],[-110.7493,24.9696,0.4373],[-110.7516,24.974,15.0349],[-110.7488,24.9754,15.3625],[-110.7516,24.9799,8.4969],[-110.7489,24.988,13.1534],[-110.7509,24.9895,46.213],[-110.7514,24.9936,38.2699],[-110.7583,24.9959,0.1873],[-110.7598,24.9987,1.2431],[-110.7574,25.001,20.6003],[-110.7619,25.0062,62.3972],[-110.7598,25.0132,0.0],[-110.7572,25.0138,1.8192],[-110.7776,25.025,91.1164],[-110.7831,25.0323,0.0],[-110.7899,25.0359,0.0],[-110.7928,25.0357,6.6316],[-110.7939,25.0314,46.7078],[-110.7977,25.0297,24.8504],[-110.8033,25.0317,61.3827],[-110.8069,25.0305,5.5838],[-110.8155,25.0344,30.5302],[-110.8267,25.0472,0.0],[-110.8248,25.0579,3.5561],[-110.8287,25.0631,0.0],[-110.8459,25.069,0.0],[-110.8485,25.0708,0.0],[-110.8476,25.0729,4.7967],[-110.8556,25.0757,0.0],[-110.8631,25.0807,0.4538],[-110.8627,25.0838,1.6883],[-110.8654,25.0897,0.0],[-110.8641,25.0916,6.9373],[-110.8696,25.0984,1.9985],[-110.8692,25.1055,8.7103],[-110.8753,25.1126,0.0],[-110.8752,25.1188,0.0],[-110.8809,25.1235,2.6056],[-110.8799,25.1263,0.0],[-110.8934,25.1308,13.0328],[-110.9076,25.1458,2.5193],[-110.9116,25.1608,4.3141],[-110.9103,25.1648,0.0],[-110.9125,25.1748,5.4415],[-110.9066,25.1835,0.5256],[-110.916,25.1909,9.7563],[-110.9162,25.1947,1.2293],[-110.921,25.2037,12.0066],[-110.9206,25.2056,3.2864],[-110.9343,25.2161,2.8047],[-110.9343,25.219,3.3492],[-110.9377,25.2237,0.0],[-110.9384,25.2321,4.6864],[-110.9416,25.2374,2.0681],[-110.9413,25.2408,11.3212],[-110.9385,25.2421,19.6836],[-110.9387,25.2443,10.8205],[-110.9427,25.2486,8.2039],[-110.9462,25.2566,0.0],[-110.9461,25.2685,0.0],[-110.9446,25.2722,2.0833],[-110.9402,25.2748,0.7443],[-110.9413,25.2771,0.0],[-110.9461,25.2785,0.928],[-110.9472,25.2806,8.6523],[-110.9433,25.2803,0.0],[-110.9451,25.2824,1.1505],[-110.9432,25.2839,4.1618],[-110.9387,25.2761,1.3015],[-110.9381,25.2741,0.0],[-110.9396,25.2733,0.0],[-110.9383,25.2722,0.0],[-110.9366,25.2731,1.6959],[-110.9342,25.2779,2.7283],[-110.9388,25.2837,11.2716],[-110.9391,25.2876,7.5506],[-110.9331,25.2916,0.0],[-110.9368,25.2917,10.5122],[-110.9472,25.2968,5.4219],[-110.9476,25.3044,1.6003],[-110.944,25.3056,0.0],[-110.9467,25.3133,66.2625],[-110.9575,25.3226,10.6439],[-110.9556,25.3291,2.1175],[-110.9587,25.3281,3.3645],[-110.9656,25.3302,3.0235],[-110.9796,25.3414,7.8985],[-110.9816,25.358,63.1523],[-110.9849,25.362,9.25],[-110.9853,25.3662,0.0],[-110.9885,25.3684,0.9954],[-110.9875,25.371,16.7278],[-110.9916,25.3719,20.9612],[-110.9947,25.3748,10.5277],[-110.9938,25.3787,80.1324],[-110.9989,25.3829,12.078],[-110.998,25.3867,13.8742],[-111.0008,25.388,5.4177],[-111.0,25.3948,40.5249],[-111.0044,25.4074,6.993],[-111.0039,25.4164,0.0],[-111.0128,25.4207,5.1419],[-111.0176,25.4354,32.6359],[-111.0251,25.4446,29.2891],[-111.0255,25.45,13.2987],[-111.027,25.4516,6.6702],[-111.0262,25.4583,1.5426],[-111.0192,25.4621,20.3909],[-111.0205,25.4668,65.9107],[-111.0197,25.4698,9.7562],[-111.0211,25.4713,9.2948],[-111.0196,25.4762,5.0941],[-111.0134,25.4779,0.0],[-111.0203,25.4898,0.7641],[-111.0199,25.4939,0.0],[-111.0226,25.4971,3.1821],[-111.0221,25.5017,0.0],[-111.0197,25.5045,11.1177],[-111.0172,25.506,13.7736],[-111.0145,25.505,4.5677],[-111.0165,25.5085,26.0888],[-111.0168,25.5149,49.1805],[-111.0188,25.5159,0.0],[-111.0216,25.5144,15.6161],[-111.025,25.516,0.0],[-111.0263,25.5148,17.4772],[-111.0316,25.5181,0.0],[-111.0314,25.5169,16.7642],[-111.034,25.5164,54.9417],[-111.0358,25.5178,37.1654],[-111.0358,25.5204,40.3129],[-111.0383,25.5217,17.1728],[-111.0384,25.5165,38.4954],[-111.0402,25.5155,0.2968],[-111.0471,25.5173,0.0],[-111.0498,25.5161,3.5319],[-111.0532,25.5212,0.0],[-111.0598,25.5196,0.0],[-111.0604,25.5132,1.7221],[-111.0621,25.5127,33.8324],[-111.0647,25.5148,8.5183],[-111.066,25.5134,20.5051],[-111.0682,25.5139,0.0],[-111.073,25.5166,9.9127],[-111.0751,25.5232,3.1284],[-111.0736,25.5246,7.1956],[-111.0719,25.5237,0.0],[-111.0723,25.5255,22.2728],[-111.0696,25.5268,0.0],[-111.0686,25.5291,0.0],[-111.0697,25.5313,0.0],[-111.0743,25.5251,6.1372],[-111.0761,25.5264,0.0],[-111.0779,25.525,35.0848],[-111.0943,25.5253,3.4022],[-111.0983,25.526,9.1508],[-111.0998,25.5288,0.0],[-111.1024,25.5244,62.1625],[-111.11,25.5241,0.477],[-111.1215,25.528199999999998,4.7724],[-111.1265,25.537,1.3499],[-111.1352,25.5416,1.1663],[-111.1381,25.5447,3.127],[-111.1381,25.5472,4.3304],[-111.1425,25.55,16.2304],[-111.1423,25.5524,13.736],[-111.1462,25.5599,14.5727],[-111.1446,25.563,18.7078],[-111.1453,25.5656,0.0],[-111.1496,25.5685,42.7085],[-111.1528,25.5676,0.4001],[-111.1648,25.5732,12.2592],[-111.1703,25.5826,0.0],[-111.1694,25.5857,10.0382],[-111.1739,25.5893,0.0],[-111.1744,25.5931,0.0],[-111.1721,25.5953,0.0],[-111.1811,25.5975,1.8926],[-111.183,25.6029,19.7522],[-111.1893,25.6067,1.5966],[-111.1936,25.6138,9.0887],[-111.1927,25.6209,0.0],[-111.195,25.6219,2.9946],[-111.194,25.6249,2.2543],[-111.1953,25.631,0.0],[-111.1982,25.6312,1.7343],[-111.2012,25.6384,7.6602],[-111.1998,25.6548,43.0755],[-111.2043,25.6587,8.2845],[-111.2065,25.6661,1.1139],[-111.2047,25.6731,0.0],[-111.2076,25.6726,7.6105],[-111.2104,25.6753,5.8235],[-111.2108,25.6828,0.8961],[-111.2158,25.6902,0.0],[-111.2163,25.6946,14.9764],[-111.2118,25.7023,49.5512],[-111.2141,25.7059,1.7265],[-111.2134,25.7085,0.0],[-111.2165,25.7057,0.6911],[-111.2162,25.7087,0.0],[-111.2202,25.7151,85.6693],[-111.2196,25.7184,18.8264],[-111.2239,25.7251,0.0],[-111.2338,25.7261,7.0731],[-111.232,25.7226,39.3256],[-111.2335,25.7207,0.5772],[-111.2378,25.7198,1.4718],[-111.2429,25.7212,1.1382],[-111.2463,25.7244,0.635],[-111.2443,25.727,0.0],[-111.246,25.7305,4.3746],[-111.2491,25.7328,14.7508],[-111.2515,25.7377,0.0],[-111.262,25.7448,1.4387],[-111.2723,25.7471,0.5245],[-111.2792,25.7505,0.0],[-111.2802,25.7541,6.5855],[-111.2845,25.7563,1.088],[-111.2898,25.7638,0.0],[-111.3038,25.7706,0.0],[-111.3066,25.774,6.1815],[-111.3072,25.7797,3.5221],[-111.3104,25.7861,0.0],[-111.3115,25.7966,1.1712],[-111.3072,25.8114,2.1386],[-111.3079,25.8127,2.3681],[-111.3109,25.8122,0.9672],[-111.3109,25.8143,0.4408],[-111.3146,25.816,0.0],[-111.3164,25.8157,0.1327],[-111.3171,25.818,0.9043],[-111.3154,25.8197,11.1815],[-111.3165,25.824,8.5714],[-111.3139,25.8245,0.0],[-111.3173,25.8296,20.357],[-111.3109,25.8314,4.6279],[-111.3055,25.8255,0.0],[-111.3067,25.8218,0.0],[-111.3052,25.8192,28.5241],[-111.3088,25.8186,2.1343],[-111.3089,25.8145,0.0],[-111.3072,25.813,2.3681],[-111.2995,25.8131,8.1821],[-111.3019,25.8081,8.3584],[-111.2978,25.8077,32.0752],[-111.2921,25.8127,37.4444],[-111.2999,25.8179,12.3883],[-111.3064,25.8292,0.0],[-111.3159,25.8369,9.3798],[-111.3176,25.8314,12.2847],[-111.3204,25.8324,0.0],[-111.325,25.8309,0.7294],[-111.33,25.8324,0.2684],[-111.3336,25.8366,10.2197],[-111.3313,25.8395,6.5147],[-111.3324,25.8428,8.1842],[-111.3312,25.8447,38.8752],[-111.3318,25.8524,55.9142],[-111.3342,25.8562,37.8507],[-111.334,25.8634,3.2729],[-111.3409,25.8727,0.0],[-111.3422,25.8778,2.3633],[-111.3417,25.8805,2.3609],[-111.3361,25.8862,0.8157],[-111.3357,25.8922,2.1586],[-111.339,25.8975,0.0],[-111.337,25.9006,0.0],[-111.3381,25.903,11.346],[-111.3369,25.908,4.2552],[-111.3405,25.9114,6.2461],[-111.3435,25.92,7.2242],[-111.3454,25.9201,7.2242],[-111.3444,25.9228,10.2376],[-111.3462,25.9214,1.7786],[-111.3495,25.9226,0.0],[-111.356,25.9297,0.7932],[-111.3552,25.9372,1.2274],[-111.3529,25.9384,0.2169],[-111.3556,25.9399,2.3597],[-111.3531,25.9403,0.5108],[-111.3531,25.9419,0.0],[-111.3588,25.9592,3.837],[-111.3552,25.97,0.0],[-111.3413,25.9828,0.0],[-111.3385,25.9873,0.0],[-111.3381,25.9993,1.8798],[-111.3353,26.004,0.0],[-111.339,26.0074,0.0],[-111.3388,26.0146,0.0],[-111.34,26.015,0.7823],[-111.339,26.0156,0.0],[-111.3391,26.0156,0.0],[-111.3401,26.0151,0.7823],[-111.343,26.0187,2.2719],[-111.3458,26.0272,2.5315],[-111.3423,26.0357,2.0267],[-111.3307,26.0456,0.0],[-111.3287,26.0493,0.0],[-111.3288,26.0586,0.0],[-111.3256,26.0625,2.0162],[-111.3222,26.0637,0.0],[-111.3188,26.0708,2.6346],[-111.3191,26.0765,2.2124],[-111.324,26.0821,2.2493],[-111.3257,26.0877,5.4574],[-111.3241,26.1,3.946],[-111.3363,26.1051,12.6285],[-111.3446,26.1118,21.4685],[-111.35,26.1262,38.1511],[-111.3545,26.1296,33.6389],[-111.3551,26.1369,2.9851],[-111.3587,26.1461,45.0606],[-111.3583,26.1538,6.6742],[-111.3613,26.1604,7.4326],[-111.3609,26.1674,9.9946],[-111.3647,26.1752,15.2504],[-111.3717,26.1783,35.1018],[-111.378,26.1886,28.6326],[-111.3791,26.1952,105.4039],[-111.3771,26.2072,36.8989],[-111.379,26.215,2.5042],[-111.3777,26.2163,1.4985],[-111.3832,26.2218,0.0],[-111.3887,26.2436,1.0516],[-111.3977,26.2551,17.8982],[-111.3978,26.2624,22.4196],[-111.3944,26.2666,20.0972],[-111.3966,26.2693,15.3083],[-111.3946,26.2756,1.7904],[-111.3954,26.2771,13.1864],[-111.3929,26.2803,5.5058],[-111.3898,26.2814,8.9795],[-111.3849,26.2799,0.0],[-111.3835,26.2809,22.6971],[-111.3841,26.2912,2.7132],[-111.3825,26.2998,0.0],[-111.3856,26.3038,83.0932],[-111.3891,26.3156,58.1605],[-111.3869,26.322,19.7522],[-111.3906,26.3267,5.9338],[-111.3966,26.3409,4.9167],[-111.4052,26.3432,2.8482],[-111.4057,26.3465,3.0705],[-111.4034,26.3501,0.0],[-111.4071,26.3468,3.0705],[-111.421,26.3485,17.591],[-111.427,26.3533,0.7373],[-111.4288,26.3591,11.4826],[-111.4341,26.3621,2.2349],[-111.4354,26.3692,0.5687],[-111.4312,26.3717,3.8343],[-111.4292,26.37,0.0],[-111.4246,26.3713,20.5878],[-111.4242,26.37,0.0],[-111.4218,26.3729,41.7839],[-111.4237,26.3755,0.0],[-111.4278,26.377,16.2345],[-111.4279,26.3789,17.4481],[-111.4247,26.3804,7.3684],[-111.4289,26.3838,0.0],[-111.4297,26.3802,17.4481],[-111.4328,26.3799,32.9785],[-111.4344,26.3839,0.0],[-111.4378,26.3842,0.0],[-111.4381,26.3874,0.0],[-111.4409,26.3902,76.2403],[-111.4481,26.3913,8.2545],[-111.4602,26.3998,2.7053],[-111.467,26.408,10.5138],[-111.4699,26.4145,8.4148],[-111.4698,26.4252,13.3735],[-111.4678,26.4274,2.5524],[-111.4702,26.455,0.0],[-111.4728,26.4566,5.2784],[-111.4717,26.4621,41.5612],[-111.4681,26.4677,11.1287],[-111.4688,26.4729,5.3529],[-111.4651,26.4753,1.2219],[-111.4672,26.4787,49.3346],[-111.4609,26.4799,9.9389],[-111.4556,26.488,25.7609],[-111.4571,26.5064,18.2474],[-111.4536,26.5092,0.0],[-111.4528,26.5155,24.1244],[-111.4504,26.5167,4.2322],[-111.4446,26.5154,0.0],[-111.4427,26.518,73.0016],[-111.4474,26.5209,8.6864],[-111.4567,26.5226,12.0597],[-111.4576,26.5254,9.0504],[-111.4632,26.5302,12.6601],[-111.4633,26.5347,14.3099],[-111.4607,26.5374,0.0],[-111.4631,26.5379,0.0],[-111.4672,26.5353,10.8816],[-111.4721,26.5356,0.0],[-111.4737,26.5311,0.2721],[-111.4758,26.5308,0.0],[-111.5033,26.5304,4.4764],[-111.5077,26.5321,0.0],[-111.5089,26.5345,1.3424],[-111.5157,26.5368,1.7261],[-111.5235,26.5372,0.0],[-111.5554,26.5506,4.0202],[-111.5656,26.5584,4.2043],[-111.5682,26.5629,9.983],[-111.5679,26.5678,9.1493],[-111.5707,26.5726,16.0595],[-111.5696,26.5848,1.379],[-111.5711,26.5855,8.3245],[-111.5687,26.5887,11.7345],[-111.569,26.6021,14.5635],[-111.5647,26.6177,0.0],[-111.5682,26.6183,37.8587],[-111.5638,26.6209,15.1976],[-111.5667,26.6305,0.0],[-111.5685,26.6314,7.2369],[-111.5661,26.6353,2.2849],[-111.5677,26.6368,0.0],[-111.5666,26.6406,0.0],[-111.5688,26.6458,27.9969],[-111.5672,26.652,0.0],[-111.5687,26.6556,21.3115],[-111.5666,26.66,3.6033],[-111.5683,26.6631,33.4223],[-111.5681,26.6703,46.1739],[-111.5646,26.6761,6.119],[-111.5632,26.6828,3.8025],[-111.5647,26.6858,5.7611],[-111.5618,26.6902,14.7547],[-111.562,26.6973,0.0],[-111.5663,26.6965,15.4366],[-111.57,26.6991,9.3576],[-111.5693,26.7003,8.6666],[-111.571,26.7002,9.3576],[-111.5735,26.7044,3.3939],[-111.5718,26.7066,0.7001],[-111.5727,26.7077,2.0073],[-111.5793,26.7065,7.9738],[-111.5829,26.7097,15.8498],[-111.5824,26.7122,0.0],[-111.5868,26.7106,6.8257],[-111.5901,26.7129,5.2063],[-111.5935,26.7117,7.7682],[-111.5958,26.7129,8.2091],[-111.5975,26.7167,6.066],[-111.6081,26.719,0.3648],[-111.6104,26.7213,1.6676],[-111.611,26.7276,3.1093],[-111.617,26.7278,6.1834],[-111.6276,26.7328,8.1488],[-111.6283,26.7353,3.741],[-111.6261,26.7385,3.6046],[-111.6265,26.7403,9.6882],[-111.6318,26.7392,10.5837],[-111.6376,26.7433,2.8761],[-111.6481,26.7454,31.0901],[-111.6496,26.7535,14.0516],[-111.6576,26.7573,20.9396],[-111.6597,26.7652,16.2844],[-111.6642,26.7679,5.203],[-111.6678,26.7729,11.127],[-111.667,26.7803,9.0665],[-111.6774,26.779,0.8435],[-111.6834,26.7805,15.4413],[-111.6888,26.786,1.0589],[-111.6969,26.7892,4.4084],[-111.7063,26.7987,4.6898],[-111.7218,26.8068,5.4588],[-111.7272,26.8199,10.7448],[-111.7316,26.8232,8.3568],[-111.7308,26.825,7.926],[-111.7417,26.836,6.1449],[-111.7416,26.8388,0.0],[-111.7465,26.8425,8.4542],[-111.7483,26.846,3.3029],[-111.7606,26.8527,3.8091],[-111.7614,26.8558,16.0666],[-111.765,26.8576,5.1182],[-111.7665,26.8611,5.2819],[-111.772,26.8621,13.0614],[-111.7775,26.8681,0.0],[-111.7794,26.8673,2.3819],[-111.783,26.8691,11.6229],[-111.7837,26.8716,5.5524],[-111.7925,26.8746,11.164],[-111.7928,26.8767,8.1853],[-111.7963,26.8788,46.739],[-111.7961,26.8843,0.0],[-111.8005,26.8848,62.6021],[-111.8017,26.8889,0.675],[-111.8041,26.8863,30.9028],[-111.8086,26.8873,35.5265],[-111.8101,26.8908,3.5666],[-111.8171,26.8968,1.5435],[-111.8186,26.8954,19.4896],[-111.8221,26.8962,3.777],[-111.8274,26.8888,0.0],[-111.8323,26.8859,0.0],[-111.8328,26.8838,0.0],[-111.8461,26.882,3.8767],[-111.8513,26.8794,1.6157],[-111.8514,26.8758,3.1876],[-111.853,26.8744,0.0],[-111.8443,26.8684,0.0],[-111.8465,26.8625,0.0],[-111.8462,26.8566,0.0],[-111.8386,26.8481,3.9508],[-111.8376,26.835,0.0],[-111.8279,26.8282,0.0],[-111.8252,26.8233,0.0],[-111.8248,26.8177,0.0],[-111.8283,26.8082,0.0],[-111.8236,26.7943,0.0],[-111.8241,26.7831,0.0],[-111.8193,26.7772,0.5287],[-111.8184,26.77,0.0],[-111.816,26.7669,0.0],[-111.818,26.7495,0.0],[-111.8138,26.7308,1.5612],[-111.8168,26.7213,0.0],[-111.8159,26.7178,0.0],[-111.8146,26.7155,0.6387],[-111.8086,26.7161,0.9466],[-111.7989,26.7008,0.3864],[-111.7972,26.6916,0.0],[-111.7948,26.6885,0.0],[-111.7662,26.6768,0.0],[-111.7647,26.6734,0.9146],[-111.7654,26.6681,0.0],[-111.7594,26.6607,0.4424],[-111.7424,26.6537,0.7297],[-111.7387,26.6486,0.0],[-111.7327,26.6444,0.3609],[-111.7288,26.6384,0.0],[-111.7166,26.6316,0.3272],[-111.7094,26.6196,1.2586],[-111.6956,26.6111,0.0],[-111.6924,26.6015,0.0],[-111.6811,26.5973,0.3073],[-111.6793,26.59,0.0],[-111.6774,26.5888,3.9881],[-111.6815,26.5798,0.3245],[-111.6944,26.5661,0.0],[-111.7189,26.5484,0.4325],[-111.7312,26.5447,0.0],[-111.7337,26.5399,1.841],[-111.7402,26.5391,0.0],[-111.7483,26.5474,0.0],[-111.7517,26.5485,1.0064],[-111.7608,26.5481,0.5423],[-111.7646,26.5505,0.4711],[-111.7631,26.5528,0.0],[-111.7635,26.5558,0.5877],[-111.769,26.5617,0.0],[-111.7789,26.5647,0.4685],[-111.7818,26.5677,26.4417],[-111.7842,26.5724,20.7318],[-111.7871,26.587,0.0],[-111.7892,26.5896,1.8661],[-111.7924,26.5905,27.0213],[-111.7945,26.6031,2.3423],[-111.7971,26.6039,32.7883],[-111.8024,26.6117,28.4226],[-111.8043,26.6161,0.0],[-111.8031,26.6182,6.9345],[-111.8039,26.6216,0.0],[-111.8063,26.6225,0.0],[-111.8068,26.6264,6.2091],[-111.8116,26.6252,22.3506],[-111.8211,26.6352,1.0038],[-111.8317,26.6366,24.1405],[-111.8305,26.6397,1.8657],[-111.8279,26.6391,0.0],[-111.8331,26.644,0.0],[-111.8346,26.642,0.0],[-111.8321,26.6418,0.8749],[-111.8316,26.6395,0.0],[-111.8356,26.6379,5.7163],[-111.8379,26.6398,6.879],[-111.8359,26.6411,1.3976],[-111.8466,26.6443,5.3633],[-111.8469,26.647,2.6382],[-111.8502,26.6498,11.416],[-111.8485,26.6625,0.0],[-111.8524,26.6657,18.0145],[-111.8522,26.6732,37.2203],[-111.8606,26.6859,21.724],[-111.8636,26.694,0.0],[-111.8722,26.6987,13.8568],[-111.8769,26.7051,3.0959],[-111.8785,26.7032,0.0],[-111.8772,26.6992,0.0],[-111.8835,26.6998,3.2874],[-111.8829,26.7024,0.5854],[-111.8853,26.7051,2.7944],[-111.8835,26.7048,0.0],[-111.884,26.707,0.0],[-111.8859,26.708,2.3236],[-111.8843,26.7106,0.0],[-111.8913,26.7104,51.3543],[-111.8928,26.7117,0.0],[-111.8913,26.7135,8.7895],[-111.8961,26.7138,10.2991],[-111.8983,26.7161,0.0],[-111.9027,26.7134,8.1609],[-111.9096,26.7201,27.7376],[-111.9076,26.7259,23.8343],[-111.9027,26.7255,6.177],[-111.9036,26.7278,0.0],[-111.905,26.7273,0.0],[-111.9068,26.729,0.0],[-111.9073,26.7321,2.1787],[-111.9033,26.7332,5.7828],[-111.9034,26.7351,80.4018],[-111.9005,26.7377,0.0],[-111.9012,26.7422,47.2326],[-111.8996,26.7437,0.0],[-111.8973,26.7431,0.0],[-111.8908,26.7493,0.0],[-111.8919,26.7518,13.5289],[-111.8976,26.7521,1.7432],[-111.8952,26.7582,41.301],[-111.8898,26.7608,5.1451],[-111.8917,26.763,2.5615],[-111.8844,26.7658,29.5623],[-111.8798,26.7568,0.0],[-111.8765,26.756,24.2927],[-111.8785,26.7614,4.0714],[-111.8773,26.7673,44.9828],[-111.8741,26.772,0.0],[-111.8749,26.7762,1.2738],[-111.8644,26.7813,0.5211],[-111.8621,26.7841,1.4504],[-111.8632,26.7886,1.5297],[-111.8613,26.7925,0.5843],[-111.863,26.7941,4.0353],[-111.8649,26.8017,4.5077],[-111.8634,26.8053,3.4602],[-111.8641,26.8086,21.8748],[-111.8726,26.8184,2.0196],[-111.8717,26.8282,0.2963],[-111.8738,26.8324,0.0],[-111.88,26.8369,1.8204],[-111.8802,26.8386,0.0],[-111.8852,26.838,4.291],[-111.8885,26.8394,2.6321],[-111.8903,26.8427,2.3525],[-111.895,26.8431,18.5931],[-111.8953,26.8459,6.8949],[-111.9023,26.8531,23.8944],[-111.9127,26.858,5.4776],[-111.9129,26.8739,3.4868],[-111.9157,26.8754,10.731],[-111.9163,26.8774,0.0],[-111.9254,26.8781,1.6724],[-111.9389,26.8841,3.8642],[-111.9401,26.8863,0.239],[-111.9504,26.8915,1.2266],[-111.9526,26.8951,7.3784],[-111.9514,26.8966,0.0],[-111.9547,26.9,0.6985],[-111.9729,26.8971,2.3756],[-111.9827,26.8889,7.9461],[-111.9759,26.896,9.7092],[-111.9715,26.8985,2.3756],[-111.9566,26.9039,0.9133],[-111.9552,26.9028,0.5728],[-111.9562,26.9022,0.5728],[-111.9523,26.9013,0.0],[-111.9572,26.9051,5.6242],[-111.9566,26.9149,1.3736],[-111.9589,26.9131,1.2104],[-111.9645,26.9154,12.0982],[-111.971,26.9238,0.0],[-111.9707,26.9269,0.0],[-111.9752,26.9309,30.0987],[-111.9763,26.9369,3.4118],[-111.988,26.9417,13.1293],[-111.9944,26.9488,0.2841],[-112.0011,26.9515,6.6031],[-112.0041,26.9558,2.0977],[-112.0081,26.9579,0.0],[-112.0146,26.9735,16.2201],[-112.0159,26.9834,0.0],[-112.0153,26.9998,0.0],[-112.0102,27.0223,1.6173],[-112.0105,27.0241,0.3743],[-112.0127,27.0246,0.7374],[-112.0219,27.0347,0.7277],[-112.0119,27.0264,0.818],[-112.0097,27.0262,0.7314],[-112.0058,27.0336,0.0],[-112.0025,27.0361,2.7028],[-112.0007,27.0406,3.2638],[-111.9887,27.0561,0.5525],[-111.9851,27.0576,0.0],[-111.9764,27.0663,1.2053],[-111.9699,27.0701,0.8403],[-111.9604,27.0678,2.2553],[-111.9586,27.0648,0.9771],[-111.9547,27.0659,3.6986],[-111.9496,27.0702,1.1026],[-111.9463,27.0696,0.0],[-111.9451,27.0719,0.0],[-111.9477,27.0722,0.2901],[-111.9477,27.0766,3.6187],[-111.944,27.0796,0.0],[-111.9477,27.079,0.0],[-111.9528,27.083,35.1435],[-111.954,27.0866,0.0],[-111.9524,27.0941,0.0],[-111.9535,27.0964,0.0],[-111.9651,27.0947,30.7301],[-111.9746,27.0978,3.9341],[-111.9764,27.0965,6.4436],[-111.9925,27.096,13.5017],[-112.0089,27.1157,2.4198],[-112.017,27.1179,8.2381],[-112.0184,27.1196,2.4179],[-112.0338,27.1208,0.7698],[-112.0628,27.126,0.9552],[-112.0686,27.1295,6.3702],[-112.0708,27.1338,0.0],[-112.0882,27.1308,0.0],[-112.0972,27.1331,3.5764],[-112.1021,27.1368,0.4193],[-112.1063,27.1372,0.4696],[-112.1075,27.1396,0.0],[-112.112,27.1401,1.481],[-112.1145,27.1435,3.1133],[-112.1129,27.1442,0.0],[-112.114,27.1466,2.5421],[-112.1186,27.1477,0.0],[-112.1203,27.1519,1.1911],[-112.1235,27.1537,5.0874],[-112.1285,27.1546,1.9458],[-112.1362,27.1596,0.9106],[-112.1444,27.1615,1.9398],[-112.1566,27.1616,4.9792],[-112.1659,27.1656,0.598],[-112.1679,27.1689,1.2275],[-112.1667,27.1719,0.456],[-112.1708,27.1745,2.2947],[-112.1741,27.1797,2.1293],[-112.1863,27.1883,2.0205],[-112.1931,27.1963,0.5781],[-112.1992,27.2005,0.0],[-112.2133,27.2046,0.6418],[-112.2157,27.2102,0.0],[-112.2128,27.221,0.956],[-112.2148,27.2238,1.9021],[-112.2131,27.2244,2.964],[-112.211,27.221,1.8395],[-112.2069,27.23,1.0393],[-112.2045,27.23,1.5298],[-112.205,27.2289,1.5298],[-112.2036,27.2301,1.5298],[-112.2024,27.2361,4.9431],[-112.1982,27.2416,1.1054],[-112.1999,27.2426,16.6845],[-112.1997,27.2459,5.7702],[-112.207,27.2497,2.0446],[-112.2016,27.2481,0.7981],[-112.1991,27.2516,1.9356],[-112.2057,27.2562,16.755],[-112.2128,27.2656,4.9818],[-112.2172,27.2809,0.0],[-112.2257,27.2883,3.9317],[-112.231,27.2954,74.6784],[-112.2345,27.3147,23.7295],[-112.2379,27.3209,3.218],[-112.2411,27.3249,0.341],[-112.242,27.3196,20.5654],[-112.2432,27.3259,0.0],[-112.2534,27.3279,38.7821],[-112.262,27.3329,17.5349],[-112.2661,27.341,5.4099],[-112.2631,27.3416,0.0],[-112.2605,27.338,0.0],[-112.2629,27.3417,0.0],[-112.2685,27.3446,1.2475],[-112.2705,27.3575,1.1163],[-112.2741,27.3602,2.6688],[-112.2868,27.3643,0.0],[-112.2914,27.3681,2.1562],[-112.2909,27.3716,4.0626],[-112.2949,27.3786,0.7595],[-112.3032,27.3851,2.0929],[-112.3042,27.3953,0.0],[-112.2981,27.403199999999998,0.5169],[-112.3013,27.4071,0.4194],[-112.3061,27.4194,0.7276],[-112.3155,27.4246,1.2003],[-112.3181,27.4283,3.6656],[-112.3189,27.4345,41.2445],[-112.3151,27.4363,12.1279],[-112.3176,27.4374,8.796],[-112.3214,27.4426,3.1791],[-112.3223,27.4511,0.0],[-112.3213,27.4551,1.508],[-112.3192,27.4562,6.7485],[-112.3185,27.4608,0.0],[-112.3243,27.4706,19.0929],[-112.3232,27.4734,35.7668],[-112.3254,27.4807,40.6135],[-112.3236,27.4915,5.908],[-112.3246,27.4983,1.7941],[-112.3285,27.5018,2.6295],[-112.3312,27.5176,3.9823],[-112.337,27.5185,20.6232],[-112.3464,27.5281,13.1298],[-112.3527,27.5318,34.5792],[-112.3561,27.5371,18.248],[-112.3554,27.5424,0.0],[-112.3572,27.5486,0.0],[-112.3605,27.5533,26.8049],[-112.3642,27.5565,15.2956],[-112.3684,27.5573,44.9307],[-112.3722,27.5632,0.0],[-112.3916,27.5704,8.9456],[-112.4021,27.5817,3.1851],[-112.4125,27.5835,4.4229],[-112.4183,27.5903,1.5779],[-112.4238,27.5919,3.3968],[-112.4362,27.5902,2.7374],[-112.4419,27.5918,7.8805],[-112.4472,27.5978,1.6535],[-112.4503,27.5988,0.0],[-112.461,27.5972,0.0],[-112.4674,27.5996,25.9322],[-112.4697,27.6036,3.3099],[-112.4746,27.6072,18.6832],[-112.4745,27.6131,7.3729],[-112.4796,27.6146,30.4203],[-112.4809,27.6176,0.0],[-112.4869,27.6209,0.0],[-112.5005,27.6236,74.9555],[-112.5059,27.6282,10.0555],[-112.5183,27.6298,27.3234],[-112.5294,27.6377,1.4311],[-112.5426,27.6384,29.9829],[-112.5455,27.6414,35.741],[-112.5526,27.6409,21.9701],[-112.5608,27.6449,38.86],[-112.5727,27.6426,10.7159],[-112.5954,27.6505,1.2705],[-112.6002,27.6565,1.2119],[-112.6003,27.6614,0.0],[-112.598,27.6648,0.4163],[-112.602,27.6693,0.0],[-112.6159,27.6738,1.4178],[-112.6238,27.6788,1.5413],[-112.6252,27.683,0.0],[-112.6235,27.6879,3.5603],[-112.6289,27.6896,1.3031],[-112.6336,27.695,2.8168],[-112.6369,27.7005,0.0],[-112.6369,27.7055,0.0],[-112.6398,27.7048,1.3874],[-112.638,27.7062,1.3069],[-112.6432,27.7078,4.6826],[-112.6425,27.7093,1.6752],[-112.644,27.7104,4.6513],[-112.6522,27.7083,1.7704],[-112.661,27.7094,0.9623],[-112.6641,27.7153,1.421],[-112.6693,27.716,9.5571],[-112.676,27.7216,56.0118],[-112.6806,27.7306,0.0],[-112.6839,27.7344,18.7911],[-112.6877,27.7359,20.4018],[-112.6935,27.7446,21.5916],[-112.7016,27.7518,26.3641],[-112.705,27.7615,0.4491],[-112.708,27.7648,29.2111],[-112.7062,27.7763,2.0886],[-112.7083,27.7803,14.7298],[-112.716,27.7859,0.5112],[-112.7171,27.799,0.0],[-112.7139,27.8051,0.0],[-112.7207,27.8182,3.1274],[-112.7199,27.8251,5.5294],[-112.7238,27.8266,5.2602],[-112.7249,27.8233,4.5081],[-112.7286,27.8233,0.9439],[-112.7358,27.8271,0.0],[-112.7396,27.8304,0.9859],[-112.7425,27.8381,0.0],[-112.7582,27.8462,0.4741],[-112.7714,27.862,2.0386],[-112.7709,27.8696,2.3702],[-112.7724,27.872,8.6211],[-112.7682,27.88,0.3818],[-112.7692,27.8826,0.0],[-112.7677,27.8902,0.6633],[-112.7652,27.8934,0.4931],[-112.7622,27.8926,2.4891],[-112.7614,27.8969,9.7455],[-112.7618,27.9014,6.0319],[-112.766,27.9036,2.591],[-112.7653,27.9066,0.0],[-112.7626,27.9081,2.872],[-112.7618,27.9125,11.0247],[-112.7621,27.9208,1.9815],[-112.7641,27.9228,6.4663],[-112.7638,27.9282,2.4045],[-112.765,27.9343,0.0],[-112.7672,27.9367,0.0],[-112.7668,27.9403,0.0],[-112.7609,27.9582,0.0],[-112.757,27.9627,0.0],[-112.7564,27.9679,3.1016],[-112.7621,27.9853,4.2443],[-112.7621,27.9964,2.6958],[-112.7649,28.0,1.5664],[-114.0628,28.0,0.4027],[-114.0731,27.9931,0.2443],[-114.073,27.9917,0.7623],[-114.0717,27.9924,1.0752],[-114.0666,27.9889,1.3527],[-114.0713,27.9901,0.819],[-114.073,27.989,0.6785],[-114.0702,27.9877,0.8869],[-114.0741,27.9881,0.2492],[-114.0776,27.9866,0.1457],[-114.0719,27.9858,1.0702],[-114.0747,27.9836,0.892],[-114.074,27.9802,1.5056],[-114.0725,27.9798,1.5056],[-114.0744,27.9775,1.0719],[-114.0742,27.9729,1.9283],[-114.0789,27.974,1.3534],[-114.0776,27.9759,1.2279],[-114.076,27.9755,1.5966],[-114.0757,27.9793,0.7173],[-114.0811,27.9762,0.9839],[-114.0821,27.9774,0.5713],[-114.0833,27.9824,0.7647],[-114.0822,27.9839,0.4394],[-114.0835,27.9842,0.8219],[-114.0801,27.9886,0.7292],[-114.0831,27.9904,0.7748],[-114.0827,27.9879,0.9143],[-114.0839,27.9885,0.9143],[-114.0852,27.9925,0.8968],[-114.0822,27.9932,0.4357],[-114.0819,27.9952,0.8459],[-114.0808,27.9936,0.4357],[-114.0769,27.9942,0.7154],[-114.0759,27.9963,0.0],[-114.0789,27.9953,0.8411],[-114.0827,27.9985,0.8975],[-114.0839,27.9973,0.8975],[-114.0842,27.9987,0.8975],[-114.0864,27.9981,0.7386],[-114.0867,28.0,1.0039],[-114.0972,28.0,0.3707],[-114.0909,27.9992,0.8986],[-114.0939,27.9948,0.3448],[-114.0908,27.9975,0.8065],[-114.0879,27.9973,1.0214],[-114.0863,27.9947,0.9479],[-114.0892,27.9915,0.8286],[-114.0898,27.9927,0.3888],[-114.0921,27.9914,0.8079],[-114.0918,27.9935,0.2539],[-114.0956,27.9932,0.1851],[-114.0987,27.99,0.7308],[-114.0946,27.9918,0.6335],[-114.093,27.9905,0.6335],[-114.0955,27.9871,0.1715],[-114.0926,27.9832,0.3173],[-114.0948,27.9816,0.0],[-114.0959,27.9779,0.3537],[-114.0936,27.9773,0.0],[-114.0921,27.9811,0.8033],[-114.0906,27.9802,0.306],[-114.0913,27.977,0.0],[-114.0897,27.9779,0.0],[-114.0882,27.9748,0.1862],[-114.0867,27.9755,0.5814],[-114.0853,27.9735,0.5854],[-114.0818,27.9757,0.9839],[-114.081,27.9728,1.0347],[-114.0844,27.9704,0.9256],[-114.0858,27.9705,0.5584],[-114.0866,27.9729,0.0],[-114.0863,27.9676,1.0382],[-114.0875,27.9667,0.9512],[-114.0891,27.9691,0.0],[-114.0911,27.9651,0.4286],[-114.0919,27.957,1.7084],[-114.097,27.9491,0.0],[-114.0955,27.9502,0.7841],[-114.0949,27.9479,1.03],[-114.098,27.9466,0.4616],[-114.1062,27.9382,0.0],[-114.1059,27.9357,0.299],[-114.108,27.9342,0.3047],[-114.1068,27.9317,0.5605],[-114.1033,27.935,0.9243],[-114.1025,27.9394,1.0424],[-114.0992,27.9402,1.0204],[-114.0989,27.9377,1.1752],[-114.1056,27.9279,0.2102],[-114.1103,27.925,1.0745],[-114.1071,27.9247,1.3347],[-114.107,27.9233,1.424],[-114.111,27.9206,1.2184],[-114.1122,27.9214,1.3732],[-114.1101,27.9338,0.0],[-114.1239,27.9547,0.0],[-114.131,27.957,0.9516],[-114.1314,27.959,0.0],[-114.1344,27.9606,0.0],[-114.1358,27.9586,1.185],[-114.1341,27.9542,0.2119],[-114.138,27.9497,0.8818],[-114.1399,27.9509,0.3221],[-114.1365,27.9533,1.4941],[-114.1382,27.9587,1.2827],[-114.1351,27.9652,2.0672],[-114.1288,27.9642,0.0],[-114.1293,27.9729,0.0],[-114.1414,27.9928,0.0],[-114.1493,28.0,0.3979],[-114.2047,28.0,1.6611],[-114.2063,27.9971,1.3841],[-114.2296,27.9767,0.4346],[-114.2334,27.9703,1.6942],[-114.2507,27.9537,1.4541],[-114.2622,27.9451,0.0],[-114.2668,27.9386,0.0],[-114.2746,27.9185,0.0],[-114.2746,27.9073,1.1445],[-114.2714,27.8946,3.7976],[-114.2653,27.887,-1.7368],[-114.2558,27.8931,0.0],[-114.2495,27.9007,0.0],[-114.2477,27.9054,-0.3687],[-114.2344,27.9167,-0.0946],[-114.2379,27.9195,4.6412],[-114.2384,27.9223,5.245],[-114.2359,27.9226,6.8986],[-114.2337,27.9174,-0.9351],[-114.2174,27.9203,-0.3057],[-114.2183,27.9255,0.9845],[-114.224,27.9294,1.3844],[-114.225,27.9318,6.1227],[-114.2178,27.9278,1.399],[-114.2159,27.9294,1.6283],[-114.2172,27.9326,1.835],[-114.2144,27.9313,1.307],[-114.2157,27.9361,2.7581],[-114.2078,27.9299,1.7645],[-114.2077,27.9277,1.1715],[-114.2084,27.926,1.6177],[-114.214,27.9292,1.6127],[-114.217,27.927,1.0798],[-114.2163,27.9238,0.8491],[-114.2124,27.9207,1.0282],[-114.2059,27.9185,0.0657],[-114.2021,27.9216,0.2623],[-114.2076,27.9245,1.1201],[-114.206,27.9251,1.1201],[-114.2015,27.9219,-0.3035],[-114.1952,27.931,0.3111],[-114.1733,27.9333,1.1611],[-114.1805,27.946,0.0],[-114.1755,27.9506,1.4827],[-114.1654,27.954,1.4357],[-114.1499,27.9516,0.0],[-114.1486,27.9553,1.543],[-114.1478,27.9517,0.4705],[-114.1519,27.9498,0.4369],[-114.1522,27.9474,0.5498],[-114.1477,27.9449,0.336],[-114.1501,27.9448,0.2142],[-114.1451,27.9406,0.8425],[-114.1458,27.9346,0.8469],[-114.1479,27.9354,0.7681],[-114.1493,27.9417,0.8066],[-114.1526,27.9435,0.5143],[-114.1546,27.9435,0.0],[-114.1539,27.9401,1.054],[-114.156,27.9357,0.2449],[-114.1633,27.9362,0.5182],[-114.1643,27.9321,1.1058],[-114.1623,27.9314,1.0504],[-114.166,27.929,0.0],[-114.159,27.9287,0.0],[-114.1578,27.9255,0.558],[-114.1602,27.9226,0.0],[-114.1595,27.9192,0.4434],[-114.1624,27.9195,0.0],[-114.1624,27.9176,0.2716],[-114.1584,27.9171,0.2152],[-114.1539,27.9208,0.9621],[-114.1495,27.9198,0.0],[-114.1473,27.9152,0.0959],[-114.1402,27.908,0.1447],[-114.14,27.9027,0.0],[-114.1376,27.9029,1.0014],[-114.1343,27.9006,0.2626],[-114.1327,27.9009,1.5164],[-114.1391,27.9082,0.892],[-114.1382,27.9095,1.0604],[-114.1228,27.92,1.6274],[-114.1194,27.9185,1.2286],[-114.1188,27.9175,1.4453],[-114.121,27.9166,1.8533],[-114.1151,27.903199999999998,0.9021],[-114.1203,27.8995,1.3503],[-114.1235,27.9,1.2096],[-114.1231,27.8984,1.9698],[-114.1209,27.8985,0.9463],[-114.1224,27.8972,1.9698],[-114.1266,27.8987,3.1909],[-114.129,27.898,2.8454],[-114.1318,27.9003,0.8301],[-114.1363,27.8996,0.6282],[-114.1584,27.9048,0.0114],[-114.1596,27.9072,0.9674],[-114.1533,27.9065,0.8006],[-114.1499,27.9045,0.6304],[-114.1498,27.9079,0.7257],[-114.1522,27.9122,0.5021],[-114.1514,27.9139,0.8887],[-114.1479,27.9138,0.0959],[-114.1539,27.9176,0.7507],[-114.1513,27.9175,0.6262],[-114.151,27.9191,0.0],[-114.1542,27.9191,0.2936],[-114.1569,27.9173,0.2152],[-114.1568,27.9156,0.1721],[-114.161,27.9135,0.0],[-114.1578,27.913,0.7746],[-114.1542,27.9094,1.2023],[-114.1615,27.9106,0.0],[-114.1636,27.9095,0.3955],[-114.1683,27.9129,0.1424],[-114.1764,27.9155,0.7448],[-114.1724,27.9159,0.2203],[-114.1698,27.9137,0.1894],[-114.1693,27.9152,0.8089],[-114.1669,27.913,0.1424],[-114.1665,27.9184,0.0],[-114.1691,27.9161,0.0],[-114.1749,27.9173,0.6938],[-114.1679,27.9192,0.0],[-114.1709,27.9204,0.862],[-114.1695,27.9213,0.224],[-114.1716,27.9224,0.0],[-114.174,27.9227,0.0],[-114.1742,27.9207,0.4525],[-114.1768,27.9223,0.0],[-114.17529999999999,27.9187,0.6414],[-114.1763,27.9185,0.6414],[-114.1886,27.9207,0.0],[-114.1826,27.9166,0.3534],[-114.163,27.9084,0.5562],[-114.1568,27.9017,0.4437],[-114.1327,27.8975,2.6477],[-114.1313,27.8959,3.4795],[-114.1327,27.8954,3.3327],[-114.151,27.8992,0.0],[-114.1372,27.8948,1.8974],[-114.1357,27.8924,1.5574],[-114.1363,27.8875,0.3631],[-114.134,27.8926,1.5574],[-114.1305,27.8907,1.2222],[-114.1325,27.8846,0.1144],[-114.1298,27.8876,0.8551],[-114.1297,27.8849,0.0],[-114.1341,27.8798,0.4453],[-114.1333,27.8758,0.7531],[-114.1262,27.8806,1.1419],[-114.1309,27.8731,1.0423],[-114.133,27.8729,1.0145],[-114.1355,27.8749,0.4344],[-114.1351,27.8796,0.4453],[-114.1326,27.8825,0.0],[-114.1368,27.8797,0.7048],[-114.1417,27.8723,0.3568],[-114.141,27.8689,0.6252],[-114.1514,27.8568,1.0414],[-114.1563,27.8539,0.3351],[-114.1597,27.8468,1.9405],[-114.1677,27.8399,0.3266],[-114.1699,27.8334,0.4908],[-114.1786,27.8229,0.3104],[-114.1787,27.819,0.8228],[-114.1765,27.8165,0.1497],[-114.1746,27.8214,0.8109],[-114.1735,27.8206,0.8109],[-114.1737,27.8236,1.3719],[-114.161,27.8315,-0.3633],[-114.1618,27.8285,2.6881],[-114.1674,27.8226,0.6488],[-114.1662,27.8217,2.5464],[-114.1671,27.8204,2.082],[-114.1784,27.8141,0.1816],[-114.1777,27.8126,0.3793],[-114.1759,27.8151,0.6994],[-114.1751,27.8145,0.6994],[-114.1772,27.8113,0.3327],[-114.1772,27.8089,0.1278],[-114.1758,27.8106,0.8552],[-114.1748,27.8085,2.1162],[-114.177,27.7995,0.0],[-114.1738,27.7872,0.0],[-114.1673,27.7814,0.3533],[-114.1679,27.7851,0.7918],[-114.1701,27.7853,0.8438],[-114.1692,27.7875,0.954],[-114.1669,27.7859,1.1107],[-114.164,27.7777,0.6763],[-114.1592,27.7714,0.1509],[-114.1587,27.7637,0.0],[-114.1479,27.7485,0.8573],[-114.1485,27.7418,1.1045],[-114.1463,27.7373,0.9104],[-114.1477,27.738,0.9104],[-114.1484,27.733,0.6107],[-114.1435,27.7234,0.4475],[-114.1352,27.7192,1.6796],[-114.1254,27.7104,0.0],[-114.1242,27.7116,0.4986],[-114.1219,27.7091,0.4053],[-114.1182,27.7091,0.562],[-114.1189,27.7077,0.5597],[-114.1168,27.7062,0.077],[-114.1167,27.7097,0.5451],[-114.1146,27.7077,0.5247],[-114.1125,27.7091,0.5443],[-114.1112,27.7078,0.2983],[-114.1103,27.7098,0.5335],[-114.109,27.708,0.086],[-114.1052,27.709,1.083],[-114.0981,27.7076,0.2845],[-114.099,27.7105,0.809],[-114.0953,27.7106,0.1215],[-114.0973,27.7132,0.0937],[-114.0934,27.7104,0.0],[-114.0896,27.7158,0.0],[-114.0903,27.7126,0.4055],[-114.0891,27.712,0.0],[-114.082,27.7188,0.0],[-114.0852,27.72,0.0],[-114.0814,27.7212,0.0],[-114.0815,27.7264,0.8679],[-114.0792,27.7244,0.4845],[-114.0806,27.7242,0.3179],[-114.0797,27.7213,0.1951],[-114.0732,27.7239,0.0],[-114.0745,27.7285,0.1065],[-114.072,27.7283,0.0],[-114.0751,27.7306,0.5899],[-114.0742,27.732,0.5899],[-114.0704,27.7312,1.0831],[-114.0631,27.726,1.2969],[-114.0602,27.7273,1.3051],[-114.06,27.7244,0.1987],[-114.0642,27.7231,0.0786],[-114.0539,27.7179,0.2728],[-114.0486,27.7172,0.0],[-114.0482,27.7205,0.0],[-114.0554,27.7322,1.1531],[-114.047,27.7337,0.1119],[-114.0443,27.7362,1.226],[-114.0421,27.7351,0.1329],[-114.0416,27.731,0.0],[-114.0379,27.7317,0.0],[-114.0501,27.7632,0.0],[-114.0524,27.7663,0.0],[-114.0541,27.7639,1.2505],[-114.0558,27.7709,0.2966],[-114.069,27.7942,0.0],[-114.0687,27.8066,0.4548],[-114.0566,27.798,0.7371],[-114.0588,27.7931,0.6968],[-114.0567,27.7878,0.1705],[-114.055,27.7903,0.5491],[-114.0508,27.7888,1.0],[-114.0457,27.7836,0.0],[-114.0453,27.7778,0.0],[-114.0437,27.7768,0.0],[-114.0425,27.778199999999998,1.8384],[-114.0421,27.7769,0.5181],[-114.0421,27.7682,0.0],[-114.0397,27.7584,2.803],[-114.0293,27.7414,0.0],[-114.0262,27.7422,0.4988],[-114.0296,27.7436,0.1419],[-114.0281,27.7445,1.6989],[-114.0249,27.7434,0.4988],[-114.0148,27.7456,0.4711],[-114.011,27.7484,0.5667],[-113.9921,27.7487,0.0],[-113.9906,27.7495,0.1191],[-113.9919,27.7594,1.4925],[-113.9902,27.7595,0.0],[-113.988,27.7555,0.0],[-113.9825,27.7592,1.222],[-113.9767,27.7566,0.5677],[-113.9735,27.7528,0.0],[-113.9797,27.7448,0.0],[-113.9791,27.7423,0.0],[-113.9724,27.7419,0.0],[-113.9742,27.7444,0.0859],[-113.9726,27.7477,0.6377],[-113.9703,27.749,0.4453],[-113.9664,27.7479,0.5466],[-113.9632,27.7437,0.0],[-113.9618,27.7383,0.0],[-113.9601,27.7384,0.0],[-113.9598,27.7414,0.0],[-113.9584,27.7412,0.4167],[-113.9529,27.7344,0.0],[-113.9542,27.7336,0.0],[-113.951,27.7295,0.0],[-113.9484,27.7302,0.0],[-113.9476,27.7323,0.1203],[-113.9427,27.7291,0.0],[-113.9411,27.7294,0.0],[-113.9421,27.7311,0.2818],[-113.9349,27.7311,0.621],[-113.9301,27.7233,0.0],[-113.9277,27.7233,0.0],[-113.9249,27.719,0.0],[-113.92,27.7163,0.0],[-113.9198,27.7135,0.0],[-113.9232,27.7111,0.0],[-113.9213,27.7096,0.0],[-113.9235,27.7085,0.0],[-113.9228,27.7072,0.0],[-113.9315,27.7007,0.0],[-113.9322,27.6988,0.0],[-113.9289,27.6971,0.0],[-113.935,27.6971,0.0],[-113.9458,27.6842,0.0],[-113.9524,27.6865,0.0],[-113.9499,27.6834,0.0],[-113.946,27.6822,0.0],[-113.9509,27.6823,0.0],[-113.9517,27.6756,0.0],[-113.957,27.6641,0.0],[-113.9609,27.665,0.0],[-113.9799,27.6571,0.4979],[-113.9892,27.6593,0.2656],[-113.9952,27.6584,2.7463],[-114.0054,27.6618,0.6245],[-114.0115,27.6607,0.6167],[-114.0059,27.6651,0.2817],[-114.0162,27.6683,0.0],[-114.0157,27.6698,0.0],[-114.0174,27.6705,0.08],[-114.021,27.6694,0.0522],[-114.0197,27.6632,0.4554],[-114.0212,27.6614,0.5855],[-114.0253,27.6612,0.5727],[-114.0257,27.6599,0.4736],[-114.0242,27.6594,0.9044],[-114.0278,27.6576,0.8234],[-114.0308,27.6587,0.6562],[-114.0309,27.66,0.8255],[-114.0276,27.6592,0.9175],[-114.0291,27.661,0.68],[-114.0267,27.6604,0.4736],[-114.0271,27.6616,0.7959],[-114.0236,27.6638,0.369],[-114.025,27.6643,0.67],[-114.0245,27.6659,0.3321],[-114.0225,27.6657,0.2401],[-114.0224,27.6676,0.1772],[-114.0237,27.6678,0.295],[-114.0221,27.6697,0.0522],[-114.023,27.671,0.2193],[-114.0247,27.6702,0.599],[-114.0244,27.672,0.2193],[-114.0186,27.6714,0.2512],[-114.0179,27.6726,0.0],[-114.0215,27.6771,0.0],[-114.0284,27.6805,0.0],[-114.0268,27.6814,0.0],[-114.028,27.6827,0.0],[-114.0358,27.6849,0.0],[-114.0403,27.6844,0.0],[-114.0395,27.6812,0.2028],[-114.0483,27.6828,0.0467],[-114.051,27.679,0.5872],[-114.0549,27.6785,0.5845],[-114.0533,27.681,0.339],[-114.0502,27.6806,0.4055],[-114.05,27.6831,0.1279],[-114.0481,27.6837,0.0467],[-114.0507,27.6869,0.0],[-114.0526,27.6865,0.1669],[-114.0535,27.6821,0.5413],[-114.056,27.6809,0.6563],[-114.0552,27.683,0.5413],[-114.0576,27.6838,0.0546],[-114.0581,27.6815,0.5758],[-114.0587,27.6844,0.2875],[-114.0577,27.6853,0.2875],[-114.06,27.6867,0.668],[-114.054,27.6869,0.2278],[-114.0523,27.6881,0.1458],[-114.0543,27.6892,0.6367],[-114.052,27.6896,0.8101],[-114.0501,27.6874,0.666],[-114.0466,27.6873,0.0],[-114.0474,27.6895,0.0],[-114.0457,27.6908,0.0],[-114.0471,27.6917,0.0],[-114.0489,27.6899,0.0],[-114.0528,27.6928,0.0],[-114.0613,27.6924,0.0986],[-114.0759,27.6841,0.1023],[-114.0848,27.681,0.1518],[-114.0796,27.6765,0.1495],[-114.0733,27.6744,0.2362],[-114.0726,27.6776,0.195],[-114.0766,27.6814,0.7826],[-114.0776,27.6806,0.7826],[-114.0771,27.6824,0.2613],[-114.0708,27.6833,0.1424],[-114.068,27.6866,0.6358],[-114.0681,27.6825,0.0],[-114.064,27.6849,0.6255],[-114.0614,27.6836,0.4703],[-114.0614,27.6814,0.5715],[-114.0665,27.6819,0.2579],[-114.0644,27.6765,0.1557],[-114.0624,27.6789,0.5715],[-114.0593,27.677,0.7003],[-114.0593,27.6749,0.7914],[-114.0625,27.6742,0.157],[-114.0619,27.6659,0.0],[-114.0598,27.6637,0.0],[-114.0595,27.6726,0.7487],[-114.0576,27.6738,0.773],[-114.0577,27.6708,0.5243],[-114.0556,27.67,0.1978],[-114.052,27.6725,0.7099],[-114.0545,27.6768,0.7385],[-114.0509,27.6752,0.318],[-114.0492,27.677,0.7694],[-114.0478,27.6753,0.7639],[-114.0509,27.6741,0.318],[-114.05,27.6729,0.3415],[-114.0469,27.6733,0.3272],[-114.0465,27.6754,0.6581],[-114.0449,27.6732,0.0884],[-114.0425,27.676,0.923],[-114.0419,27.6746,0.2343],[-114.0362,27.6739,0.8775],[-114.0379,27.6708,0.601],[-114.0314,27.67,0.6622],[-114.0375,27.6691,0.2661],[-114.0422,27.6731,0.1174],[-114.0461,27.6689,0.0],[-114.0432,27.6646,0.2601],[-114.045,27.6584,0.2731],[-114.0472,27.6581,0.0],[-114.0475,27.6548,0.0],[-114.0518,27.6484,0.0],[-114.0548,27.6469,0.0],[-114.0669,27.6331,0.2549],[-114.0826,27.6217,0.0],[-114.0863,27.6164,1.6807],[-114.0895,27.6156,0.0],[-114.0909,27.6112,0.3655],[-114.0942,27.6131,0.0],[-114.0996,27.61,0.1508],[-114.0993,27.6083,0.2462],[-114.097,27.6087,0.5943],[-114.0958,27.6071,0.616],[-114.0988,27.6052,0.3674],[-114.0982,27.6039,0.6117],[-114.0997,27.6045,0.3674],[-114.1007,27.6001,0.5673],[-114.1016,27.6051,0.0],[-114.1075,27.6041,0.3193],[-114.109,27.6027,0.19],[-114.1087,27.6003,0.5613],[-114.1115,27.6,0.8113],[-114.1099,27.6022,0.4006],[-114.1112,27.6037,0.4939],[-114.1026,27.6073,0.1914],[-114.1059,27.6103,0.745],[-114.1051,27.6121,0.2176],[-114.1093,27.6084,0.3934],[-114.1095,27.6064,0.6094],[-114.114,27.6075,0.7928],[-114.1125,27.6099,0.5238],[-114.1105,27.6091,0.3798],[-114.11279999999999,27.6118,0.6203],[-114.1121,27.6138,0.6485],[-114.1095,27.6118,0.5567],[-114.105,27.6137,0.2176],[-114.1118,27.6153,0.6485],[-114.1095,27.6168,0.4049],[-114.1078,27.615,0.2744],[-114.1058,27.6157,0.4496],[-114.1078,27.6188,0.6223],[-114.1053,27.6186,0.3649],[-114.1079,27.6208,0.6895],[-114.104,27.6192,0.4182],[-114.1002,27.6204,0.0],[-114.1023,27.6242,0.0],[-114.1059,27.6252,0.0964],[-114.1154,27.621,0.0],[-114.113,27.6179,0.5774],[-114.1143,27.6156,0.5338],[-114.1165,27.6169,0.6045],[-114.1178,27.6204,0.6803],[-114.1168,27.6219,0.0],[-114.119,27.6233,0.1557],[-114.122,27.622,0.3725],[-114.1193,27.6202,0.6803],[-114.1209,27.6203,0.4396],[-114.1216,27.6174,0.3903],[-114.1199,27.6179,0.4819],[-114.1186,27.6156,0.3852],[-114.123,27.6164,0.5554],[-114.124,27.6225,0.5324],[-114.1258,27.6239,0.4511],[-114.1214,27.6249,0.0],[-114.1203,27.627,0.0],[-114.1269,27.6286,0.4797],[-114.1241,27.6313,0.4151],[-114.1273,27.6321,0.5947],[-114.1251,27.6347,0.5125],[-114.1203,27.6334,0.0633],[-114.1165,27.6348,0.0],[-114.1298,27.6405,0.1112],[-114.1351,27.6367,0.2582],[-114.1321,27.6369,0.4707],[-114.1335,27.6334,0.6144],[-114.1375,27.6359,0.5162],[-114.136,27.6379,0.3745],[-114.1377,27.6393,0.4902],[-114.1349,27.6391,0.2066],[-114.1373,27.6418,0.4596],[-114.1349,27.6418,0.4077],[-114.1348,27.6434,0.3487],[-114.1299,27.6427,0.2337],[-114.13,27.6442,0.4146],[-114.1473,27.657,0.6752],[-114.1587,27.6677,3.765],[-114.1606,27.6724,0.0],[-114.1647,27.6726,5.9154],[-114.1742,27.6802,3.3509],[-114.1935,27.6855,2.7372],[-114.1961,27.6894,0.3664],[-114.2003,27.6916,0.7804],[-114.2097,27.6919,1.1869],[-114.2098,27.6933,0.3006],[-114.2166,27.6955,0.0],[-114.2237,27.6926,0.3881],[-114.2349,27.6975,0.4152],[-114.2447,27.7054,0.5237],[-114.2505,27.7131,0.4278],[-114.2522,27.713,0.4717],[-114.2596,27.7192,0.6265],[-114.2598,27.7212,0.5607],[-114.2645,27.7257,0.5557],[-114.2838,27.7345,0.0],[-114.3,27.7502,0.0],[-114.3084,27.7633,0.0],[-114.3079,27.7648,0.0],[-114.3126,27.7695,0.0],[-114.3135,27.7729,0.0],[-114.3122,27.7755,0.0],[-114.3147,27.7819,0.7017],[-114.3124,27.7829,0.0],[-114.314,27.7842,0.7203],[-114.3148,27.7823,1.0249],[-114.3181,27.784,8.3607],[-114.3147,27.7866,0.4011],[-114.312,27.784,0.0],[-114.3073,27.7963,0.5544],[-114.3071,27.8007,0.654],[-114.3101,27.8023,0.6801],[-114.3113,27.801,1.0984],[-114.3126,27.8055,1.261],[-114.3081,27.8026,1.0885],[-114.3061,27.8048,0.1281],[-114.3052,27.8027,0.3001],[-114.3063,27.809,0.2969],[-114.3087,27.8112,0.7339],[-114.314,27.812,1.203],[-114.3126,27.8131,1.0752],[-114.3141,27.8146,1.2265],[-114.3095,27.8122,0.7436],[-114.3107,27.8151,1.1771],[-114.3072,27.8112,0.5077],[-114.3061,27.8133,0.266],[-114.3087,27.8207,0.6128],[-114.3054,27.8183,0.1565],[-114.3046,27.8139,0.0],[-114.3032,27.8231,0.6714],[-114.3,27.825,0.0],[-114.301,27.8308,0.7716],[-114.2989,27.831,0.8942],[-114.3033,27.8375,0.0],[-114.3049,27.8353,1.2935],[-114.3022,27.8305,0.7716],[-114.3062,27.8353,1.2935],[-114.3055,27.8375,0.8486],[-114.3092,27.8395,1.3478],[-114.311,27.8425,1.4158],[-114.3086,27.8425,1.4147],[-114.308,27.84,0.856],[-114.3047,27.8379,0.8486],[-114.3045,27.8408,1.6172],[-114.3003,27.8374,1.0834],[-114.2972,27.8323,0.0],[-114.2983,27.8274,0.0],[-114.2951,27.8369,0.0],[-114.2961,27.8498,0.0],[-114.2977,27.8521,0.6649],[-114.2961,27.8521,0.6801],[-114.2951,27.8475,0.0],[-114.2933,27.8586,0.0],[-114.2944,27.8645,0.5243],[-114.3061,27.8725,0.0],[-114.3177,27.8736,0.2901],[-114.3264,27.872,1.0628],[-114.3413,27.8655,0.0],[-114.3619,27.851,1.3691],[-114.3822,27.8337,2.0021],[-114.3873,27.8289,0.0],[-114.3908,27.8216,1.4854],[-114.3905,27.8196,1.6207],[-114.3876,27.8193,2.5531],[-114.383,27.8233,4.6366],[-114.3809,27.8218,0.0865],[-114.3792,27.8263,1.694],[-114.3773,27.8274,0.0],[-114.3792,27.828,1.0191],[-114.3825,27.8255,1.9407],[-114.3846,27.8258,1.5378],[-114.385,27.8275,2.0929],[-114.3817,27.8272,0.7502],[-114.3798,27.8341,2.2702],[-114.3748,27.8308,0.5389],[-114.3706,27.83,0.113],[-114.3756,27.8347,1.2794],[-114.3781,27.8344,1.46],[-114.3784,27.8361,2.0546],[-114.3762,27.8377,2.2484],[-114.3705,27.8399,1.6487],[-114.3707,27.837,1.4849],[-114.3727,27.8365,0.7449],[-114.3705,27.8325,0.4694],[-114.3672,27.8366,0.7535],[-114.369,27.8386,1.3288],[-114.3686,27.8411,2.1005],[-114.3669,27.8381,0.2622],[-114.3622,27.8366,0.2077],[-114.3588,27.8335,0.0],[-114.36,27.835,0.7057],[-114.3569,27.8345,0.0],[-114.3543,27.8409,0.2564],[-114.3551,27.8431,0.0],[-114.3524,27.8417,0.0],[-114.3558,27.8449,0.0],[-114.3551,27.8461,1.2455],[-114.3452,27.8444,0.2241],[-114.3428,27.8463,0.3827],[-114.3386,27.8462,0.0],[-114.3354,27.8495,0.0],[-114.3286,27.8499,1.5461],[-114.3276,27.847,1.1318],[-114.3307,27.8464,1.1616],[-114.3325,27.8483,0.734],[-114.3344,27.8469,0.1021],[-114.334,27.8433,0.213],[-114.3397,27.8437,0.0],[-114.3399,27.8412,0.0],[-114.3419,27.8399,0.6669],[-114.3478,27.8399,0.0],[-114.3418,27.8363,0.9864],[-114.3336,27.8272,1.057],[-114.3335,27.8261,1.0177],[-114.3374,27.8272,0.8642],[-114.3364,27.8233,0.7622],[-114.3377,27.8214,0.3324],[-114.3363,27.8193,0.9067],[-114.3404,27.8215,0.1661],[-114.3409,27.8183,1.0995],[-114.3468,27.8222,0.585],[-114.3469,27.8236,0.585],[-114.3436,27.8226,0.0],[-114.3436,27.8246,0.0],[-114.3522,27.8281,1.8419],[-114.356,27.8273,0.0],[-114.3523,27.8267,2.0983],[-114.3528,27.8229,0.4667],[-114.3507,27.8249,2.2379],[-114.3486,27.8237,0.0],[-114.347,27.8175,2.2667],[-114.35,27.8209,0.0],[-114.3508,27.8197,0.9623],[-114.3454,27.8108,1.5612],[-114.3442,27.8183,1.4945],[-114.3424,27.8175,1.2589],[-114.3428,27.8141,1.3667],[-114.3404,27.8138,2.4983],[-114.3376,27.8083,0.9032],[-114.3459,27.8087,0.0],[-114.3498,27.8123,0.0],[-114.3603,27.8155,0.0],[-114.3608,27.8139,0.0],[-114.3667,27.8136,0.0],[-114.3681,27.8113,1.2947],[-114.3727,27.8113,0.4447],[-114.3741,27.8086,3.058],[-114.3812,27.809,0.1671],[-114.3814,27.806,1.6812],[-114.3845,27.8073,1.1698],[-114.3849,27.8092,0.0],[-114.3861,27.8074,0.1709],[-114.3888,27.8099,0.3979],[-114.3906,27.8083,0.8508],[-114.3986,27.8154,1.3579],[-114.3957,27.8178,0.0],[-114.3933,27.8163,0.0],[-114.3921,27.8172,0.0],[-114.3954,27.8202,0.0],[-114.3971,27.8188,0.0],[-114.4016,27.8193,0.0],[-114.458,27.7887,13.0745],[-114.4881,27.775,15.2178],[-114.4993,27.772,24.5849],[-114.5031,27.7723,1.7145],[-114.5154,27.7784,29.4847],[-114.5212,27.7793,17.3142],[-114.5254,27.7815,39.2499],[-114.5269,27.7844,8.8473],[-114.5333,27.7861,4.1925],[-114.5449,27.7846,16.1457],[-114.5511,27.7819,59.8841],[-114.5609,27.7815,35.8454],[-114.5697,27.7833,17.7632],[-114.6053,27.7735,61.7886],[-114.6139,27.7764,9.8988],[-114.6339,27.7761,10.7959],[-114.6395,27.7772,7.0642],[-114.6429,27.7817,15.85],[-114.6538,27.7799,23.8643],[-114.6603,27.7812,11.1017],[-114.669,27.7883,6.2828],[-114.6915,27.7866,25.3605],[-114.7049,27.7888,1.405],[-114.7188,27.7958,7.3058],[-114.719,27.8024,3.2683],[-114.7209,27.8045,2.0051],[-114.7237,27.8041,2.2395],[-114.7371,27.8085,1.7891],[-114.7389,27.8061,2.5496],[-114.7442,27.8051,15.1808],[-114.7581,27.8071,0.0],[-114.7623,27.8058,8.1751],[-114.7684,27.8078,5.2257],[-114.7711,27.8117,3.0434],[-114.7872,27.8156,0.0],[-114.8024,27.811,2.7628],[-114.803,27.8122,0.0],[-114.8097,27.8117,3.9705],[-114.8267,27.8089,0.0],[-114.8396,27.8101,16.0605],[-114.8479,27.8182,6.9213],[-114.852,27.8202,15.3213],[-114.851,27.8248,2.0479],[-114.8658,27.8302,2.0635],[-114.869,27.8286,7.691],[-114.8816,27.8279,3.7549],[-114.8976,27.8327,1.5676],[-114.9091,27.8323,0.0],[-114.9128,27.834,0.3585],[-114.9226,27.8342,0.517],[-114.9386,27.8298,3.3513],[-114.972,27.8254,14.6939],[-114.9848,27.8255,0.0],[-114.9878,27.827,13.9717],[-115.0063,27.8284,15.4829],[-115.0165,27.832,14.6746],[-115.0205,27.8372,0.0],[-115.0199,27.8389,0.0],[-115.0225,27.84,2.3448],[-115.0269,27.8467,9.1354],[-115.0353,27.8496,43.2519],[-115.0362,27.8519,12.7697],[-115.0411,27.8541,0.0],[-115.0418,27.8567,20.3681],[-115.047,27.8559,1.1212],[-115.0501,27.8589,0.0],[-115.0547,27.8603,6.3699],[-115.0543,27.8614,1.9237],[-115.0714,27.8557,0.0],[-115.0727,27.8531,7.4506],[-115.0775,27.8519,8.9281],[-115.0783,27.8484,11.1277],[-115.0817,27.8482,4.7335],[-115.078,27.8426,2.7928],[-115.0728,27.8401,5.8167],[-115.0704,27.8368,0.0],[-115.0676,27.8363,21.1277],[-115.0667,27.8331,2.7257],[-115.052,27.8198,0.0],[-115.0528,27.8181,0.0],[-115.0504,27.814,3.1324],[-115.0486,27.8026,11.177],[-115.0458,27.8003,0.0],[-115.0433,27.7926,0.0],[-115.0376,27.7867,1.9205],[-115.0315,27.7705,5.2564],[-115.0336,27.7679,0.0],[-115.0315,27.764,16.5176],[-115.0337,27.76,0.0],[-115.0306,27.7595,28.2613],[-115.0284,27.7563,44.1572],[-115.026,27.7565,64.921],[-115.0291,27.7554,4.4623],[-115.0248,27.7514,0.0],[-115.023,27.7449,30.5211],[-115.0253,27.7404,0.0],[-115.0144,27.7397,62.6951],[-115.0144,27.7362,20.0641],[-115.0096,27.7288,7.3178],[-115.0065,27.718,0.0],[-115.004,27.7191,8.3782],[-114.9987,27.7182,5.2496],[-114.9978,27.7242,0.0],[-115.0042,27.7266,44.9001],[-115.0009,27.7268,43.8971],[-114.9991,27.7297,33.8632],[-114.9962,27.7257,6.0616],[-114.9947,27.7261,1.4647],[-114.9939,27.7289,10.5132],[-114.9954,27.7324,19.9603],[-114.9909,27.7323,11.9321],[-114.9875,27.7309,9.1087],[-114.9872,27.7294,6.9504],[-114.9891,27.7289,3.167],[-114.9836,27.7279,1.2625],[-114.9796,27.7243,0.0],[-114.9738,27.7248,3.1506],[-114.9527,27.7161,4.078],[-114.9412,27.7064,1.505],[-114.9382,27.7017,5.2473],[-114.9349,27.6933,17.6009],[-114.9351,27.6881,20.9872],[-114.9366,27.6871,0.0],[-114.9327,27.6848,19.7512],[-114.9331,27.6787,3.1256],[-114.9304,27.676,1.7747],[-114.9216,27.6713,6.9967],[-114.912,27.6703,0.0],[-114.9096,27.668,0.0],[-114.9102,27.6667,0.0],[-114.9053,27.6666,6.9684],[-114.9006,27.6644,0.9592],[-114.9003,27.6689,0.0],[-114.9035,27.6739,68.5152],[-114.8978,27.6803,2.094],[-114.8941,27.6808,3.6609],[-114.8932,27.6847,15.1838],[-114.8951,27.6868,8.2494],[-114.8949,27.6895,5.0417],[-114.8889,27.6924,1.5732],[-114.8872,27.6951,9.4906],[-114.8803,27.6958,0.0],[-114.8801,27.6986,8.3489],[-114.876,27.7017,2.1062],[-114.8752,27.7066,1.7699],[-114.8745,27.7022,1.0861],[-114.8775,27.6991,0.9547],[-114.8674,27.6957,0.7456],[-114.8553,27.6875,2.3971],[-114.8488,27.68,0.0],[-114.8458,27.6712,0.0],[-114.846,27.665,0.5994],[-114.8493,27.6576,0.0],[-114.8474,27.6557,5.0626],[-114.8476,27.6477,1.236],[-114.852,27.64,0.2884],[-114.8585,27.6377,11.9689],[-114.862,27.6416,11.4562],[-114.862,27.6439,0.0],[-114.8716,27.6496,1.4325],[-114.8738,27.648,9.5285],[-114.8734,27.6432,3.3832],[-114.8627,27.638,11.8001],[-114.8614,27.6339,14.77],[-114.8639,27.6316,4.768],[-114.8623,27.6314,4.768],[-114.8611,27.6275,5.1586],[-114.8569,27.6245,2.885],[-114.8524,27.6237,0.0],[-114.8511,27.6223,26.1974],[-114.8524,27.6217,0.0],[-114.8476,27.6178,7.599],[-114.8447,27.6177,3.6551],[-114.846,27.6257,7.012],[-114.8419,27.6293,1.9482],[-114.8307,27.6312,0.8608],[-114.8212,27.6299,0.0],[-114.8111,27.6268,0.5186],[-114.7961,27.6171,11.1635],[-114.7848,27.6075,6.2244],[-114.7772,27.5991,14.6202],[-114.7722,27.5895,1.2967],[-114.7724,27.5869,0.0],[-114.7701,27.5855,0.988],[-114.7656,27.5765,1.4551],[-114.7613,27.5636,34.0637],[-114.763,27.5595,2.2632],[-114.7621,27.5549,0.0],[-114.7588,27.5518,50.3267],[-114.7578,27.5479,13.4461],[-114.7523,27.546,19.0089],[-114.7466,27.5402,6.7219],[-114.7446,27.5336,0.0],[-114.7425,27.5343,31.4625],[-114.7397,27.5328,21.3344],[-114.7373,27.5242,3.6353],[-114.7302,27.5236,31.2482],[-114.7291,27.5213,1.7512],[-114.7231,27.5229,22.8047],[-114.7145,27.5221,57.4637],[-114.7082,27.5178,0.0],[-114.6997,27.5164,0.0],[-114.6871,27.5084,1.5701],[-114.6795,27.5086,2.5472],[-114.6637,27.5048,48.4733],[-114.6522,27.4996,22.1505],[-114.649,27.4959,3.4624],[-114.6424,27.4955,32.1278],[-114.6391,27.4927,2.8024],[-114.64,27.4901,0.0],[-114.6349,27.4906,43.8827],[-114.6323,27.487,0.0],[-114.622,27.4862,22.2736],[-114.6177,27.4824,12.8307],[-114.6141,27.4825,32.5695],[-114.608,27.4791,27.5126],[-114.6055,27.4803,13.1249],[-114.6015,27.4788,22.6926],[-114.6011,27.4767,0.0],[-114.5958,27.4755,18.8542],[-114.5863,27.4626,13.4062],[-114.5772,27.4545,2.5009],[-114.5765,27.452,0.0],[-114.5722,27.4507,19.9161],[-114.5646,27.451,11.9028],[-114.5589,27.4459,20.0122],[-114.5557,27.446,16.3546],[-114.5491,27.4426,32.1739],[-114.5464,27.4376,6.1547],[-114.5419,27.4375,9.8369],[-114.5266,27.4291,21.1592],[-114.5168,27.4183,0.0],[-114.513,27.4168,3.4434],[-114.507,27.409,1.6687],[-114.5002,27.3938,0.0],[-114.4937,27.3735,4.862],[-114.4886,27.3504,4.5843],[-114.4851,27.2986,13.9955],[-114.4852,27.2826,28.8973],[-114.4883,27.2792,8.3138],[-114.4861,27.2769,20.231],[-114.4874,27.2763,20.231],[-114.4846,27.26,14.5658],[-114.4873,27.255,19.1489],[-114.4858,27.2524,13.4219],[-114.4863,27.249,5.6111],[-114.4883,27.2472,3.8517],[-114.4866,27.2459,17.1266],[-114.4875,27.2396,17.5058],[-114.4859,27.2383,0.5741],[-114.4851,27.2335,24.5545],[-114.488,27.2287,0.4687],[-114.4852,27.2258,30.6158],[-114.4837,27.2264,30.6158],[-114.4847,27.225,0.0],[-114.481,27.2237,0.0],[-114.4786,27.2171,29.4772],[-114.4681,27.22,3.0998],[-114.463,27.2189,10.2383],[-114.4607,27.2208,22.9374],[-114.4563,27.2206,21.0897],[-114.4511,27.2192,15.4998],[-114.4482,27.2176,13.5522],[-114.4467,27.2146,0.0],[-114.4428,27.2149,3.0991],[-114.4349,27.2098,4.0737],[-114.4281,27.1985,0.0],[-114.4271,27.1903,17.0326],[-114.4303,27.1837,20.0689],[-114.4327,27.1834,1.6337],[-114.4349,27.1775,6.2933],[-114.434,27.1764,5.2581],[-114.4308,27.1744,2.2381],[-114.427,27.1747,17.9705],[-114.426,27.1721,1.8349],[-114.4208,27.1736,0.0],[-114.4191,27.1701,0.0],[-114.4154,27.1689,2.6495],[-114.4069,27.1742,6.864],[-114.3991,27.1759,0.3343],[-114.3983,27.1808,6.4337],[-114.3963,27.1826,4.6492],[-114.3856,27.1809,1.8061],[-114.3749,27.1751,0.0],[-114.3622,27.1634,0.0],[-114.3414,27.1599,0.0],[-114.3324,27.1564,0.0],[-114.3272,27.1485,0.0],[-114.3144,27.1432,2.4122],[-114.3081,27.1362,4.2997],[-114.3039,27.134,13.8419],[-114.3009,27.1286,0.0],[-114.2983,27.1288,7.2286],[-114.2984,27.1258,0.0],[-114.2967,27.1236,0.0],[-114.2946,27.1279,5.2262],[-114.2964,27.1333,18.5271],[-114.2958,27.1381,0.0],[-114.2918,27.1432,1.8342],[-114.2754,27.1501,0.0],[-114.252,27.1519,0.0],[-114.2253,27.1488,8.6118],[-114.2115,27.1445,3.9822],[-114.1949,27.1427,0.9795],[-114.1682,27.1336,0.5613],[-114.1471,27.1241,7.0196],[-114.1251,27.1119,2.3348],[-114.0902,27.0861,6.5563],[-114.0802,27.0711,3.6721],[-114.0612,27.052,0.8931],[-114.0525,27.0324,0.0],[-114.0522,27.0208,0.0],[-114.0474,27.0162,1.5816],[-114.0392,27.0128,4.6924],[-114.0133,26.9806,5.5909],[-114.0098,26.9791,6.251],[-114.0028,26.9714,0.7938],[-114.0007,26.9728,3.5339],[-113.9836,26.9734,1.1814],[-113.9831,26.9763,2.3612],[-113.9797,26.9799,5.4299],[-113.9773,26.9918,0.0],[-113.9722,26.9956,6.3824],[-113.9646,26.9982,1.3122],[-113.947,26.9994,2.0454],[-113.9208,26.9952,0.0],[-113.9005,26.9898,1.3709],[-113.8719,26.9797,0.8676],[-113.8528,26.9704,0.0],[-113.8316,26.9574,0.4476],[-113.8082,26.9404,1.1801],[-113.7935,26.9267,4.4412],[-113.7818,26.9122,7.6643],[-113.761,26.8731,4.193],[-113.7572,26.8611,0.0],[-113.7415,26.8271,5.2441],[-113.73779999999999,26.8145,3.2352],[-113.7373,26.8049,0.0],[-113.7337,26.7995,3.202],[-113.7317,26.7988,0.7759],[-113.7287,26.8012,1.9852],[-113.7224,26.7993,2.7233],[-113.7151,26.7902,0.0],[-113.7068,26.7897,0.0],[-113.7013,26.7946,0.4427],[-113.687,26.7944,1.2451],[-113.6848,26.7912,0.9202],[-113.6822,26.7919,0.8479],[-113.681,26.7905,2.1847],[-113.6803,26.7886,1.1862],[-113.682,26.7878,0.8747],[-113.68,26.7849,0.359],[-113.6781,26.7856,1.1521],[-113.674,26.7828,0.7176],[-113.6757,26.7879,1.3618],[-113.6692,26.7839,0.8042],[-113.6646,26.7793,0.0],[-113.6616,26.7721,1.2439],[-113.6589,26.7711,0.2119],[-113.6592,26.7692,0.6082],[-113.6618,26.7708,0.3989],[-113.6616,26.7662,0.8715],[-113.6602,26.764,0.3176],[-113.6595,26.7654,0.3176],[-113.6575,26.7647,0.7333],[-113.6567,26.7607,0.0],[-113.6461,26.7613,0.0],[-113.6418,26.7581,0.7389],[-113.6364,26.7391,0.6094],[-113.6322,26.7382,0.0],[-113.6301,26.7402,0.8479],[-113.6265,26.7397,0.1777],[-113.6185,26.7307,0.4356],[-113.6062,26.7319,0.0],[-113.603,26.7254,0.0],[-113.5989,26.723,0.0],[-113.5976,26.7189,0.0],[-113.5977,26.7209,0.588],[-113.5938,26.7219,0.906],[-113.5931,26.7181,0.1767],[-113.5902,26.7153,0.706],[-113.5927,26.7148,1.5298],[-113.6056,26.721,0.3753],[-113.6195,26.7234,1.2317],[-113.6253,26.7281,0.3311],[-113.6269,26.7324,0.0],[-113.6366,26.7347,0.6945],[-113.6434,26.7383,1.1843],[-113.6456,26.7428,0.0],[-113.6451,26.7499,0.0],[-113.6433,26.7523,0.0],[-113.6455,26.7549,0.6514],[-113.6444,26.7564,0.5874],[-113.653,26.7568,1.288],[-113.6589,26.7594,1.4366],[-113.665,26.7673,1.3393],[-113.6661,26.7748,0.6501],[-113.683,26.7817,0.6943],[-113.6986,26.7913,0.5389],[-113.7004,26.7902,0.0],[-113.7001,26.7875,0.0],[-113.6915,26.7843,0.1767],[-113.6834,26.779,0.2758],[-113.6734,26.7687,0.0],[-113.6578,26.7564,0.8193],[-113.6374,26.7293,2.9159],[-113.6098,26.7146,1.3017],[-113.5767,26.7052,0.0],[-113.5712,26.7145,1.5576],[-113.5475,26.7202,0.0],[-113.5455,26.727,5.0622],[-113.5492,26.7311,0.0],[-113.5501,26.7355,0.403],[-113.5489,26.7384,0.0],[-113.5438,26.7429,1.5745],[-113.5237,26.751,0.6688],[-113.5218,26.7532,0.3102],[-113.5216,26.7564,0.6759],[-113.5184,26.7599,0.0],[-113.5203,26.7642,0.0],[-113.5105,26.7901,1.7908],[-113.5041,26.7943,1.436],[-113.4891,26.7996,0.0],[-113.4659,26.8047,0.0],[-113.4632,26.8085,0.4048],[-113.4638,26.8126,0.0],[-113.4716,26.807,1.6276],[-113.4751,26.8068,1.5857],[-113.4792,26.8092,0.1497],[-113.4735,26.8117,1.1012],[-113.4859,26.8147,1.5922],[-113.4852,26.8188,0.4486],[-113.4739,26.8252,-0.3141],[-113.4741,26.821,0.3385],[-113.4704,26.816,0.1662],[-113.4705,26.8232,0.2149],[-113.4667,26.8241,0.4653],[-113.465,26.8292,1.1144],[-113.4551,26.8309,0.5024],[-113.4373,26.8318,0.0],[-113.4346,26.8303,0.6232],[-113.4334,26.8264,0.0],[-113.4301,26.8294,1.1866],[-113.4267,26.829,0.6716],[-113.4233,26.8314,0.3721],[-113.4169,26.8323,2.0426],[-113.409,26.8255,1.095],[-113.4056,26.8251,0.0],[-113.4029,26.8269,0.0],[-113.3958,26.8254,0.0],[-113.391,26.8143,0.8116],[-113.3996,26.8117,1.0954],[-113.41,26.8216,1.7216],[-113.4212,26.8255,0.0],[-113.4228,26.8232,1.9524],[-113.4295,26.8206,0.3061],[-113.4326,26.8164,0.4701],[-113.43,26.8167,0.4437],[-113.4272,26.8147,0.0],[-113.4245,26.8178,1.1864],[-113.4216,26.8177,1.4982],[-113.4234,26.8163,0.5895],[-113.4212,26.8149,0.0],[-113.4166,26.8161,0.8826],[-113.4136,26.8152,0.36],[-113.4138,26.8169,1.3996],[-113.4128,26.8146,1.5225],[-113.4145,26.8134,0.9587],[-113.4134,26.8126,1.6505],[-113.4217,26.8125,0.4811],[-113.4284,26.8104,1.1603],[-113.4384,26.8118,0.9798],[-113.4483,26.811,0.0],[-113.4457,26.808,0.8074],[-113.4541,26.8113,0.2688],[-113.4603,26.8105,0.4684],[-113.4559,26.8056,2.0105],[-113.4412,26.8076,0.6746],[-113.4096,26.8057,0.8117],[-113.3627,26.7961,0.528],[-113.3326,26.7837,0.0],[-113.3097,26.7705,1.4176],[-113.2831,26.7519,0.0],[-113.2684,26.7508,0.0],[-113.2652,26.7535,0.0],[-113.2648,26.7619,0.0],[-113.2658,26.764,0.0],[-113.27,26.7656,0.7216],[-113.2689,26.7744,0.0],[-113.263,26.7832,0.2237],[-113.2687,26.7878,0.3021],[-113.2702,26.7848,1.1528],[-113.2731,26.7868,0.6352],[-113.2709,26.7879,0.6044],[-113.2694,26.7919,0.0],[-113.2672,26.806,0.1031],[-113.2687,26.8111,0.2077],[-113.2676,26.8176,0.1902],[-113.2716,26.8202,0.9179],[-113.2719,26.8257,1.1635],[-113.2701,26.8243,0.9034],[-113.2657,26.8317,1.3347],[-113.2707,26.8214,0.5294],[-113.2683,26.8194,0.9679],[-113.2651,26.8206,0.5177],[-113.2601,26.8325,0.0],[-113.2601,26.8377,0.4599],[-113.2623,26.8355,1.3388],[-113.265,26.8369,1.3219],[-113.258,26.839,0.6295],[-113.2526,26.8453,0.3057],[-113.2494,26.845,0.4338],[-113.2465,26.8401,0.3391],[-113.2409,26.8351,0.0],[-113.2344,26.8366,0.2398],[-113.2308,26.835,0.0],[-113.2294,26.8366,0.6357],[-113.2233,26.8371,0.4538],[-113.2098,26.8459,0.0],[-113.2077,26.8495,0.2069],[-113.2031,26.8511,0.0],[-113.2046,26.8697,1.1411],[-113.196,26.8951,0.2276],[-113.1983,26.9025,1.1165],[-113.1971,26.9024,0.298],[-113.1971,26.9045,0.0],[-113.2016,26.9175,1.9269],[-113.1995,26.9252,0.0],[-113.2008,26.9272,2.1901],[-113.1964,26.9346,0.0],[-113.1966,26.9385,0.7701],[-113.195,26.9386,0.0],[-113.1865,26.9722,1.2027],[-113.1803,26.9764,0.7093],[-113.1761,26.9764,0.9331],[-113.1735,26.9739,1.9613],[-113.1717,26.9776,1.0862],[-113.1695,26.9787,0.248],[-113.1686,26.9848,0.0],[-113.1708,26.9872,0.5502],[-113.1758,26.9874,0.9309],[-113.177,26.9895,1.1904],[-113.1762,26.9915,0.8281],[-113.1728,26.9943,1.0663],[-113.1654,26.993,0.5523],[-113.163,26.9875,0.8747],[-113.1597,26.9852,1.143],[-113.1577,26.9804,0.3518],[-113.1539,26.9773,1.0789],[-113.1496,26.9701,0.7589],[-113.1375,26.9348,1.2068],[-113.1368,26.9095,0.8058],[-113.133,26.9067,0.9505],[-113.1328,26.8967,0.6524],[-113.1309,26.8932,0.9396],[-113.1338,26.8812,0.4557],[-113.1358,26.8787,1.5377],[-113.1354,26.8696,5.2951],[-113.1384,26.8646,0.0],[-113.1382,26.8578,0.0],[-113.148,26.8453,2.6495],[-113.1674,26.831,0.8432],[-113.168,26.8273,1.5035],[-113.1715,26.8234,2.8955],[-113.1803,26.822,1.6692],[-113.1834,26.8145,0.0],[-113.1879,26.8092,0.7804],[-113.2001,26.8058,0.0],[-113.2017,26.8022,0.0],[-113.2088,26.7966,0.0],[-113.2077,26.7955,0.3679],[-113.2007,26.799,1.6949],[-113.2,26.7966,0.0],[-113.1944,26.7959,1.5906],[-113.1944,26.7921,1.1789],[-113.2012,26.7923,0.3254],[-113.2059,26.7897,1.5335],[-113.2134,26.7893,1.1208],[-113.2169,26.7922,0.0],[-113.2172,26.7971,0.0],[-113.2219,26.7942,1.0132],[-113.2263,26.7958,0.0],[-113.2306,26.7946,0.2756],[-113.2317,26.7894,1.7967],[-113.2347,26.7901,0.0],[-113.2354,26.7872,0.723],[-113.243,26.7899,0.0],[-113.2447,26.7873,1.4125],[-113.2426,26.7842,2.617],[-113.2345,26.7807,1.9757],[-113.2331,26.7745,0.7349],[-113.2225,26.774,0.9825],[-113.218,26.7675,1.5489],[-113.2097,26.7624,1.4808],[-113.2031,26.7628,0.0],[-113.2043,26.7653,0.9572],[-113.1993,26.7623,1.9192],[-113.1871,26.7623,2.0137],[-113.1858,26.7558,0.423],[-113.1854,26.7578,1.8634],[-113.1815,26.7592,0.5276],[-113.1849,26.7615,1.5285],[-113.182,26.765,0.8777],[-113.1792,26.7606,0.7093],[-113.1779,26.7618,0.0],[-113.18,26.7661,0.9879],[-113.1764,26.7656,1.3783],[-113.1756,26.7639,0.3644],[-113.1727,26.7656,0.0],[-113.1766,26.7714,0.5112],[-113.1744,26.7727,0.3512],[-113.1754,26.7759,1.7526],[-113.1726,26.7767,1.1343],[-113.1704,26.7745,0.0],[-113.1699,26.7765,0.0],[-113.1696,26.7849,0.4954],[-113.174,26.7868,1.5955],[-113.1731,26.7921,2.491],[-113.1693,26.7957,1.9663],[-113.1702,26.8031,2.054],[-113.1671,26.8046,2.2045],[-113.1676,26.8024,2.1506],[-113.1652,26.8,1.9569],[-113.1613,26.8009,2.2964],[-113.1652,26.8019,2.2398],[-113.1669,26.8063,2.7815],[-113.1653,26.8067,2.2181],[-113.1652,26.805,2.2314],[-113.161,26.802,2.2964],[-113.1559,26.8064,2.8647],[-113.1554,26.8025,2.1543],[-113.1509,26.8027,2.1928],[-113.1506,26.7998,2.1441],[-113.1532,26.7973,1.8238],[-113.1542,26.7927,1.7645],[-113.1586,26.7958,1.5426],[-113.1595,26.7948,0.5493],[-113.1523,26.7897,0.1968],[-113.1517,26.7947,0.0],[-113.1462,26.8021,1.4892],[-113.1418,26.8006,1.432],[-113.1387,26.7972,0.3947],[-113.1353,26.7971,1.2423],[-113.1369,26.796,1.1736],[-113.136,26.795,0.0],[-113.1319,26.7951,0.7545],[-113.1319,26.7984,1.2014],[-113.1344,26.798,1.2423],[-113.1355,26.7997,1.3049],[-113.1378,26.7983,1.4481],[-113.1392,26.8013,1.4628],[-113.1503,26.8033,2.1928],[-113.1469,26.8045,1.9608],[-113.1401,26.8133,3.7308],[-113.1362,26.8153,2.058],[-113.1317,26.815,2.0717],[-113.1236,26.8101,1.9533],[-113.1224,26.8028,3.2904],[-113.1247,26.801,2.8066],[-113.121,26.7999,4.9253],[-113.1211,26.7936,2.6431],[-113.124,26.7989,1.9973],[-113.1252,26.7966,2.4037],[-113.1238,26.7934,2.8773],[-113.1288,26.7916,2.6337],[-113.1359,26.7915,1.4353],[-113.1422,26.7959,0.7787],[-113.1491,26.7928,0.1904],[-113.1404,26.7806,0.6534],[-113.1417,26.777,1.5947],[-113.1501,26.7766,1.1745],[-113.1505,26.772,0.0],[-113.1467,26.7691,1.4545],[-113.1458,26.7641,1.4996],[-113.1387,26.7567,1.2736],[-113.1473,26.7569,4.5138],[-113.1502,26.7551,0.1066],[-113.152,26.7502,0.0],[-113.1488,26.7528,1.1242],[-113.1436,26.7483,1.5013],[-113.1302,26.7262,0.1142],[-113.1241,26.7194,0.0],[-113.1227,26.7201,1.1117],[-113.1212,26.7166,0.5688],[-113.1161,26.7167,0.849],[-113.1136,26.7145,0.5133],[-113.1075,26.7072,0.6165],[-113.1035,26.6991,0.0],[-113.0991,26.6979,0.4226],[-113.096,26.6948,0.4985],[-113.0944,26.6869,0.7304],[-113.0823,26.6744,0.192],[-113.0729,26.6598,0.2723],[-113.0607,26.6514,0.2342],[-113.0573,26.6443,1.1371],[-113.053,26.64,0.5063],[-113.0554,26.6356,1.2827],[-113.0629,26.6402,1.4103],[-113.0676,26.6404,1.5696],[-113.0737,26.636,1.3199],[-113.0734,26.6322,1.4762],[-113.0755,26.6297,1.8204],[-113.0724,26.6264,0.0],[-113.0712,26.6273,0.9702],[-113.0717,26.6302,1.0178],[-113.0686,26.6289,1.1193],[-113.0595,26.6164,1.4852],[-113.0592,26.6105,1.3248],[-113.0537,26.6047,0.9955],[-113.0533,26.6014,2.1911],[-113.0639,26.6129,0.0],[-113.0627,26.6072,0.0],[-113.0643,26.6106,0.1718],[-113.0658,26.606,0.0],[-113.0617,26.5991,0.0],[-113.039,26.5805,1.749],[-113.0365,26.5764,1.3127],[-113.0276,26.5689,1.6043],[-112.9855,26.5419,1.4807],[-112.9844,26.5431,0.4944],[-112.9871,26.5474,0.2809],[-112.9943,26.554,0.7687],[-112.9912,26.555,1.5261],[-112.9919,26.5559,1.0347],[-113.0003,26.5554,2.3708],[-113.0061,26.557,2.0559],[-113.0073,26.5581,2.2157],[-113.0056,26.5582,0.0],[-113.0058,26.5609,0.0],[-113.0116,26.5633,0.7575],[-113.0141,26.5623,0.5282],[-113.0188,26.5693,0.8073],[-113.0132,26.5681,0.2561],[-113.0043,26.5624,0.4989],[-112.9996,26.5616,0.0],[-112.9988,26.5584,0.1807],[-112.9946,26.5577,0.8787],[-112.9916,26.5605,1.2718],[-112.9864,26.5601,0.105],[-112.9839,26.557,0.0],[-112.982,26.5465,0.2973],[-112.9808,26.5459,0.7736],[-112.9804,26.5483,1.2214],[-112.9797,26.5473,1.2214],[-112.9803,26.5442,1.2342],[-112.9828,26.5432,0.0],[-112.9789,26.5355,0.0],[-112.9751,26.5333,0.0],[-112.9535,26.5369,0.0],[-112.9514,26.5392,0.0],[-112.9556,26.5416,0.7977],[-112.9624,26.5404,0.8491],[-112.9647,26.5419,1.9485],[-112.97,26.54,1.9863],[-112.9686,26.5427,0.9171],[-112.9669,26.5427,0.0],[-112.9701,26.5445,0.9242],[-112.9754,26.5428,2.1343],[-112.9757,26.5474,2.0785],[-112.9744,26.5479,1.6445],[-112.9733,26.5458,0.2233],[-112.9702,26.5493,2.2038],[-112.9695,26.5476,1.4226],[-112.9714,26.547,0.4245],[-112.9673,26.5461,0.3882],[-112.9663,26.5437,0.0],[-112.9495,26.5419,0.424],[-112.9412,26.5375,0.4184],[-112.931,26.5366,0.0],[-112.9198,26.5322,0.3093],[-112.9064,26.5296,0.4148],[-112.8931,26.521,0.3438],[-112.8917,26.5161,0.8335],[-112.8792,26.5131,0.5814],[-112.8764,26.5095,0.7683],[-112.8644,26.5029,0.6157],[-112.8538,26.4909,1.2845],[-112.8411,26.4819,0.0],[-112.8354,26.4809,1.0116],[-112.8338,26.4773,0.4712],[-112.8345,26.4734,0.0],[-112.8235,26.4666,0.0],[-112.8235,26.4708,1.1359],[-112.8197,26.4672,0.8842],[-112.8144,26.4569,1.1473],[-112.8276,26.4652,1.2346],[-112.83,26.4654,0.5438],[-112.8337,26.4611,0.0],[-112.8332,26.4593,0.1927],[-112.8304,26.4609,0.7566],[-112.8247,26.4553,0.1154],[-112.8245,26.4472,0.5062],[-112.8315,26.4476,1.0102],[-112.8488,26.46,0.8244],[-112.8546,26.466,0.5496],[-112.8541,26.4676,0.0],[-112.8442,26.4633,0.0],[-112.8378,26.4638,0.763],[-112.8353,26.4676,0.0],[-112.8413,26.4717,2.0484],[-112.8419,26.4746,1.6393],[-112.8436,26.476,1.3084],[-112.8494,26.4747,1.578],[-112.8475,26.4792,0.0],[-112.8682,26.4915,0.8575],[-112.8682,26.4933,0.7316],[-112.8786,26.4948,0.5373],[-112.8778,26.4973,0.755],[-112.8843,26.4989,0.06],[-112.8846,26.5021,0.0],[-112.8957,26.5036,2.0336],[-112.8977,26.5058,1.7481],[-112.8964,26.5069,0.743],[-112.9,26.5078,1.3821],[-112.8991,26.5174,0.0],[-112.9003,26.5193,0.0],[-112.9023,26.5179,0.8675],[-112.9032,26.5212,1.4317],[-112.9105,26.5216,1.738],[-112.9112,26.5233,1.3993],[-112.9189,26.5245,1.4929],[-112.9186,26.5267,0.5259],[-112.9284,26.5284,0.1174],[-112.9271,26.5232,0.3436],[-112.9201,26.5204,0.3174],[-112.9217,26.5149,1.1847],[-112.9222,26.52,1.3575],[-112.9235,26.5193,1.3575],[-112.9298,26.5219,3.6126],[-112.9311,26.5268,1.9002],[-112.9411,26.527,1.5562],[-112.9439,26.5291,0.1252],[-112.9458,26.5277,1.1773],[-112.9462,26.5293,0.3761],[-112.9495,26.5281,1.6042],[-112.9591,26.5305,0.0],[-112.9613,26.5304,1.6072],[-112.9626,26.5284,1.607],[-112.9601,26.5243,1.8021],[-112.9142,26.5016,0.6151],[-112.8854,26.4834,0.3788],[-112.8267,26.4346,1.1093],[-112.7967,26.4122,1.0632],[-112.7928,26.4108,1.3036],[-112.7908,26.4127,0.8491],[-112.8022,26.4177,0.2549],[-112.8043,26.4228,0.0],[-112.8106,26.4255,0.1938],[-112.813,26.4299,1.2271],[-112.8174,26.4322,1.5687],[-112.8179,26.437,1.4269],[-112.8146,26.4369,1.1108],[-112.8155,26.4336,1.4113],[-112.8135,26.4335,1.0562],[-112.8117,26.4278,1.033],[-112.8053,26.4294,0.8253],[-112.8012,26.4268,0.1394],[-112.8,26.4254,1.1554],[-112.8021,26.4232,0.6089],[-112.8013,26.4224,0.6089],[-112.7956,26.4238,0.8996],[-112.7827,26.4224,0.8368],[-112.7752,26.427,1.8196],[-112.7807,26.4223,0.4515],[-112.7872,26.4213,0.7522],[-112.7872,26.4165,2.8778],[-112.785,26.413,1.0815],[-112.7615,26.3961,1.2129],[-112.7796,26.4045,0.1264],[-112.7875,26.4095,0.5418],[-112.7892,26.4124,0.1934],[-112.7899,26.4075,1.2559],[-112.7333,26.3735,0.5534],[-112.7129,26.3585,0.3636],[-112.6839,26.327,20.6545],[-112.6799,26.3153,0.0],[-112.6731,26.3197,45.7713],[-112.6612,26.3197,25.1109],[-112.6537,26.3253,0.0],[-112.6431,26.3239,54.2316],[-112.6247,26.3151,1.7519],[-112.6162,26.3043,0.0],[-112.5913,26.2934,0.7373],[-112.5799,26.2828,0.4449],[-112.5781,26.2846,0.5772],[-112.5565,26.289,1.3443],[-112.5535,26.2914,2.8786],[-112.5541,26.2938,2.6027],[-112.5524,26.2916,23.3182],[-112.5555,26.2884,33.5625],[-112.5729,26.2827,0.8273],[-112.5768,26.2789,1.8753],[-112.5638,26.2749,0.8806],[-112.5406,26.2617,3.2792],[-112.5196,26.2438,6.828],[-112.5007,26.2349,8.4305],[-112.5008,26.2335,0.0],[-112.4975,26.2315,0.9181],[-112.4803,26.2364,0.4198],[-112.4757,26.2432,5.4937],[-112.4778,26.2462,5.6398],[-112.4763,26.2499,0.0],[-112.4776,26.2512,14.351],[-112.4772,26.2549,0.0],[-112.4728,26.2592,0.4635],[-112.4652,26.2619,0.0],[-112.4549,26.2624,2.169],[-112.4467,26.2608,2.2575],[-112.4074,26.2443,4.5022],[-112.3874,26.2269,0.0],[-112.3687,26.2034,0.0],[-112.3568,26.1936,7.8918],[-112.3396,26.17,0.0],[-112.3275,26.1465,4.5063],[-112.3182,26.1232,13.8321],[-112.3092,26.093,2.5638],[-112.3083,26.0721,10.297],[-112.3039,26.0699,17.6422],[-112.2946,26.0576,14.2319],[-112.2901,26.0553,0.0],[-112.2865,26.0571,7.0146],[-112.2808,26.0621,1.0799],[-112.2826,26.0635,1.2912],[-112.2852,26.0609,1.3838],[-112.281,26.0693,3.044],[-112.2815,26.0642,0.5727],[-112.2779,26.0659,0.0],[-112.2787,26.0669,0.0],[-112.2768,26.0687,0.0],[-112.2744,26.0769,1.2763],[-112.274,26.0912,13.9939],[-112.2754,26.0952,4.0458],[-112.2734,26.0991,0.9537],[-112.2739,26.1059,11.9935],[-112.2677,26.1137,2.0157],[-112.2711,26.1058,0.288],[-112.2732,26.1052,0.8663],[-112.2719,26.0999,0.9537],[-112.2694,26.103,0.0],[-112.265,26.1022,1.5069],[-112.2476,26.0882,7.4268],[-112.237,26.0826,10.8767],[-112.2324,26.082,7.442],[-112.2272,26.0848,2.8905],[-112.2324,26.0814,7.442],[-112.2369,26.0816,50.5707],[-112.249,26.0877,24.601],[-112.2642,26.1002,2.3649],[-112.2701,26.1011,0.0],[-112.2729,26.0952,0.3951],[-112.2707,26.0828,0.0],[-112.2699,26.0836,0.0],[-112.2688,26.0821,2.2121],[-112.2712,26.0687,4.1381],[-112.2757,26.0624,0.0],[-112.2793,26.0609,0.0],[-112.2735,26.0573,6.1407],[-112.2602,26.0538,9.411],[-112.2443,26.0409,8.2722],[-112.2342,26.0367,9.5214],[-112.2073,26.0036,2.6834],[-112.2011,26.0003,2.0138],[-112.1952,25.9937,7.9994],[-112.1889,25.9832,9.074],[-112.1848,25.9692,15.9241],[-112.1764,25.9522,9.2862],[-112.1697,25.9249,0.0],[-112.1632,25.9324,2.2594],[-112.1589,25.9344,5.2522],[-112.1553,25.9336,13.0977],[-112.1473,25.9267,7.4832],[-112.1592,25.9331,2.1075],[-112.1688,25.9219,0.0],[-112.1616,25.8982,7.009],[-112.1372,25.8506,14.8828],[-112.129,25.8228,6.9787],[-112.1289,25.8149,6.1754],[-112.1213,25.8078,1.3444],[-112.1141,25.8126,2.8066],[-112.1089,25.8136,2.6712],[-112.0977,25.8131,3.956],[-112.0936,25.8112,4.9245],[-112.1149,25.8105,1.6158],[-112.1194,25.8072,1.7146],[-112.12,25.8044,6.2018],[-112.1117,25.7951,4.1303],[-112.105,25.7767,1.8295],[-112.0998,25.7488,3.5104],[-112.0987,25.6923,0.0],[-112.0944,25.6846,0.0],[-112.0927,25.6855,0.0],[-112.0964,25.6904,0.2002],[-112.0953,25.6966,2.5521],[-112.0968,25.6999,4.8156],[-112.0955,25.7004,1.7889],[-112.0974,25.7071,4.7961],[-112.0949,25.7103,2.1942],[-112.0957,25.7139,2.0999],[-112.0944,25.715699999999998,3.3633],[-112.0935,25.7081,0.5884],[-112.0911,25.7099,0.9781],[-112.091,25.7121,2.3466],[-112.0921,25.717,0.9906],[-112.0967,25.7225,3.6916],[-112.0974,25.7344,1.9299],[-112.0949,25.7219,2.0609],[-112.0907,25.716,0.9906],[-112.0907,25.7082,0.3885],[-112.089,25.7077,1.9971],[-112.0911,25.7077,0.3885],[-112.094,25.702,3.2268],[-112.093,25.6986,0.0],[-112.0827,25.7015,2.8006],[-112.0826,25.7071,2.9855],[-112.0806,25.7108,3.8045],[-112.0833,25.7164,2.2714],[-112.0797,25.7188,0.0],[-112.0818,25.7209,1.2141],[-112.0799,25.7285,0.4879],[-112.0809,25.7296,2.562],[-112.0774,25.73,2.5466],[-112.0753,25.7274,3.9422],[-112.0764,25.7203,1.1663],[-112.0742,25.7172,2.4747],[-112.0741,25.7133,0.6743],[-112.0773,25.7165,0.0],[-112.0804,25.7168,0.0],[-112.0746,25.712,1.932],[-112.0782,25.7113,0.0],[-112.0793,25.7078,0.0],[-112.0771,25.7061,2.8756],[-112.0796,25.7066,0.7055],[-112.0808,25.7021,0.0],[-112.0773,25.7036,2.2167],[-112.0773,25.705,2.2952],[-112.0763,25.7042,2.2952],[-112.0785,25.7014,0.0],[-112.0768,25.698,0.3768],[-112.0741,25.6976,3.5697],[-112.0722,25.6886,0.4606],[-112.075,25.6869,1.8622],[-112.0781,25.6881,4.6111],[-112.0794,25.6925,2.6252],[-112.0766,25.6956,0.0],[-112.0778,25.697,0.0],[-112.0826,25.6941,2.0009],[-112.079,25.699,0.0],[-112.0914,25.6974,0.0],[-112.0917,25.6942,2.7937],[-112.0942,25.692,0.4338],[-112.0889,25.6852,0.0],[-112.0879,25.6871,1.6666],[-112.0871,25.6846,0.0],[-112.0848,25.6844,2.2653],[-112.086,25.6829,2.4785],[-112.0855,25.6748,0.9775],[-112.0826,25.6743,1.4055],[-112.0838,25.6773,2.9007],[-112.0804,25.6815,3.2897],[-112.0788,25.681,1.4669],[-112.0786,25.6789,0.6336],[-112.0724,25.6764,2.479],[-112.075,25.6736,1.4161],[-112.0747,25.6688,1.2176],[-112.0766,25.6654,1.5562],[-112.0761,25.6613,0.3979],[-112.0737,25.6603,0.0],[-112.0711,25.6627,2.1972],[-112.0692,25.6616,0.5504],[-112.0702,25.6543,0.0],[-112.0644,25.6518,1.1322],[-112.065,25.6506,1.1322],[-112.069,25.651,0.0],[-112.0714,25.6478,1.1868],[-112.0733,25.6478,0.7864],[-112.0728,25.6438,1.3254],[-112.0692,25.6441,3.195],[-112.0652,25.6357,3.6279],[-112.0672,25.6331,3.017],[-112.0713,25.6338,0.0],[-112.0711,25.6262,0.0],[-112.0694,25.6248,1.8136],[-112.0741,25.6238,0.0],[-112.0712,25.6166,1.2146],[-112.0722,25.614,0.0],[-112.0682,25.6167,3.4259],[-112.0688,25.6201,3.3886],[-112.0636,25.6184,1.8758],[-112.0613,25.6069,1.3813],[-112.0644,25.6017,0.0],[-112.0654,25.5955,1.8305],[-112.0635,25.5946,3.0225],[-112.0665,25.5915,0.724],[-112.0641,25.5913,1.4606],[-112.0619,25.5886,0.0],[-112.0628,25.5846,0.4387],[-112.0662,25.5799,0.9387],[-112.0693,25.5801,0.7913],[-112.0745,25.5776,0.0],[-112.074,25.5744,0.0],[-112.0705,25.574,6.295],[-112.0662,25.5696,4.0511],[-112.0663,25.5643,0.6209],[-112.0686,25.5637,4.2638],[-112.0731,25.5658,0.0],[-112.0765,25.5584,1.6536],[-112.0809,25.5584,2.5375],[-112.0826,25.5604,2.014],[-112.0849,25.5582,1.1223],[-112.0839,25.5555,2.452],[-112.0781,25.5557,3.0849],[-112.0761,25.5541,2.1078],[-112.0701,25.5575,3.0528],[-112.0648,25.5572,3.0406],[-112.065,25.5531,1.5461],[-112.0693,25.5514,0.0],[-112.0635,25.5424,2.7261],[-112.0671,25.5358,3.932],[-112.0697,25.5341,0.6704],[-112.065,25.5322,3.3048],[-112.0675,25.5318,3.8766],[-112.068,25.528,0.0],[-112.0636,25.5266,3.2747],[-112.0633,25.5218,1.9451],[-112.067,25.5183,2.388],[-112.0715,25.519,0.0],[-112.0739,25.516,1.0858],[-112.0795,25.5168,0.9924],[-112.0799,25.514,0.9852],[-112.0779,25.5101,1.069],[-112.0721,25.5106,3.6188],[-112.0699,25.5086,0.8383],[-112.0685,25.5117,2.5727],[-112.0706,25.5144,3.4384],[-112.0681,25.5126,2.2539],[-112.0672,25.5091,4.3389],[-112.0696,25.5076,0.4822],[-112.0695,25.5052,0.7088],[-112.0664,25.5055,3.1613],[-112.065,25.5039,2.4066],[-112.0676,25.5023,3.4384],[-112.0708,25.4948,0.0],[-112.0647,25.4957,2.2796],[-112.064,25.4922,0.0],[-112.0647,25.4906,0.6308],[-112.068,25.4915,0.0],[-112.0709,25.4899,1.5827],[-112.0732,25.4923,0.0],[-112.0755,25.4906,0.461],[-112.0754,25.4942,0.0],[-112.0784,25.499,3.3376],[-112.0718,25.4994,0.3928],[-112.0737,25.5023,1.533],[-112.0709,25.5045,2.5007],[-112.071,25.5061,1.5261],[-112.0728,25.5092,0.0],[-112.0794,25.5072,1.4747],[-112.0793,25.5088,0.0],[-112.0815,25.5092,0.0],[-112.0834,25.5058,0.0],[-112.0826,25.4984,0.0],[-112.0837,25.4938,0.388],[-112.091,25.4809,0.0],[-112.0906,25.478,0.0],[-112.0884,25.4784,2.2593],[-112.0895,25.4728,1.2519],[-112.0832,25.4697,1.0528],[-112.0656,25.4758,1.8983],[-112.0513,25.4767,0.9795],[-112.0306,25.4748,0.7126],[-112.0248,25.4758,0.9646],[-112.0159,25.4814,0.0],[-112.0131,25.492,0.6848],[-112.009,25.4989,6.3835],[-112.0063,25.4984,1.6036],[-112.0007,25.5026,2.1796],[-112.0007,25.5003,3.1172],[-112.0101,25.4945,0.629],[-112.0135,25.4818,1.1088],[-112.0259,25.4725,0.0],[-112.04,25.4716,1.0643],[-112.0594,25.4737,0.7936],[-112.0804,25.4664,0.0],[-112.0769,25.4671,1.5949],[-112.0684,25.4644,0.721],[-112.0784,25.4622,0.8833],[-112.0858,25.4645,0.0],[-112.0881,25.4629,0.5198],[-112.0881,25.4592,0.5045],[-112.0852,25.4595,2.7033],[-112.0831,25.4579,2.7703],[-112.087,25.4589,0.5045],[-112.0889,25.4431,0.0],[-112.0855,25.4398,0.0],[-112.0842,25.442,0.0],[-112.0813,25.4428,1.3238],[-112.0748,25.4402,0.4191],[-112.0754,25.4425,2.8456],[-112.0693,25.4466,1.9051],[-112.0678,25.4365,0.0],[-112.069,25.4338,0.0],[-112.0675,25.4316,4.5111],[-112.0707,25.4239,0.0],[-112.0712,25.4161,0.8062],[-112.0751,25.4151,0.7993],[-112.0785,25.4181,1.9438],[-112.0771,25.4235,0.0],[-112.0801,25.4255,0.0],[-112.0795,25.428,1.4501],[-112.0827,25.4293,2.3643],[-112.086,25.4337,0.558],[-112.0873,25.4284,0.0],[-112.0865,25.4216,0.0],[-112.0909,25.4164,0.0],[-112.0908,25.4139,0.0],[-112.0872,25.409,0.4756],[-112.0862,25.4114,0.7497],[-112.0876,25.4131,2.8404],[-112.0842,25.4147,2.6633],[-112.0784,25.407,1.6148],[-112.0832,25.4076,0.0],[-112.0887,25.4019,1.6969],[-112.094,25.4004,2.4018],[-112.0929,25.3972,1.1283],[-112.0878,25.393,2.5513],[-112.0914,25.3947,0.3246],[-112.0921,25.385,3.1504],[-112.0949,25.3777,0.0],[-112.0941,25.3724,2.8206],[-112.0923,25.3714,0.4408],[-112.0895,25.3728,2.527],[-112.089,25.376,3.4225],[-112.0885,25.3731,2.527],[-112.0869,25.3731,1.3254],[-112.0795,25.3762,0.9459],[-112.0768,25.3748,0.6271],[-112.0755,25.3768,2.6637],[-112.0753,25.3725,0.7832],[-112.0793,25.3738,0.0],[-112.0798,25.3716,2.3224],[-112.0837,25.3734,0.9475],[-112.0861,25.3711,2.2755],[-112.0773,25.3698,0.9901],[-112.0732,25.3675,1.907],[-112.0772,25.3618,1.9203],[-112.0856,25.3665,1.456],[-112.0881,25.3579,1.9135],[-112.0857,25.3523,2.0815],[-112.0806,25.3545,1.9022],[-112.0766,25.3508,0.4381],[-112.079,25.3559,2.5366],[-112.0756,25.3572,1.9899],[-112.0703,25.3526,0.4865],[-112.0718,25.3474,1.2142],[-112.0778,25.3428,1.258],[-112.0745,25.3389,1.7968],[-112.0741,25.3346,0.0],[-112.0706,25.3324,0.0],[-112.0724,25.3303,1.4437],[-112.0766,25.3303,0.7921],[-112.0722,25.322,0.0],[-112.0773,25.3097,2.4446],[-112.0731,25.301,2.1292],[-112.079,25.2982,2.2715],[-112.0811,25.3001,1.1917],[-112.0846,25.3,0.0],[-112.0819,25.2976,2.259],[-112.0826,25.2945,0.3052],[-112.078,25.2929,2.3918],[-112.0803,25.289,0.0],[-112.0756,25.2829,5.0126],[-112.0755,25.2795,3.817],[-112.0787,25.2663,0.0],[-112.0804,25.2634,1.3509],[-112.0848,25.2628,0.5544],[-112.0867,25.2568,0.0],[-112.0818,25.2581,2.2271],[-112.0811,25.2564,0.6302],[-112.0772,25.2601,1.2567],[-112.0701,25.2604,1.6208],[-112.0662,25.2589,7.1957],[-112.0622,25.2553,5.1253],[-112.0651,25.2558,2.1391],[-112.0675,25.2589,7.1957],[-112.0761,25.2595,1.2567],[-112.0781,25.2545,0.0],[-112.0841,25.2537,1.8187],[-112.0838,25.2511,1.7324],[-112.0809,25.2512,0.6195],[-112.0773,25.2482,5.0997],[-112.0787,25.2457,0.0],[-112.0774,25.2422,5.0263],[-112.082,25.2392,0.3752],[-112.0792,25.2377,1.5174],[-112.0818,25.2333,2.6541],[-112.0843,25.2365,0.8629],[-112.0862,25.2364,0.8629],[-112.0836,25.2429,0.0],[-112.085,25.2448,0.4849],[-112.0888,25.241,0.0],[-112.0933,25.2406,0.0],[-112.0934,25.2382,1.9408],[-112.1028,25.2398,0.0],[-112.1053,25.2383,1.2794],[-112.1147,25.241,0.9206],[-112.1168,25.2298,0.0],[-112.1137,25.2332,2.7047],[-112.1088,25.2333,2.9961],[-112.1072,25.2324,2.9961],[-112.1038,25.2276,0.3796],[-112.101,25.2267,0.3972],[-112.1001,25.2248,0.9576],[-112.0938,25.2217,1.2383],[-112.095,25.22,0.8908],[-112.0996,25.2228,0.0],[-112.1043,25.2236,1.1666],[-112.1143,25.223,1.2556],[-112.1157,25.2267,0.7741],[-112.1107,25.2318,0.9258],[-112.1143,25.232,1.386],[-112.1165,25.2263,0.7741],[-112.1148,25.2109,0.4992],[-112.1227,25.1984,0.752],[-112.1242,25.19,0.351],[-112.119,25.1904,0.306],[-112.1087,25.1876,2.1043],[-112.1134,25.1875,0.0],[-112.1122,25.1843,2.4163],[-112.1096,25.1836,2.2241],[-112.1112,25.1822,1.2673],[-112.1089,25.1813,0.238],[-112.0987,25.1884,1.1829],[-112.0815,25.1955,6.5249],[-112.0758,25.1962,5.9812],[-112.0716,25.1947,8.4154],[-112.0792,25.1949,1.128],[-112.0882,25.1895,1.9424],[-112.0976,25.1871,0.0],[-112.0987,25.1861,0.3468],[-112.0974,25.1855,1.1016],[-112.1043,25.1805,0.68],[-112.1114,25.1805,0.3729],[-112.1166,25.1868,1.5165],[-112.1203,25.1867,1.554],[-112.1152,25.1843,1.5188],[-112.1229,25.187,3.0778],[-112.1286,25.1854,2.7786],[-112.1319,25.1791,0.0],[-112.133,25.1698,1.4372],[-112.1404,25.1549,0.2636],[-112.1465,25.1468,0.6314],[-112.1429,25.1454,2.4114],[-112.1449,25.1435,0.8229],[-112.1402,25.1418,0.4367],[-112.1408,25.1391,0.585],[-112.1437,25.136,1.3621],[-112.1415,25.1417,0.4367],[-112.1461,25.1431,1.0202],[-112.1495,25.1374,0.2903],[-112.1482,25.1313,0.0],[-112.1515,25.1193,0.2488],[-112.1489,25.118,0.3828],[-112.1503,25.1155,0.0],[-112.1488,25.1148,0.9589],[-112.148,25.1177,0.9299],[-112.1419,25.1067,0.0],[-112.1404,25.1095,2.4601],[-112.1373,25.1085,2.6191],[-112.1399,25.1084,1.49],[-112.142,25.1053,1.7927],[-112.1451,25.1051,0.4243],[-112.1431,25.1035,1.871],[-112.1437,25.1005,2.4899],[-112.1415,25.1002,1.7321],[-112.1439,25.0987,2.2153],[-112.1456,25.1014,0.0],[-112.1446,25.1026,0.0],[-112.148,25.1057,0.0],[-112.1455,25.1116,0.3523],[-112.1482,25.1124,0.0],[-112.1476,25.11,0.5447],[-112.1569,25.0962,0.0],[-112.1564,25.0922,0.0],[-112.1552,25.0949,1.5716],[-112.1524,25.0952,2.3685],[-112.1552,25.0935,2.7266],[-112.1549,25.0892,1.3778],[-112.1518,25.0917,2.0429],[-112.1488,25.091,3.0718],[-112.1497,25.0895,1.8692],[-112.1523,25.0901,2.5594],[-112.1537,25.0889,2.5594],[-112.1515,25.0892,1.6962],[-112.1523,25.0876,0.8199],[-112.154,25.088,0.8199],[-112.1561,25.0857,1.829],[-112.1544,25.0805,1.4136],[-112.1549,25.0662,1.7095],[-112.154,25.0651,0.0],[-112.1511,25.0661,0.8571],[-112.1469,25.0703,0.0],[-112.1475,25.0714,0.7758],[-112.1434,25.0738,1.0688],[-112.1434,25.0755,1.889],[-112.1409,25.0751,1.7737],[-112.1425,25.0734,0.1437],[-112.1397,25.0738,2.5074],[-112.1373,25.0708,0.0],[-112.135,25.0731,1.1241],[-112.13,25.0718,0.0],[-112.1231,25.0739,1.7584],[-112.1201,25.0726,1.3026],[-112.1229,25.066,0.3717],[-112.1225,25.0645,0.3039],[-112.1207,25.0645,1.7346],[-112.1235,25.0559,0.0],[-112.1281,25.0505,0.0],[-112.1272,25.0486,3.0966],[-112.1307,25.0476,0.0],[-112.126,25.0427,0.591],[-112.1233,25.0428,4.2109],[-112.1223,25.0387,0.3266],[-112.1314,25.0252,0.4246],[-112.1301,25.0241,0.4246],[-112.1315,25.0212,1.5424],[-112.1308,25.018,0.7171],[-112.1331,25.0154,1.5383],[-112.1316,25.0096,0.0],[-112.1353,25.0022,1.6379],[-112.1346,25.0004,1.9078],[-112.137,24.9999,2.1467],[-112.1465,24.9854,3.403],[-112.1491,24.9849,1.5753],[-112.1493,24.9883,0.1134],[-112.1526,24.9832,0.0],[-112.1521,24.977,0.0],[-112.1487,24.9771,3.244],[-112.1453,24.9738,2.9208],[-112.1459,24.9715,2.043],[-112.1442,24.9699,0.0],[-112.1454,24.965699999999998,1.2195],[-112.1504,24.9653,3.1231],[-112.15,24.9679,0.0],[-112.1547,24.9647,1.4826],[-112.1549,24.966,0.0],[-112.1618,24.9659,0.0],[-112.1653,24.9684,0.5653],[-112.171,24.9683,0.7958],[-112.1823,24.9621,0.0],[-112.1807,24.9612,2.631],[-112.1837,24.9607,0.0],[-112.184,24.9563,0.1317],[-112.182,24.9541,2.6831],[-112.1836,24.9533,0.0],[-112.1835,24.9463,0.0],[-112.1794,24.9474,0.995],[-112.1765,24.9507,0.613],[-112.1678,24.9542,1.6365],[-112.1638,24.9512,2.6542],[-112.1606,24.9514,1.1073],[-112.1612,24.9468,1.9766],[-112.1619,24.9501,0.6086],[-112.1686,24.953,1.0342],[-112.1698,24.9509,1.3412],[-112.1653,24.9458,1.7429],[-112.1673,24.9469,0.5592],[-112.1692,24.9451,1.6259],[-112.1714,24.9493,0.0],[-112.1729,24.9448,1.8911],[-112.174,24.9466,2.7755],[-112.1732,24.9503,2.8745],[-112.1757,24.9508,0.613],[-112.1769,24.9492,0.8011],[-112.1759,24.9488,1.0555],[-112.1822,24.9458,0.0],[-112.1831,24.9438,0.0],[-112.1782,24.9364,0.8432],[-112.1743,24.9357,1.1445],[-112.1731,24.9369,1.1445],[-112.1758,24.9412,3.335],[-112.1709,24.9377,0.6272],[-112.1675,24.9379,1.4761],[-112.1689,24.9363,0.0],[-112.1676,24.9314,0.3383],[-112.1655,24.9312,1.0832],[-112.1643,24.9335,0.9316],[-112.1637,24.9315,0.0],[-112.1614,24.934,3.3005],[-112.1595,24.933,2.111],[-112.1598,24.9296,0.9802],[-112.158,24.9262,1.1176],[-112.1585,24.918,0.0],[-112.1612,24.9162,0.3125],[-112.1589,24.9079,0.0],[-112.1643,24.9017,0.0],[-112.1617,24.9025,2.9796],[-112.1611,24.9005,1.5873],[-112.1649,24.8998,0.0],[-112.1633,24.8981,1.4568],[-112.1654,24.8952,0.0],[-112.1632,24.8929,2.5584],[-112.163,24.89,0.8408],[-112.1678,24.885,1.2887],[-112.1677,24.8823,0.8523],[-112.1637,24.8821,2.6742],[-112.1653,24.8796,1.6237],[-112.168,24.8792,0.4202],[-112.1697,24.872,2.1457],[-112.1734,24.8673,0.0],[-112.1717,24.8664,0.0],[-112.1696,24.87,0.9456],[-112.1653,24.8698,1.4702],[-112.1635,24.8733,2.7135],[-112.1628,24.8707,1.4821],[-112.1611,24.8705,1.5818],[-112.161,24.8749,2.6759],[-112.1572,24.8686,1.8299],[-112.1589,24.8687,0.0],[-112.1593,24.8669,2.9631],[-112.1635,24.8692,0.0],[-112.1653,24.8609,0.6687],[-112.1664,24.8624,0.0],[-112.1727,24.8615,1.2717],[-112.1793,24.8539,0.0],[-112.1816,24.8552,1.2737],[-112.1804,24.8581,0.0],[-112.1817,24.8606,0.0],[-112.1859,24.8603,1.6287],[-112.1877,24.8574,0.5016],[-112.1864,24.8549,2.4275],[-112.1882,24.8551,1.0074],[-112.1887,24.8529,1.9122],[-112.189,24.8447,3.3338],[-112.1855,24.8396,0.3383],[-112.1841,24.8431,1.6956],[-112.1828,24.8414,3.4202],[-112.1821,24.8383,3.6351],[-112.1839,24.8342,0.0],[-112.1804,24.8236,2.0807],[-112.1767,24.8176,1.5956],[-112.1696,24.8117,0.2212],[-112.1667,24.8122,2.2978],[-112.1675,24.8155,0.0],[-112.1719,24.8181,0.3971],[-112.1719,24.8197,0.0],[-112.1758,24.8202,2.7471],[-112.1727,24.821,2.8581],[-112.169,24.8195,1.6368],[-112.1688,24.8214,2.9723],[-112.1667,24.8181,0.0],[-112.1655,24.8203,1.4312],[-112.1719,24.8263,0.3842],[-112.1704,24.8286,0.0],[-112.1726,24.8304,0.5155],[-112.1703,24.8318,0.0],[-112.1672,24.8402,1.2324],[-112.1642,24.8393,0.0],[-112.16,24.8437,0.5794],[-112.1581,24.843,0.0],[-112.1614,24.8457,2.8539],[-112.1563,24.8448,0.0],[-112.153,24.8479,0.0],[-112.1542,24.852,0.0],[-112.1529,24.8534,0.0],[-112.155,24.854,0.0],[-112.152,24.8606,1.8757],[-112.1488,24.8612,1.5173],[-112.1459,24.8572,2.7883],[-112.1476,24.8566,0.0],[-112.1508,24.8585,0.0],[-112.1514,24.8518,0.8701],[-112.1441,24.85,1.2723],[-112.149,24.8492,0.0],[-112.1528,24.8458,0.0],[-112.1512,24.8401,2.119],[-112.1553,24.8376,0.9137],[-112.1534,24.8357,1.9441],[-112.1579,24.8366,1.2474],[-112.1601,24.8329,1.2751],[-112.1548,24.8289,3.5247],[-112.1483,24.8064,0.0],[-112.1431,24.8039,0.0],[-112.1445,24.8098,1.165],[-112.1408,24.8117,0.7136],[-112.1438,24.8173,1.1687],[-112.1426,24.8162,0.0],[-112.1406,24.8189,1.3788],[-112.1404,24.8237,3.3339],[-112.1454,24.8354,0.0],[-112.1412,24.8371,2.158],[-112.143,24.8349,1.1557],[-112.1415,24.8328,0.6336],[-112.1366,24.8417,0.0],[-112.1362,24.8562,0.3379],[-112.1374,24.8571,0.0],[-112.1353,24.862,0.0],[-112.1372,24.8659,0.6239],[-112.1395,24.8654,0.8839],[-112.1406,24.8631,0.5654],[-112.1438,24.8656,0.0],[-112.1453,24.8642,0.6588],[-112.1515,24.8669,1.3978],[-112.1413,24.8671,1.147],[-112.1413,24.87,0.6021],[-112.1431,24.8704,1.0716],[-112.1412,24.8718,0.4444],[-112.1438,24.8737,1.0072],[-112.1423,24.8743,1.1859],[-112.1432,24.881,1.6042],[-112.1383,24.8813,0.778],[-112.1367,24.8829,0.0],[-112.1398,24.8919,1.6793],[-112.1432,24.8941,0.4581],[-112.1412,24.8979,0.6099],[-112.1428,24.9019,0.8811],[-112.1406,24.8998,0.0],[-112.1405,24.8966,0.0],[-112.1385,24.8967,0.0],[-112.1395,24.9008,0.5018],[-112.1438,24.9046,1.6238],[-112.1401,24.9063,2.4172],[-112.1397,24.9089,1.8777],[-112.1382,24.9086,0.4357],[-112.1325,24.9153,0.5817],[-112.1324,24.9183,1.9954],[-112.1302,24.9185,0.4775],[-112.1322,24.9141,0.5817],[-112.1413,24.9038,0.3747],[-112.1371,24.8995,0.0],[-112.1377,24.9029,1.0454],[-112.1349,24.9023,1.9392],[-112.1364,24.8941,0.8285],[-112.1305,24.8911,0.831],[-112.13,24.8952,2.6765],[-112.1233,24.8978,0.2971],[-112.1201,24.9061,0.0],[-112.1236,24.9244,1.4122],[-112.1224,24.9246,1.4671],[-112.1201,24.9188,1.4846],[-112.1153,24.9201,1.0093],[-112.1186,24.9277,0.0],[-112.1211,24.929,0.0],[-112.1243,24.9287,0.0],[-112.1264,24.9221,1.4338],[-112.1299,24.9201,1.5131],[-112.1302,24.9216,2.1584],[-112.1275,24.9226,0.9239],[-112.1301,24.9244,1.7349],[-112.1304,24.9272,0.0],[-112.1336,24.9275,0.0],[-112.136,24.9258,1.0221],[-112.1351,24.9306,3.1415],[-112.1316,24.9308,2.211],[-112.1304,24.933,0.9525],[-112.1379,24.935,3.0335],[-112.135,24.9401,0.0],[-112.1394,24.9484,2.7005],[-112.1348,24.9524,0.7751],[-112.1279,24.9672,1.8658],[-112.1177,24.9726,0.0],[-112.1194,24.9753,1.511],[-112.1176,24.9762,0.4539],[-112.1176,24.9795,1.4978],[-112.1155,24.979,1.8969],[-112.1163,24.976,0.4692],[-112.1145,24.976,0.4614],[-112.1142,24.9777,0.3716],[-112.1167,24.981,0.0],[-112.1194,24.981,1.2192],[-112.1178,24.9829,1.1622],[-112.1204,24.9866,1.0778],[-112.1198,24.9883,2.0932],[-112.1192,24.9863,0.5205],[-112.1176,24.9868,0.5205],[-112.1178,24.9846,0.3584],[-112.1139,24.9862,1.1651],[-112.1162,24.9831,0.499],[-112.1126,24.9801,2.8747],[-112.1125,24.9775,1.3954],[-112.1097,24.9787,0.0],[-112.1083,24.9906,1.378],[-112.104,24.9946,1.6724],[-112.102,24.9933,0.0],[-112.1038,24.9972,0.0],[-112.1076,24.9961,0.6619],[-112.1102,24.9977,0.2113],[-112.1104,25.0,0.1605],[-112.1093,24.9997,0.1605],[-112.1101,25.0009,0.2737],[-112.1078,25.0041,1.5756],[-112.1065,25.0032,0.248],[-112.1059,25.0075,1.4421],[-112.1032,25.0085,1.1479],[-112.1011,25.0068,0.7702],[-112.1021,25.0041,1.6434],[-112.0984,25.0045,1.4953],[-112.0969,25.0004,0.0],[-112.1,24.9882,2.3767],[-112.1042,24.9826,0.0],[-112.1007,24.9787,2.7172],[-112.1017,24.9757,0.7863],[-112.0993,24.9718,0.1871],[-112.0991,24.9674,0.0],[-112.0967,24.9679,0.9623],[-112.0962,24.9643,0.7277],[-112.094,24.9623,0.7457],[-112.0895,24.965699999999998,2.5126],[-112.0951,24.9603,1.8126],[-112.0984,24.9658,0.0],[-112.108,24.9583,0.3883],[-112.1104,24.9416,0.5436],[-112.1086,24.9422,0.847],[-112.1073,24.9461,2.3229],[-112.104,24.9439,1.778],[-112.1011,24.9449,0.474],[-112.1049,24.9476,1.4857],[-112.1027,24.9478,0.3367],[-112.1045,24.951,2.3121],[-112.1006,24.9478,1.3867],[-112.0958,24.9474,2.0872],[-112.0912,24.9444,0.8659],[-112.089,24.9452,0.9536],[-112.0878,24.9486,0.4237],[-112.0832,24.9479,0.3897],[-112.0823,24.9508,2.903],[-112.0786,24.9506,2.391],[-112.0761,24.9449,1.5402],[-112.0789,24.9393,0.0],[-112.0842,24.9414,0.0],[-112.0839,24.9454,0.0],[-112.0868,24.9435,0.0],[-112.0879,24.9407,0.0],[-112.0853,24.9403,2.8905],[-112.087,24.9386,1.2195],[-112.0927,24.9399,1.7381],[-112.0937,24.944,0.0],[-112.0961,24.9449,0.8773],[-112.0987,24.9413,0.0],[-112.0971,24.9378,0.0],[-112.0927,24.9372,2.6488],[-112.0906,24.9345,0.2382],[-112.0862,24.9342,3.754],[-112.0841,24.9312,0.0],[-112.0807,24.9354,0.508],[-112.0775,24.9351,1.7039],[-112.0766,24.933,1.4917],[-112.08,24.9339,0.0],[-112.0859,24.9284,1.429],[-112.0899,24.9297,1.2772],[-112.0922,24.9336,0.2652],[-112.0983,24.9297,0.0],[-112.0947,24.9267,0.8224],[-112.0964,24.9266,0.8224],[-112.103,24.9346,1.5735],[-112.1023,24.9363,0.0],[-112.1037,24.9386,1.8951],[-112.1076,24.9392,0.0],[-112.1114,24.9363,0.902],[-112.1121,24.9313,1.6325],[-112.1103,24.9299,2.8338],[-112.1063,24.9164,0.8228],[-112.1049,24.9153,0.0],[-112.0994,24.9163,0.9928],[-112.0952,24.9205,2.104],[-112.0969,24.9101,0.0],[-112.1051,24.9003,0.0],[-112.0979,24.903,1.034],[-112.0949,24.9014,0.0],[-112.0871,24.9064,1.429],[-112.0828,24.9041,1.0087],[-112.0855,24.9073,1.0925],[-112.0814,24.9098,1.0222],[-112.0794,24.9074,0.5006],[-112.0828,24.9015,0.8711],[-112.0881,24.9011,0.2481],[-112.0918,24.9028,0.3448],[-112.0957,24.8999,1.3072],[-112.0991,24.902,0.0],[-112.0996,24.8989,0.0],[-112.1025,24.8998,1.5928],[-112.1089,24.8954,1.6685],[-112.1167,24.8853,1.5859],[-112.1157,24.882,0.883],[-112.1209,24.8793,0.5329],[-112.1238,24.8741,0.0],[-112.1241,24.8715,0.0],[-112.12,24.8665,1.2581],[-112.1198,24.8591,1.5025],[-112.1176,24.856,0.8787],[-112.1161,24.8489,1.1347],[-112.1075,24.8425,0.755],[-112.103,24.8446,1.1599],[-112.1042,24.8499,2.216],[-112.1029,24.8517,1.8067],[-112.0996,24.8488,1.6729],[-112.0983,24.8497,1.5939],[-112.1014,24.8426,2.0303],[-112.0961,24.832,0.0],[-112.0938,24.8317,0.0],[-112.0973,24.8384,0.8137],[-112.0922,24.8357,3.3374],[-112.0912,24.833,0.9459],[-112.0942,24.8236,3.3613],[-112.1021,24.8125,0.2761],[-112.099,24.814,1.9895],[-112.0946,24.8114,0.0],[-112.0954,24.8055,0.0],[-112.0941,24.8047,1.4897],[-112.0965,24.8053,0.6026],[-112.0942,24.8023,1.6553],[-112.0968,24.8036,3.1525],[-112.097,24.8092,0.0],[-112.0985,24.807,0.4438],[-112.0984,24.8015,2.4556],[-112.1017,24.8036,1.0535],[-112.0996,24.8049,0.7398],[-112.1174,24.8052,0.4546],[-112.1158,24.8006,0.1699],[-112.1168,24.7909,1.9898],[-112.1218,24.7881,0.0],[-112.1204,24.7835,0.0],[-112.1198,24.787,0.0],[-112.1143,24.7901,1.0298],[-112.1112,24.7888,3.1182],[-112.1046,24.7793,0.4868],[-112.1011,24.7806,2.4921],[-112.0901,24.7779,0.0],[-112.093,24.7791,1.1067],[-112.0921,24.7854,0.0],[-112.0992,24.7922,0.0],[-112.1055,24.7928,1.8271],[-112.108,24.799,1.8911],[-112.1059,24.7998,1.2163],[-112.1001,24.7983,2.6111],[-112.0985,24.796,3.0202],[-112.0941,24.7965,2.9216],[-112.0902,24.7888,3.115],[-112.0862,24.785,2.2393],[-112.0882,24.7812,1.0889],[-112.0818,24.774,6.8693],[-112.0771,24.765,2.4862],[-112.074,24.7643,1.1816],[-112.0737,24.7656,3.0891],[-112.0719,24.7643,1.3264],[-112.0695,24.7657,3.4183],[-112.0644,24.7621,1.3644],[-112.0633,24.7582,1.5078],[-112.0647,24.7576,0.0],[-112.0616,24.7573,2.7865],[-112.0656,24.7572,0.0],[-112.0649,24.7546,2.1865],[-112.0675,24.7513,2.5945],[-112.0681,24.7476,0.0],[-112.0751,24.7396,0.0],[-112.0794,24.7231,0.0],[-112.0771,24.7261,0.0],[-112.0747,24.7382,0.0],[-112.0707,24.7425,0.9824],[-112.0578,24.7496,0.6368],[-112.0433,24.7527,0.0],[-112.0421,24.7546,0.0],[-112.0461,24.7635,3.0474],[-112.0474,24.774,0.6501],[-112.0514,24.7849,3.7553],[-112.0495,24.7925,0.6522],[-112.0516,24.7945,1.0607],[-112.051,24.7971,2.1615],[-112.0481,24.7976,1.5401],[-112.0475,24.7994,3.4298],[-112.0441,24.7983,0.8976],[-112.0462,24.8011,0.7929],[-112.0515,24.8031,3.9198],[-112.056,24.8099,2.338],[-112.0544,24.809,2.5884],[-112.05,24.8122,2.1909],[-112.0494,24.809,1.491],[-112.0517,24.8099,1.721],[-112.0504,24.8079,3.2058],[-112.051,24.8045,3.1073],[-112.0452,24.8026,1.5444],[-112.042,24.7993,1.3868],[-112.0403,24.8007,0.0],[-112.0415,24.8063,3.0686],[-112.0402,24.8067,0.0],[-112.0429,24.8111,0.0],[-112.0485,24.8153,1.4016],[-112.0504,24.8237,0.0],[-112.0563,24.8272,0.5646],[-112.0566,24.8298,0.0],[-112.0514,24.834,2.0175],[-112.0522,24.8364,2.3202],[-112.0489,24.8381,0.794],[-112.0492,24.84,1.0305],[-112.0462,24.8378,1.0432],[-112.0485,24.8379,0.794],[-112.0513,24.8356,2.9364],[-112.0476,24.8352,0.676],[-112.048,24.8342,0.676],[-112.0406,24.8372,1.8515],[-112.03,24.8358,0.0],[-112.0342,24.8389,0.9327],[-112.0343,24.8404,0.9327],[-112.0363,24.8404,1.5214],[-112.0371,24.8447,1.1984],[-112.0328,24.8415,0.0],[-112.0328,24.8386,2.7349],[-112.0278,24.8371,0.5665],[-112.0295,24.8404,1.5168],[-112.0256,24.8374,0.6336],[-112.0275,24.8316,0.516],[-112.0248,24.8276,0.0],[-112.0303,24.8229,0.5766],[-112.0274,24.8248,0.9087],[-112.0249,24.8241,1.3704],[-112.0249,24.82,0.0],[-112.0233,24.8179,2.8613],[-112.024,24.8152,4.752],[-112.0258,24.8153,4.3244],[-112.0254,24.8188,0.0],[-112.0302,24.8179,0.6396],[-112.0303,24.8213,0.0],[-112.0332,24.8225,5.0146],[-112.0327,24.8264,0.0],[-112.0274,24.8292,1.0308],[-112.0304,24.8308,0.0],[-112.0335,24.8286,1.776],[-112.0358,24.8293,1.2347],[-112.0365,24.834,0.0],[-112.0416,24.8346,0.8847],[-112.0543,24.8293,0.0],[-112.0473,24.8261,0.673],[-112.0445,24.8214,1.6911],[-112.0448,24.8182,1.0654],[-112.0403,24.8166,3.5082],[-112.0382,24.8113,0.0],[-112.0372,24.8144,2.492],[-112.0383,24.8174,0.8612],[-112.0367,24.819,2.7373],[-112.037,24.8052,0.0],[-112.0333,24.8054,0.0],[-112.028,24.8014,3.9347],[-112.0278,24.8004,5.7107],[-112.03,24.8017,1.6095],[-112.0311,24.8005,0.0],[-112.0276,24.7948,1.3008],[-112.0299,24.7962,0.6018],[-112.0384,24.795,1.0166],[-112.0453,24.7883,0.0],[-112.0442,24.7853,2.601],[-112.0454,24.784,0.0],[-112.0428,24.7835,0.0],[-112.0422,24.7872,2.1169],[-112.0375,24.7832,0.2073],[-112.0363,24.7777,1.0786],[-112.0335,24.7752,0.0],[-112.0385,24.7666,0.0],[-112.0291,24.765,0.4525],[-112.0285,24.7621,1.8102],[-112.0316,24.7631,0.0],[-112.0308,24.7596,0.6899],[-112.0324,24.7583,2.3919],[-112.0272,24.7554,0.0],[-112.0217,24.7458,2.6435],[-112.0196,24.745,0.7611],[-112.0247,24.7416,2.344],[-112.0281,24.7434,1.9636],[-112.0253,24.7446,0.9914],[-112.0233,24.7433,0.0],[-112.0243,24.7454,0.0],[-112.0278,24.7454,1.7942],[-112.0315,24.7414,1.8004],[-112.0314,24.7382,1.3867],[-112.0288,24.7356,1.0092],[-112.0249,24.7354,0.0],[-112.0077,24.7384,0.0],[-111.9917,24.7376,0.0],[-111.9905,24.7388,0.0],[-111.9966,24.7398,1.4007],[-111.9957,24.7418,0.6685],[-111.9926,24.7411,1.7406],[-111.9877,24.7436,0.4415],[-111.9873,24.745,0.5792],[-111.9894,24.7465,0.8519],[-111.9951,24.7467,2.3711],[-111.992,24.748,0.9899],[-111.9887,24.7477,3.0903],[-111.9847,24.7433,2.4474],[-111.987,24.7387,0.0],[-111.9654,24.7373,7.9036],[-111.9621,24.7415,0.0],[-111.9621,24.7435,0.0],[-111.9633,24.7423,1.1138],[-111.9626,24.7459,0.0],[-111.9547,24.7507,1.3728],[-111.9546,24.7529,0.0],[-111.9593,24.7519,0.3208],[-111.9644,24.7473,0.0],[-111.9689,24.75,1.0892],[-111.9739,24.7566,3.03],[-111.9691,24.7569,1.6733],[-111.9678,24.7555,0.7134],[-111.9685,24.7573,2.0324],[-111.9655,24.7562,0.8388],[-111.9639,24.7596,1.1017],[-111.9712,24.7711,8.1091],[-111.9712,24.7766,4.0179],[-111.9748,24.7787,4.4236],[-111.9769,24.7843,0.8073],[-111.9752,24.7903,2.6725],[-111.9757,24.7967,2.6607],[-111.9744,24.797,0.5768],[-111.9723,24.7917,0.0],[-111.972,24.7972,1.875],[-111.9746,24.7997,1.793],[-111.9827,24.7974,2.0574],[-111.9872,24.8026,0.0],[-111.9813,24.8062,2.4029],[-111.9805,24.8083,1.9229],[-111.9851,24.8145,0.5017],[-111.9796,24.8114,1.3254],[-111.9805,24.8059,2.4029],[-111.9844,24.8035,0.5551],[-111.9846,24.8015,0.6935],[-111.9743,24.8017,1.0893],[-111.9669,24.7925,1.2863],[-111.9664,24.7894,1.3104],[-111.9711,24.7844,0.0],[-111.9706,24.781,1.5157],[-111.9688,24.7814,0.0],[-111.9687,24.7831,1.4245],[-111.9676,24.7824,1.4245],[-111.9632,24.779,1.3088],[-111.9588,24.7696,0.341],[-111.9478,24.7643,2.6167],[-111.9301,24.75,0.0],[-111.9257,24.7482,4.5527],[-111.9198,24.7384,0.0],[-111.9178,24.7383,1.3691],[-111.9165,24.7339,3.0065],[-111.9146,24.7341,1.6324],[-111.9145,24.73,0.0],[-111.9131,24.7318,2.1126],[-111.9113,24.724,2.7665],[-111.9131,24.7239,1.2869],[-111.9121,24.7249,1.2869],[-111.9148,24.7283,0.4528],[-111.9218,24.731,1.179],[-111.9225,24.7361,0.4654],[-111.9253,24.7366,0.8709],[-111.9272,24.7397,0.2624],[-111.9264,24.7408,0.0],[-111.9294,24.7398,1.4311],[-111.9283,24.7427,0.0],[-111.9307,24.7415,1.2346],[-111.9306,24.7436,0.4846],[-111.9327,24.7437,1.2559],[-111.933,24.7454,0.0],[-111.9375,24.7456,0.9122],[-111.9387,24.7427,2.0188],[-111.9365,24.739,1.7015],[-111.9021,24.7092,1.2038],[-111.887,24.6913,0.0],[-111.8581,24.6618,0.0],[-111.8411,24.6387,8.5106],[-111.8291,24.607,0.0],[-111.821,24.59,2.1719],[-111.8161,24.5732,0.9001],[-111.8158,24.559,0.0],[-111.8217,24.5234,0.8975],[-111.8214,24.5158,0.5724],[-111.8193,24.5128,0.7201],[-111.8156,24.512,1.4535],[-111.8191,24.5146,1.4049],[-111.8155,24.5157,1.0295],[-111.813,24.5186,0.2928],[-111.8149,24.5137,1.2551],[-111.8147,24.507,0.0],[-111.8098,24.5087,0.0],[-111.8126,24.5123,0.0],[-111.8105,24.5182,1.0105],[-111.7998,24.5147,0.0],[-111.8024,24.5175,1.7272],[-111.7897,24.5172,1.2182],[-111.7821,24.5135,0.0],[-111.7801,24.5109,0.0],[-111.7786,24.5116,0.0],[-111.7804,24.5134,0.0],[-111.7743,24.516,1.7097],[-111.7687,24.514,1.6384],[-111.7576,24.5135,0.0],[-111.7578,24.5162,0.0],[-111.7785,24.5225,0.0],[-111.7835,24.5289,0.0],[-111.7881,24.5256,0.7539],[-111.7918,24.529,2.8625],[-111.7943,24.5274,2.6776],[-111.7917,24.5298,2.8625],[-111.7887,24.5269,0.7539],[-111.788,24.5293,1.7753],[-111.7964,24.5354,1.8604],[-111.7968,24.5382,0.7649],[-111.8038,24.5408,0.0],[-111.8029,24.5425,0.0],[-111.807,24.5452,2.2579],[-111.8058,24.5467,0.0],[-111.8141,24.5589,0.0],[-111.8139,24.5627,0.0],[-111.8123,24.5667,0.0],[-111.804,24.5701,0.0],[-111.8079,24.5775,0.0],[-111.8071,24.5797,0.0],[-111.8099,24.5797,0.0],[-111.81,24.5816,0.0],[-111.8052,24.5801,1.0627],[-111.8046,24.5751,0.0],[-111.8024,24.5728,0.0],[-111.8018,24.5808,0.0],[-111.8058,24.5844,0.0],[-111.8083,24.5896,0.2006],[-111.8098,24.5902,0.0],[-111.8075,24.5869,0.0],[-111.8088,24.5874,0.0],[-111.8103,24.5854,0.0],[-111.81,24.5876,0.0],[-111.8114,24.5884,0.0],[-111.8121,24.5865,0.2095],[-111.8184,24.5942,0.0],[-111.8166,24.5984,0.6697],[-111.8111,24.5982,1.8184],[-111.8123,24.598,1.8184],[-111.8115,24.5958,0.0],[-111.8135,24.5974,0.4805],[-111.8155,24.5967,0.0],[-111.8133,24.5962,0.0],[-111.8133,24.5924,0.0],[-111.8109,24.5938,0.445],[-111.8113,24.5927,0.9597],[-111.7999,24.5857,2.7154],[-111.8005,24.5726,0.0],[-111.7949,24.572,0.6154],[-111.7915,24.5695,3.0091],[-111.7945,24.5679,1.1197],[-111.8012,24.5697,1.0394],[-111.8069,24.5667,0.5927],[-111.8103,24.5626,1.5733],[-111.8076,24.5568,0.0],[-111.7941,24.5457,8.8924],[-111.7787,24.5453,2.4303],[-111.7759,24.5434,0.3275],[-111.7563,24.541,1.0174],[-111.7499,24.5435,0.0],[-111.7456,24.5484,0.5187],[-111.7362,24.55,0.0],[-111.737,24.5556,3.0531],[-111.7362,24.5536,0.0],[-111.7341,24.5532,0.0],[-111.7331,24.5556,0.0],[-111.7343,24.5562,0.0],[-111.7329,24.5577,0.4899],[-111.734,24.5594,1.2256],[-111.7325,24.5601,1.2256],[-111.7292,24.5541,1.3256],[-111.7269,24.5556,4.8761],[-111.7254,24.5538,6.3535],[-111.7279,24.5528,0.7338],[-111.7267,24.5515,0.606],[-111.7297,24.5517,0.0],[-111.7207,24.5487,2.2444],[-111.7317,24.5506,0.0],[-111.734,24.5478,2.5118],[-111.7323,24.5412,10.9825],[-111.7271,24.5391,1.1082],[-111.719,24.5401,0.0],[-111.6995,24.5378,0.7871],[-111.6995,24.5425,2.4421],[-111.6977,24.5439,0.4192],[-111.6962,24.5501,0.6828],[-111.6914,24.5544,2.6257],[-111.6909,24.5566,0.0],[-111.6874,24.558,0.0],[-111.6909,24.558,0.0],[-111.6929,24.5599,2.5345],[-111.6931,24.5644,1.2471],[-111.6912,24.5659,0.0],[-111.6927,24.5654,1.2471],[-111.6932,24.568,0.9774],[-111.6918,24.57,1.444],[-111.6966,24.5679,1.381],[-111.6985,24.5686,2.1998],[-111.6996,24.5654,4.5956],[-111.7035,24.5652,1.8014],[-111.7006,24.5658,2.2398],[-111.699,24.5694,1.4168],[-111.6961,24.5686,1.381],[-111.6934,24.5703,0.8838],[-111.6929,24.572,0.0],[-111.696,24.5701,2.2356],[-111.6974,24.5717,1.5706],[-111.695,24.5763,0.0],[-111.6953,24.5799,0.0],[-111.6922,24.5846,1.7749],[-111.6831,24.5834,0.0],[-111.6754,24.5743,0.4161],[-111.6662,24.5737,0.0],[-111.6576,24.5699,1.0682],[-111.6494,24.559,2.2087],[-111.6477,24.5597,1.6902],[-111.642,24.552,0.0],[-111.6389,24.552,3.3173],[-111.6402,24.5504,0.0],[-111.6367,24.5486,2.6901],[-111.6366,24.5463,1.5138],[-111.6381,24.5461,0.4042],[-111.6372,24.544,2.2509],[-111.6453,24.5449,1.1398],[-111.6513,24.5528,0.7082],[-111.6526,24.5528,0.4949],[-111.6504,24.5459,0.0],[-111.6481,24.5444,0.0],[-111.6289,24.5159,1.5916],[-111.6251,24.5014,3.5988],[-111.6231,24.4998,2.7701],[-111.6219,24.4952,0.0],[-111.6179,24.468,0.6843],[-111.6149,24.4607,2.9073],[-111.6159,24.456,0.5111],[-111.6117,24.4507,3.1577],[-111.6131,24.4502,0.0],[-111.6129,24.4485,2.7976],[-111.6077,24.4442,2.5795],[-111.6112,24.4438,0.0],[-111.6108,24.4405,2.0672],[-111.606,24.4343,0.8519],[-111.5935,24.4278,0.9817],[-111.5889,24.4288,0.5938],[-111.5888,24.4306,0.0],[-111.5923,24.4319,1.6273],[-111.5865,24.4312,0.6595],[-111.5848,24.4315,0.0],[-111.5841,24.4337,0.9508],[-111.5818,24.4331,1.1184],[-111.5803,24.4262,0.26],[-111.584,24.4228,2.9731],[-111.5827,24.4195,1.5006],[-111.5837,24.4148,0.8243],[-111.5772,24.4172,2.5741],[-111.5731,24.4102,0.0],[-111.5677,24.4117,0.8681],[-111.5695,24.4145,1.098],[-111.5669,24.4176,1.5512],[-111.5687,24.4148,1.098],[-111.5665,24.4126,1.6803],[-111.5682,24.4109,2.1109],[-111.5714,24.4098,1.4001],[-111.5711,24.4056,0.4089],[-111.5644,24.4133,0.5226],[-111.5608,24.412,0.6558],[-111.5609,24.4074,0.8674],[-111.5595,24.4067,0.9067],[-111.5586,24.4148,0.0],[-111.555,24.4215,0.5192],[-111.5604,24.4262,1.4666],[-111.5616,24.4293,1.2918],[-111.5628,24.4388,1.1932],[-111.5616,24.462,2.8597],[-111.5589,24.4661,1.9866],[-111.5478,24.4688,4.0408],[-111.5402,24.4744,3.1466],[-111.5358,24.4751,4.9274],[-111.5392,24.474,3.1466],[-111.5428,24.4699,6.8753],[-111.5596,24.4645,4.5873],[-111.56,24.4632,1.7558],[-111.5616,24.4543,1.4673],[-111.5598,24.4284,1.2046],[-111.5585,24.426,1.2516],[-111.5548,24.4264,2.7558],[-111.5539,24.4212,0.5192],[-111.557,24.4144,2.5365],[-111.5572,24.4047,0.872],[-111.5526,24.4049,0.0],[-111.5546,24.4064,2.0433],[-111.553,24.4112,1.5853],[-111.5464,24.4101,0.0],[-111.5416,24.4148,1.1104],[-111.5375,24.4124,1.0697],[-111.5358,24.4137,0.0],[-111.5277,24.4109,3.5601],[-111.5218,24.407,4.2036],[-111.5209,24.4006,1.1191],[-111.5193,24.4003,1.1188],[-111.5168,24.3956,0.3111],[-111.5121,24.3942,2.213],[-111.5082,24.3898,0.0],[-111.498,24.3877,0.892],[-111.4932,24.3756,1.642],[-111.4846,24.3683,0.4868],[-111.4796,24.367,1.24],[-111.4759,24.3625,1.7464],[-111.4751,24.361,2.3981],[-111.4807,24.3552,3.1519],[-111.4804,24.3516,1.3023],[-111.4773,24.3488,1.4375],[-111.462,24.3434,1.8198],[-111.4528,24.3343,0.6808],[-111.4514,24.3359,2.6239],[-111.4445,24.3309,0.6214],[-111.4372,24.3308,1.9443],[-111.4313,24.3248,1.3167],[-111.4238,24.3247,1.049],[-111.3934,24.3083,0.0],[-111.379,24.3047,8.3567],[-111.3769,24.3019,0.0],[-111.3623,24.2953,1.6651],[-111.3499,24.2859,3.1167],[-111.3594,24.2888,1.483],[-111.3677,24.2943,1.2495],[-111.3774,24.298,2.881],[-111.3832,24.3028,0.0],[-111.394,24.3058,1.6586],[-111.4181,24.3185,0.9503],[-111.4335,24.3232,0.4762],[-111.446,24.3294,0.0],[-111.4474,24.3274,0.9722],[-111.4413,24.3259,0.0],[-111.3697,24.2927,1.9953],[-111.2505,24.2303,3.3968],[-111.1856,24.1915,2.8745],[-111.1731,24.1822,12.052],[-111.1145,24.1537,0.0],[-111.0995,24.1432,3.191],[-111.0767,24.1306,9.4242],[-111.0273,24.0978,6.1516],[-111.0093,24.0822,9.1895],[-111.0069,24.0782,13.1238],[-111.0061,24.071,1.6675],[-110.9924,24.0638,6.9229],[-110.934,24.0181,1.3462],[-110.9141,24.0004,0.0],[-110.9058,23.9885,0.0],[-110.8931,23.9801,0.0],[-110.8826,23.9698,0.8687],[-110.8748,23.9558,3.5771],[-110.8656,23.9527,9.9511],[-110.853,23.9437,0.0],[-110.8229,23.9167,0.0],[-110.7817,23.8745,0.0],[-110.6833,23.7687,0.0],[-110.6598,23.7472,2.9853],[-110.6122,23.7081,2.9163],[-110.5917,23.6939,2.8632],[-110.5516,23.6704,0.0],[-110.5224,23.657,0.0],[-110.4608,23.6344,1.4443],[-110.3861,23.6,0.0],[-110.3602,23.584,1.5585],[-110.3265,23.5582,1.2028],[-110.3068,23.5372,0.0],[-110.2875,23.5093,5.7038],[-110.2768,23.4892,2.2344],[-110.2705,23.4848,3.8005],[-110.2627,23.4754,0.0],[-110.2344,23.427,0.0],[-110.2314,23.4162,1.4505],[-110.232,23.414,1.3894],[-110.2339,23.4134,45.6453],[-110.2331,23.4117,0.0],[-110.2309,23.4118,40.0527],[-110.2319,23.411,40.0527],[-110.23,23.409,70.1802],[-110.2298,23.4039,24.277],[-110.2236,23.4037,43.9396],[-110.2256,23.4009,39.0259],[-110.2244,23.3996,8.1749],[-110.2201,23.398,13.8525],[-110.2203,23.3959,0.0],[-110.215,23.3946,2.7836],[-110.2128,23.3899,1.2184],[-110.2157,23.3838,81.787],[-110.2102,23.3812,13.0022],[-110.2096,23.3769,63.3917],[-110.2056,23.3718,8.8101],[-110.205,23.3686,0.3493],[-110.1936,23.3568,0.0],[-110.1835,23.3339,0.0],[-110.1796,23.3295,1.8577],[-110.1752,23.3285,0.0],[-110.1664,23.3128,5.48],[-110.1594,23.2867,2.233],[-110.1578,23.2702,2.1197],[-110.159,23.263,0.0],[-110.156,23.2611,36.1351],[-110.1545,23.2567,0.0],[-110.1535,23.2297,0.8928],[-110.1471,23.2116,3.7448],[-110.1412,23.1837,1.6085],[-110.1337,23.1631,0.0],[-110.1301,23.1389,8.9332],[-110.1268,23.1356,8.829],[-110.1227,23.1173,5.8302],[-110.1144,23.1002,0.6026],[-110.1132,23.0889,0.0],[-110.1103,23.0876,35.1017],[-110.1105,23.086,15.6155],[-110.1119,23.0861,9.8613],[-110.1092,23.0764,0.5654],[-110.1096,23.0686,0.9158],[-110.1071,23.0658,1.3718],[-110.107,23.0539,0.0],[-110.1012,23.0352,5.7938],[-110.1006,23.0304,8.7947],[-110.1017,23.0293,8.7947],[-110.0987,23.0194,0.0],[-110.0948,23.018,1.812],[-110.0909,23.0119,0.6261],[-110.0852,22.9948,18.1351],[-110.0855,22.9916,6.7595],[-110.0706,22.9712,0.0],[-110.0618,22.9547,0.0],[-110.0603,22.9487,0.0],[-110.052,22.9426,0.0],[-110.0321,22.9207,5.5707],[-110.0296,22.9196,7.418],[-110.0261,22.914,3.5141],[-110.0225,22.9136,10.738],[-110.0242,22.912,4.1234],[-110.0182,22.9057,3.5375],[-109.9907,22.885,0.0],[-109.9639,22.8722,24.3786],[-109.958,22.874,50.2549],[-109.9251,22.872,0.0],[-109.8994,22.8745,5.1698],[-109.8941,22.8768,2.2026],[-109.906,22.8804,4.6173],[-109.91,22.8788,0.6227],[-109.9115,22.8805,5.7793],[-109.9102,22.8825,0.4329],[-109.9099,22.8824,0.4329],[-109.9114,22.8857,7.9935],[-109.9094,22.8865,5.1476],[-109.9086,22.8821,9.0468],[-109.9058,22.8817,0.5432],[-109.9055,22.8856,12.8209],[-109.9025,22.8892,0.9136],[-109.8901,22.8963,3.1934],[-109.8722,22.8986,1.0348],[-109.8669,22.8965,1.3887],[-109.8638,22.8991,18.7137],[-109.8568,22.8986,0.0],[-109.8532,22.9011,8.1313],[-109.8448,22.9017,0.0],[-109.8425,22.9036,9.4562],[-109.8435,22.9055,10.3645],[-109.8424,22.9086,4.5588],[-109.8357,22.9141,15.3512],[-109.8299,22.9165,1.4832],[-109.8219,22.9248,0.9366],[-109.8164,22.9268,1.3631],[-109.8162,22.9299,2.245],[-109.8135,22.9294,2.2652],[-109.8115,22.9336,9.5777],[-109.8091,22.9336,0.353],[-109.8076,22.9375,10.6594],[-109.8075,22.9495,7.5058],[-109.8054,22.9522,8.11],[-109.8015,22.9524,3.7575],[-109.8021,22.9547,2.0815],[-109.8007,22.9551,2.0815],[-109.7989,22.9608,2.8902],[-109.7924,22.9662,7.2393],[-109.7789,22.9736,0.0],[-109.7639,22.9782,1.4054],[-109.7641,22.9797,6.1576],[-109.7595,22.9847,5.1395],[-109.7335,22.9897,1.8119],[-109.7243,22.9975,5.2204],[-109.7215,23.0018,0.0],[-109.7152,23.0047,0.0],[-109.7134,23.0069,2.6655],[-109.7181,23.0128,25.2906],[-109.7154,23.0266,0.0],[-109.7131,23.0315,0.0],[-109.7067,23.0368,0.0],[-109.6822,23.0495,0.1775],[-109.6688,23.0603,0.6781],[-109.6292,23.0715,0.0],[-109.6175,23.0783,4.5568],[-109.6081,23.0813,4.7779],[-109.5866,23.0821,9.1261],[-109.5766,23.0841,2.8981],[-109.567,23.0953,0.0],[-109.5362,23.1094,5.5515],[-109.531,23.1141,6.3465],[-109.5265,23.122,14.9297],[-109.5206,23.1242,9.1944],[-109.5176,23.1271,7.2308],[-109.5088,23.1425,18.8271],[-109.495,23.1505,0.0],[-109.4934,23.1568,0.0],[-109.4897,23.1597,11.8682],[-109.4853,23.1686,0.0],[-109.4777,23.1738,6.4499],[-109.4779,23.1778,6.7221],[-109.4753,23.1814,14.5091],[-109.459,23.1961,11.7459],[-109.4549,23.2028,15.3127],[-109.4543,23.211,0.0],[-109.4503,23.2209,0.0],[-109.4415,23.2307,3.9004],[-109.4373,23.2396,0.0],[-109.4363,23.2456,4.3242],[-109.4385,23.2506,17.1254],[-109.437,23.2567,0.0],[-109.439,23.262,8.1192],[-109.4396,23.2736,4.8168],[-109.4348,23.2817,0.3057],[-109.4252,23.3062,0.0],[-109.428,23.3208,4.2718],[-109.4244,23.3382,4.4123],[-109.4283,23.3469,0.0],[-109.4268,23.3615,0.0],[-109.4323,23.3771,3.9246],[-109.4232,23.3832,4.1975],[-109.4158,23.382,0.0],[-109.4133,23.3884,76.3267],[-109.4173,23.3946,0.0],[-109.4176,23.3992,37.0167],[-109.4156,23.4034,2.6905],[-109.4212,23.4031,13.8351],[-109.4278,23.4055,0.0],[-109.432,23.4137,24.0265],[-109.432,23.4216,20.918],[-109.4263,23.4345,0.5605],[-109.4272,23.4412,0.0],[-109.4258,23.4448,0.9577],[-109.424,23.4453,0.0],[-109.4255,23.4471,0.0],[-109.425,23.4503,0.0],[-109.4292,23.4582,0.0],[-109.4386,23.4619,11.7121],[-109.4432,23.4667,2.5971],[-109.4455,23.4716,0.0],[-109.445,23.475,0.0],[-109.4476,23.4783,2.1266],[-109.461,23.4874,17.3724],[-109.4636,23.495,0.0],[-109.4685,23.5003,1.1366],[-109.4794,23.5192,2.2529],[-109.4805,23.5258,0.0],[-109.479,23.5349,0.0],[-109.4691,23.551,2.0601],[-109.4684,23.5546,0.0],[-109.4752,23.5598,1.8933],[-109.5045,23.5659,0.0],[-109.5122,23.5691,0.8469],[-109.5159,23.5717,0.0],[-109.5181,23.5774,0.0],[-109.518,23.5818,1.2914],[-109.5205,23.5846,3.6147],[-109.5276,23.5874,0.0],[-109.5583,23.5941,0.0],[-109.5756,23.6,1.6355],[-109.5829,23.6037,2.0505],[-109.5855,23.6058,0.7304],[-109.5866,23.6097,2.628],[-109.5938,23.6138,0.0],[-109.6094,23.6205,0.0],[-109.6357,23.6264,4.5953],[-109.6384,23.6277,0.0],[-109.6407,23.6326,0.2079],[-109.677,23.6455,0.0],[-109.6855,23.6507,1.7158],[-109.6879,23.6529,1.6484],[-109.6881,23.6556,0.0],[-109.6964,23.6617,4.8018],[-109.698,23.6646,2.7899],[-109.698,23.6705,1.1445]]]]}
,"properties": {"GID_1": "MEX.2_1","GID_0": "MEX","country": "México","province": "BajaCaliforniaSur","VARNAME_1": "NA","NL_NAME_1": "NA","TYPE_1": "Estado","ENGTYPE_1": "State","CC_1": "NA","HASC_1": "MX.BS","ISO_1": "MX-BCS","name": "Baja_California_Sur.province","area_km2": 72127.06,"hist_schema_id": "Elevation0-9000","hist_area_km2": {"0": 6223.09,"25": 7353.23,"50": 6621.03,"75": 5255.51,"100": 4038.77,"125": 3548.15,"150": 3268.41,"175": 2947.78,"200": 2676.86,"225": 2419.78,"250": 2208.58,"275": 2113.12,"300": 2001.66,"325": 1843.21,"350": 1673.86,"375": 1674.01,"400": 1539.31,"425": 1421.01,"450": 1258.96,"475": 1127.97,"500": 1060.51,"525": 993.12,"550": 927.81,"575": 835.43,"600": 734.24,"625": 628.65,"650": 557.83,"675": 496.2,"700": 440.95,"725": 408.7,"750": 385.16,"775": 356.69,"800": 322.85,"825": 293.74,"850": 258.8,"875": 231.24,"900": 205.11,"925": 184.22,"950": 161.43,"975": 146.93,"1000": 135.75,"1025": 120.67,"1050": 109.4,"1075": 99.57,"1100": 85.09,"1125": 75.47,"1150": 69.86,"1175": 63.07,"1200": 53.98,"1225": 49.79,"1250": 44.38,"1275": 39.29,"1300": 34.67,"1325": 33.59,"1350": 29.5,"1375": 26.02,"1400": 24.46,"1425": 21.35,"1450": 19.33,"1475": 17.51,"1500": 15.47,"1525": 13.81,"1550": 12.06,"1575": 9.83,"1600": 9.58,"1625": 7.98,"1650": 6.99,"1675": 6.96,"1700": 5.53,"1725": 5.86,"1750": 6.74,"1775": 6.15,"1800": 5.77,"1825": 4.95,"1850": 3.9,"1875": 2.62,"1900": 1.76,"1925": 1.13,"1950": 0.89,"1975": 0.84,"2000": 0.68}}}