{"type":"Feature","properties":{"GID_1":"MEX.30_1","GID_0":"MEX","country":"México","province":"Veracruz","VARNAME_1":"VeracruzdeIgnaciodelaLlave","NL_NAME_1":"NA","TYPE_1":"Estado","ENGTYPE_1":"State","CC_1":"NA","HASC_1":"MX.VE","ISO_1":"NA","name":"Veracruz.province"},
"geometry":{"type": "MultiPolygon","coordinates": [[[[-94.1091,17.1506,63.319],[-93.8674,17.137,928.7773],[-93.8701,17.1466,516.2753],[-93.8623,17.1515,483.8909],[-93.8609,17.1637,748.5416],[-93.844,17.1686,653.4811],[-93.839,17.1729,824.7039],[-93.8271,17.1725,712.3108],[-93.8266,17.1905,586.1589],[-93.8201,17.1953,543.3102],[-93.8181,17.1993,444.5077],[-93.8184,17.2035,371.624],[-93.8038,17.2249,130.5603],[-93.8059,17.2302,124.8999],[-93.8022,17.2343,147.3311],[-93.8014,17.2404,120.6063],[-93.7983,17.2419,122.4779],[-93.7949,17.2409,121.7493],[-93.7913,17.2374,125.8613],[-93.7912,17.2321,123.3968],[-93.7899,17.2334,129.6391],[-93.7886,17.2323,146.4585],[-93.7725,17.2458,113.595],[-93.763,17.2393,138.9475],[-93.7542,17.2436,161.4792],[-93.7462,17.2437,199.7227],[-93.7368,17.2475,427.9784],[-93.7244,17.2471,572.8945],[-93.7175,17.2493,534.3528],[-93.6957,17.2472,259.1497],[-93.6899,17.2553,212.3119],[-93.6627,17.2563,516.1486],[-93.6644,17.2862,224.9349],[-93.6381,17.2909,379.58],[-93.6079,17.3149,936.3423],[-93.6186,17.3217,643.9748],[-93.6244,17.3225,613.9644],[-93.6266,17.3183,589.505],[-93.6265,17.3162,574.2788],[-93.625,17.3159,637.3207],[-93.6274,17.3128,535.6201],[-93.6359,17.3144,572.8922],[-93.6415,17.318,476.8235],[-93.6452,17.3307,526.1227],[-93.6417,17.3312,529.8479],[-93.6397,17.3328,531.1191],[-93.6396,17.335,537.2443],[-93.635,17.3377,544.4737],[-93.6857,17.3724,189.0992],[-93.6843,17.3761,161.9537],[-93.683,17.3736,227.148],[-93.6831,17.3764,154.9109],[-93.6846,17.3782,156.8006],[-93.6858,17.3771,156.8006],[-93.6901,17.3795,170.8643],[-93.6895,17.3823,163.8063],[-93.6917,17.3823,157.842],[-93.6918,17.3852,176.1287],[-93.6949,17.3878,128.2971],[-93.688,17.3914,286.4677],[-93.6888,17.3932,137.8631],[-93.6871,17.3956,136.2601],[-93.685,17.394,161.9522],[-93.6835,17.3956,194.336],[-93.6819,17.4016,105.1095],[-93.6837,17.4045,98.6171],[-93.679,17.411,99.6135],[-93.6771,17.4103,97.1483],[-93.6734,17.4123,96.4982],[-93.6717,17.4175,91.2763],[-93.6738,17.4182,93.351],[-93.673,17.4199,92.3683],[-93.6707,17.4188,89.6025],[-93.6671,17.42,95.4288],[-93.6657,17.416,93.357],[-93.6631,17.4197,94.3697],[-93.6613,17.4193,94.3697],[-93.6602,17.4163,86.1304],[-93.6576,17.4169,85.5112],[-93.6557,17.4199,88.0786],[-93.6529,17.4196,112.2104],[-93.6536,17.4214,104.1322],[-93.6493,17.4325,86.3804],[-93.6456,17.4303,82.9946],[-93.6453,17.433,88.3609],[-93.6382,17.4361,79.7712],[-93.6372,17.4391,92.5401],[-93.6421,17.4394,78.2279],[-93.6452,17.4424,104.0784],[-93.6428,17.4434,82.4852],[-93.644,17.4466,77.6265],[-93.6413,17.4491,88.1829],[-93.6351,17.4512,77.1592],[-93.6366,17.4553,75.9343],[-93.6425,17.4561,80.9777],[-93.6429,17.4523,73.4251],[-93.6442,17.4522,73.4251],[-93.6469,17.4542,87.4399],[-93.6441,17.4564,70.5405],[-93.6446,17.4586,75.3295],[-93.6474,17.4592,69.7093],[-93.6495,17.4571,61.6089],[-93.6504,17.4589,63.3773],[-93.6477,17.4617,68.1221],[-93.6404,17.4588,59.1543],[-93.6393,17.4596,59.1543],[-93.64,17.4646,68.7417],[-93.6357,17.4681,64.372],[-93.637,17.4739,85.7193],[-93.6316,17.482,80.5052],[-93.6312,17.4869,49.2834],[-93.6241,17.4935,76.6043],[-93.6299,17.5009,39.3742],[-93.6292,17.502,39.3742],[-93.6255,17.501,60.2055],[-93.6261,17.5044,88.4256],[-93.629,17.5065,38.1248],[-93.6346,17.5072,40.7744],[-93.6373,17.5098,56.1477],[-93.6309,17.5104,34.561],[-93.6293,17.5131,35.9082],[-93.625,17.5146,42.6037],[-93.6267,17.524,50.7352],[-93.6251,17.5263,40.9781],[-93.6279,17.5285,37.4179],[-93.6273,17.5317,31.9285],[-93.6247,17.5383,26.4329],[-93.6196,17.5376,32.9559],[-93.6182,17.5421,28.9513],[-93.6215,17.5448,31.7179],[-93.6135,17.5522,32.0511],[-93.6152,17.5551,27.7988],[-93.6195,17.5543,27.9641],[-93.625,17.5487,34.4269],[-93.6313,17.55,29.8257],[-93.6289,17.5542,24.4302],[-93.6318,17.5569,29.9871],[-93.6383,17.5553,35.7154],[-93.6424,17.5581,28.227],[-93.6438,17.5556,26.2991],[-93.6485,17.5553,27.3341],[-93.6494,17.5578,30.6468],[-93.6537,17.56,24.9614],[-93.6546,17.5555,23.3468],[-93.6565,17.5552,34.171],[-93.6594,17.5591,22.9053],[-93.6592,17.5655,34.3113],[-93.6679,17.5698,22.3989],[-93.6712,17.5696,23.1716],[-93.6711,17.5763,26.3467],[-93.6773,17.5758,21.7981],[-93.6773,17.5792,23.7748],[-93.6808,17.5849,19.3888],[-93.6796,17.5859,21.6789],[-93.6773,17.5847,28.7485],[-93.6776,17.5859,30.4134],[-93.6854,17.5871,23.7449],[-93.6863,17.5903,19.2626],[-93.6849,17.5924,26.2798],[-93.6872,17.5937,22.6137],[-93.6932,17.5935,24.3451],[-93.6914,17.5907,20.1591],[-93.6933,17.5896,20.6978],[-93.6995,17.596,25.7791],[-93.7013,17.6078,20.69],[-93.6997,17.6137,19.4334],[-93.7041,17.6103,19.3117],[-93.707,17.6123,17.7501],[-93.7097,17.6116,20.3147],[-93.7105,17.6141,17.8106],[-93.7085,17.6234,18.0168],[-93.7102,17.6273,19.3719],[-93.7133,17.6287,17.1867],[-93.7132,17.6307,23.542],[-93.7192,17.6335,18.8804],[-93.7155,17.6262,16.4005],[-93.7132,17.6255,16.6427],[-93.7136,17.6228,12.91],[-93.7121,17.6238,18.802],[-93.7125,17.622,18.1176],[-93.7147,17.6209,15.443],[-93.7183,17.623,14.874],[-93.7234,17.6232,14.6372],[-93.7235,17.6262,16.2502],[-93.7263,17.6266,14.9442],[-93.7291,17.6299,14.1057],[-93.7329,17.6258,12.3001],[-93.7336,17.6292,14.3623],[-93.731,17.6358,15.6524],[-93.7323,17.6359,15.2989],[-93.7353,17.6301,14.3623],[-93.7377,17.6316,15.5552],[-93.738,17.635,13.8032],[-93.7372,17.6374,14.4125],[-93.73,17.6413,15.1847],[-93.7327,17.6492,14.4223],[-93.7374,17.6517,12.1857],[-93.7409,17.6494,15.3352],[-93.7425,17.6571,12.4497],[-93.7448,17.6571,12.7171],[-93.7466,17.6601,13.7783],[-93.7429,17.6607,13.3526],[-93.7411,17.6648,14.319],[-93.7424,17.6665,12.2955],[-93.7456,17.6622,12.5466],[-93.7471,17.6684,12.1816],[-93.744,17.6707,13.2986],[-93.7422,17.6752,13.7049],[-93.7397,17.6752,10.3838],[-93.7385,17.6794,12.3619],[-93.7478,17.6754,12.6676],[-93.7491,17.6792,12.8134],[-93.751,17.6793,10.9783],[-93.7518,17.6766,13.0844],[-93.7532,17.6802,10.9835],[-93.7567,17.6769,11.1844],[-93.7565,17.6826,11.1665],[-93.7527,17.6822,10.6493],[-93.7518,17.684,12.3522],[-93.7547,17.6859,9.7854],[-93.7576,17.6836,11.1665],[-93.7598,17.6851,9.6449],[-93.7654,17.6805,13.022],[-93.7633,17.6751,11.9905],[-93.765,17.6746,13.6803],[-93.7682,17.688,9.9361],[-93.7704,17.6868,10.0833],[-93.7729,17.6877,9.2779],[-93.7726,17.6927,10.3117],[-93.7761,17.6903,9.1085],[-93.7783,17.6924,8.0551],[-93.7779,17.6899,9.4472],[-93.7805,17.6887,11.4851],[-93.7822,17.6901,8.1489],[-93.7812,17.6932,8.4667],[-93.7848,17.6909,10.4826],[-93.7871,17.6942,10.2299],[-93.7911,17.6947,8.3275],[-93.792,17.6926,11.9025],[-93.7978,17.6922,9.7239],[-93.7963,17.6899,9.0449],[-93.7989,17.6874,7.9341],[-93.8052,17.6894,12.2255],[-93.8072,17.6973,9.5116],[-93.8052,17.7034,8.778],[-93.807,17.7059,8.6864],[-93.8126,17.7025,7.3978],[-93.8107,17.7062,7.2707],[-93.8125,17.7069,7.5328],[-93.8193,17.6995,6.7422],[-93.8215,17.7011,6.5977],[-93.8223,17.6996,7.5173],[-93.8229,17.7041,7.4637],[-93.826,17.706,7.5018],[-93.8235,17.7094,6.826],[-93.8286,17.7129,8.1201],[-93.8267,17.7147,8.2267],[-93.8266,17.7192,18.9026],[-93.8285,17.7185,24.2069],[-93.8305,17.7137,7.3791],[-93.8349,17.7165,10.0457],[-93.8374,17.7136,8.2385],[-93.8399,17.7149,7.5984],[-93.8388,17.7115,7.9211],[-93.843,17.7114,8.2618],[-93.8459,17.7172,8.3013],[-93.847,17.7141,9.283],[-93.8504,17.7167,8.9163],[-93.8482,17.718,7.041],[-93.8486,17.7207,7.7512],[-93.8562,17.7195,12.823],[-93.8593,17.7169,7.0117],[-93.8604,17.7178,7.509],[-93.8587,17.7209,10.8785],[-93.865,17.7222,8.0886],[-93.8692,17.718,7.3266],[-93.8646,17.7167,5.9655],[-93.8672,17.7161,11.82],[-93.8664,17.7141,6.6401],[-93.87,17.7135,6.3632],[-93.8744,17.7179,7.0008],[-93.8759,17.7265,6.5889],[-93.8775,17.7244,9.4089],[-93.8807,17.7263,11.0134],[-93.8804,17.7288,8.2182],[-93.8762,17.7333,9.1415],[-93.8837,17.7355,6.3045],[-93.8782,17.7375,6.5075],[-93.8771,17.7356,6.3185],[-93.8738,17.7347,8.4992],[-93.8743,17.7399,7.2269],[-93.8726,17.7409,5.7766],[-93.8696,17.7393,7.2435],[-93.8704,17.7439,10.5558],[-93.8747,17.7472,7.2555],[-93.87,17.7506,5.8736],[-93.8742,17.7553,6.0929],[-93.8774,17.7536,5.621],[-93.877,17.7566,6.6841],[-93.8812,17.7513,9.7133],[-93.8849,17.7543,7.0298],[-93.8831,17.7566,8.2307],[-93.8853,17.7572,10.9101],[-93.8879,17.7538,14.1002],[-93.8867,17.751,4.4897],[-93.8913,17.7481,8.7159],[-93.8939,17.7496,5.9068],[-93.8939,17.7514,4.3608],[-93.8907,17.7511,4.8976],[-93.8922,17.7537,4.9156],[-93.8991,17.7535,5.2491],[-93.9011,17.7557,6.6438],[-93.9017,17.7519,3.8124],[-93.9043,17.7501,4.7346],[-93.9079,17.7529,5.1489],[-93.908,17.7546,6.9687],[-93.9101,17.7547,4.7676],[-93.9133,17.7537,5.1472],[-93.9143,17.7498,5.8134],[-93.9201,17.7497,4.1478],[-93.9223,17.7463,7.1664],[-93.9239,17.7484,5.2279],[-93.9271,17.7481,3.8857],[-93.9246,17.7509,5.0793],[-93.9291,17.7533,7.3845],[-93.9333,17.7518,4.311],[-93.9401,17.7532,3.9649],[-93.9414,17.7556,3.2232],[-93.9377,17.7558,4.4706],[-93.9353,17.7591,4.5681],[-93.9411,17.7598,5.7556],[-93.9399,17.7623,6.8376],[-93.9408,17.7651,13.5781],[-93.9495,17.7695,3.0077],[-93.9492,17.7732,5.4725],[-93.9561,17.7817,3.0354],[-93.9529,17.7867,3.2196],[-93.9553,17.7996,2.8382],[-93.9522,17.7985,3.4438],[-93.9506,17.8004,7.0736],[-93.9577,17.8024,2.6652],[-93.9601,17.8015,4.2214],[-93.9606,17.7983,4.5362],[-93.9632,17.7995,2.3652],[-93.9578,17.8056,2.9162],[-93.9568,17.8106,2.6048],[-93.9634,17.8127,2.8039],[-93.968,17.8179,2.9282],[-93.9671,17.8194,2.6868],[-93.9625,17.8184,2.7769],[-93.9583,17.8197,2.922],[-93.9631,17.824,4.6211],[-93.965,17.83,5.0453],[-93.9584,17.8302,5.2701],[-93.9592,17.8262,3.2857],[-93.9574,17.8253,2.8744],[-93.956,17.8334,4.3131],[-93.9598,17.8373,3.2491],[-93.9629,17.8343,3.8561],[-93.9679,17.837,1.9125],[-93.9686,17.8389,2.6091],[-93.9656,17.8414,3.4708],[-93.9678,17.8453,3.5118],[-93.9732,17.8423,2.4241],[-93.9759,17.8504,2.9484],[-93.9846,17.8516,3.288],[-93.9862,17.8471,3.3426],[-93.9816,17.8472,2.2633],[-93.9812,17.846,1.7583],[-93.9832,17.8399,3.0356],[-93.986,17.8444,4.0483],[-93.9882,17.8447,3.3005],[-93.9863,17.8363,1.7942],[-93.9879,17.8344,3.699],[-93.9904,17.8355,9.4068],[-93.9946,17.846,2.366],[-93.9976,17.8395,2.7528],[-93.9939,17.8395,3.3867],[-93.9956,17.8366,3.0434],[-93.9979,17.8371,2.3821],[-94.003,17.8423,3.2212],[-94.0062,17.84,2.2698],[-94.0163,17.8445,2.4733],[-94.0176,17.8431,1.7973],[-94.017,17.8396,1.584],[-94.0223,17.8411,2.0508],[-94.0259,17.8404,1.2672],[-94.0263,17.8419,1.2363],[-94.0228,17.8442,1.4323],[-94.023,17.8463,2.4913],[-94.0294,17.8457,3.2674],[-94.0286,17.8506,0.9851],[-94.0298,17.8533,1.4009],[-94.0329,17.8549,1.4171],[-94.0327,17.8621,2.4159],[-94.0375,17.8627,1.9198],[-94.038,17.87,0.9719],[-94.0332,17.8703,4.4271],[-94.0332,17.8726,1.8585],[-94.0429,17.8735,0.9385],[-94.0416,17.8683,0.8006],[-94.0429,17.8674,2.0434],[-94.0474,17.8706,2.1768],[-94.052,17.8707,2.3614],[-94.0537,17.8676,1.7112],[-94.0626,17.8631,0.8471],[-94.0648,17.8641,0.864],[-94.0651,17.8685,1.6912],[-94.0723,17.8656,1.8366],[-94.0763,17.8688,1.6944],[-94.0834,17.8699,6.774],[-94.0839,17.8729,1.214],[-94.0814,17.8781,2.2384],[-94.0831,17.8812,1.0751],[-94.0829,17.8858,3.8445],[-94.0793,17.891,2.1148],[-94.0851,17.8929,1.1842],[-94.0818,17.8999,0.8339],[-94.088,17.9065,0.9638],[-94.085,17.9155,0.6643],[-94.0862,17.9218,0.8073],[-94.0899,17.9269,3.2591],[-94.0912,17.934,2.561],[-94.0886,17.9416,2.3162],[-94.0902,17.9469,3.8061],[-94.0871,17.9528,1.6419],[-94.0874,17.959,0.4984],[-94.092,17.9612,0.3346],[-94.0902,17.9656,0.2444],[-94.0908,17.9687,0.7922],[-94.0887,17.9715,0.6351],[-94.082,17.9681,1.7752],[-94.0811,17.969,3.8665],[-94.0827,17.9787,0.7237],[-94.0765,17.9826,0.1594],[-94.0741,17.988,0.8892],[-94.0713,17.9875,0.6519],[-94.0714,17.982,0.2205],[-94.0698,17.9802,0.0],[-94.062,17.9875,0.1987],[-94.0674,17.9925,0.9489],[-94.0645,18.0024,4.0973],[-94.0671,18.0089,1.5388],[-94.0699,18.0102,1.1384],[-94.0734,18.0091,0.3228],[-94.0804,18.0036,0.6826],[-94.0842,18.0062,4.2623],[-94.0806,18.0226,0.0],[-94.0842,18.0341,0.2061],[-94.0786,18.0437,0.2785],[-94.0759,18.057,0.4539],[-94.0844,18.0683,2.9024],[-94.094,18.0721,1.3808],[-94.0979,18.0778,2.6527],[-94.0979,18.0823,3.6419],[-94.0856,18.0905,1.022],[-94.0825,18.0969,0.0],[-94.0857,18.1033,8.3262],[-94.0977,18.1124,1.9047],[-94.1022,18.1271,7.7152],[-94.103,18.1336,3.3894],[-94.0974,18.1574,0.0],[-94.0981,18.1627,0.7485],[-94.1016,18.1708,0.0],[-94.1065,18.1735,7.0808],[-94.1196,18.1639,2.6825],[-94.1306,18.1673,8.4487],[-94.1296,18.1686,1.6947],[-94.1338,18.1783,0.0],[-94.1316,18.1832,0.0],[-94.1319,18.1929,1.0158],[-94.1384,18.2007,0.0],[-94.1359,18.1944,0.0],[-94.1379,18.1932,8.6693],[-94.1412,18.2036,3.1955],[-94.1375,18.2077,3.9718],[-94.1317,18.2097,0.0],[-94.1312,18.2127,0.0],[-94.1953,18.1991,0.0],[-94.2058,18.1954,7.4453],[-94.2932,18.1754,2.3145],[-94.373,18.1614,2.2691],[-94.4077,18.1595,0.0],[-94.4045,18.155,3.7683],[-94.4076,18.1513,0.0],[-94.4071,18.1488,0.0],[-94.4108,18.1489,7.2144],[-94.4155,18.1544,8.7815],[-94.4158,18.1582,1.5725],[-94.4471,18.1522,0.0],[-94.4828,18.1506,0.0],[-94.5074,18.1533,1.9335],[-94.5329,18.159,0.0],[-94.5619,18.1703,1.6402],[-94.5839,18.1831,3.2534],[-94.5979,18.1938,0.0],[-94.602,18.1939,0.1222],[-94.5943,18.1878,0.1284],[-94.5907,18.1826,2.6377],[-94.5925,18.1833,5.3616],[-94.596,18.1875,1.2099],[-94.6022,18.1912,0.4455],[-94.6144,18.208,1.6289],[-94.6229,18.2101,2.6949],[-94.6248,18.2088,2.073],[-94.6287,18.1971,2.7083],[-94.6249,18.1917,2.8676],[-94.6232,18.1766,2.1823],[-94.6201,18.1727,3.0121],[-94.6171,18.1642,2.0],[-94.6214,18.1647,2.0],[-94.6264,18.1708,2.0],[-94.6302,18.1713,2.7019],[-94.6328,18.1764,3.9874],[-94.6348,18.1752,3.074],[-94.635,18.1721,2.6753999999999998],[-94.6364,18.1733,2.6753999999999998],[-94.6364,18.1775,3.3962],[-94.6399,18.18,4.6832],[-94.6413,18.178,2.0],[-94.6417,18.1689,3.4302],[-94.6456,18.1679,14.4425],[-94.6501,18.1836,6.0197],[-94.6483,18.1925,6.4518],[-94.6431,18.2021,9.3682],[-94.6426,18.2058,3.0623],[-94.6331,18.21,2.0],[-94.6279,18.2176,5.8119],[-94.6252,18.2181,3.8375],[-94.6172,18.2155,2.749],[-94.6078,18.2031,1.7261],[-94.6066,18.1979,0.2087],[-94.6027,18.1959,0.9542],[-94.6005,18.1966,0.9883],[-94.608,18.2057,0.0],[-94.6112,18.2194,0.407],[-94.6175,18.2314,1.1145],[-94.6237,18.2503,0.0],[-94.6271,18.2772,3.5641],[-94.6257,18.2855,18.02],[-94.6231,18.2871,0.0],[-94.639,18.297,3.5447],[-94.6571,18.3116,0.0],[-94.6608,18.3169,0.0],[-94.6662,18.3315,1.3042],[-94.6651,18.3342,10.376],[-94.6634,18.3346,10.376],[-94.664,18.3384,7.2279],[-94.6662,18.3371,0.0],[-94.6703,18.3392,0.5245],[-94.6839,18.351,0.0],[-94.6841,18.3535,27.481],[-94.7137,18.3725,1.0433],[-94.729,18.3856,0.0],[-94.7375,18.3952,2.4052],[-94.7441,18.4118,0.2756],[-94.7438,18.4217,1.0419],[-94.7601,18.4354,2.0114],[-94.7737,18.4492,0.0],[-94.7757,18.4564,2.8426],[-94.7743,18.4638,0.0],[-94.7795,18.4741,1.2129],[-94.7868,18.5043,0.0],[-94.7943,18.5132,1.6272],[-94.7996,18.5249,0.7862],[-94.8078,18.528199999999998,3.7968],[-94.8103,18.534,0.2268],[-94.8157,18.5378,2.2367],[-94.833,18.543,2.3374],[-94.8409,18.5435,2.3435],[-94.8446,18.5458,0.0],[-94.8616,18.5448,0.0],[-94.8752,18.5489,0.0],[-94.8876,18.5476,1.4558],[-94.9002,18.5492,2.3907],[-94.9096,18.547,0.0],[-94.9383,18.5488,0.0],[-94.9669,18.5536,4.5015],[-94.9734,18.558,4.8319],[-94.9775,18.5561,0.0],[-94.9842,18.5577,0.0],[-94.9861,18.5573,0.0],[-94.9906,18.5502,4.6422],[-94.9935,18.5531,0.555],[-95.0022,18.5521,0.0],[-95.0108,18.554,4.4865],[-95.013,18.5528,4.4938],[-95.0145,18.5488,0.0],[-95.0124,18.5448,0.5],[-95.0029,18.5359,8.6921],[-94.9949,18.5316,1.0],[-94.9939,18.5291,5.0108],[-94.9955,18.5245,1.0],[-95.0056,18.5244,14.8863],[-95.0113,18.526,15.5125],[-95.0058,18.5152,15.5446],[-95.0062,18.5121,8.8377],[-95.0091,18.512,4.3337],[-95.0162,18.5161,11.0501],[-95.0233,18.5129,0.7747],[-95.0224,18.511,1.2549],[-95.0155,18.5127,3.7069],[-95.006,18.5077,2.9054],[-95.0077,18.506,6.5146],[-95.0094,18.5052,1.7359],[-95.0157,18.5085,2.8566],[-95.0231,18.5062,5.8953],[-95.0294,18.5078,1.7869],[-95.0359,18.5253,9.8925],[-95.0354,18.5336,1.0],[-95.0292,18.5354,1.0],[-95.0174,18.5342,4.4511],[-95.0147,18.5364,5.9938],[-95.0141,18.5429,0.75],[-95.0187,18.5495,3.4695],[-95.0189,18.5531,1.5219],[-95.0088,18.5574,14.7692],[-95.003,18.5546,0.0],[-94.9928,18.5565,3.8412],[-94.9897,18.5541,0.0],[-94.9892,18.5569,0.8534],[-95.0254,18.5688,0.0],[-95.0449,18.5784,1.9234],[-95.0494,18.5821,0.4753],[-95.0516,18.5866,0.0],[-95.052,18.5904,0.0],[-95.0495,18.5929,8.3321],[-95.0515,18.5949,11.2735],[-95.0497,18.5997,10.4862],[-95.0543,18.5996,23.2015],[-95.06,18.6064,4.6609],[-95.0604,18.6084,0.0],[-95.0579,18.6114,0.0],[-95.0614,18.6124,2.3216],[-95.0618,18.6174,0.0],[-95.0646,18.6194,0.0],[-95.065,18.6224,0.0],[-95.0672,18.62,0.9363],[-95.0697,18.6209,0.6846],[-95.0801,18.6297,0.0],[-95.0811,18.6317,0.0],[-95.0791,18.6369,8.3354],[-95.0795,18.6416,8.1841],[-95.0843,18.6421,19.3872],[-95.085,18.6445,0.0],[-95.0866,18.643,106.0963],[-95.0872,18.6448,2.6305],[-95.0896,18.6444,71.9136],[-95.0929,18.6481,5.9447],[-95.0983,18.6422,0.1626],[-95.1216,18.6525,0.0],[-95.1271,18.6573,22.0454],[-95.1299,18.6629,4.6929],[-95.1284,18.6652,0.0],[-95.131,18.6693,3.3008],[-95.1299,18.6706,0.0],[-95.1307,18.6741,0.0],[-95.1333,18.6714,3.6704],[-95.1396,18.6724,0.0],[-95.1443,18.6762,25.3744],[-95.1464,18.681,0.0],[-95.1508,18.6817,3.473],[-95.1542,18.685,0.0],[-95.1564,18.6837,8.7732],[-95.1658,18.6866,31.1109],[-95.1723,18.692,24.1516],[-95.1777,18.6937,1.942],[-95.1831,18.7,0.7695],[-95.1835,18.7024,5.4465],[-95.1814,18.706,4.3738],[-95.1846,18.708,2.3476],[-95.1862,18.706,10.1211],[-95.188,18.7091,0.0],[-95.1916,18.7099,18.531],[-95.1944,18.7048,3.034],[-95.1984,18.7042,1.6037],[-95.2047,18.7061,0.0],[-95.2095,18.7032,0.9533],[-95.2278,18.7033,4.6699],[-95.2442,18.7061,0.0],[-95.2472,18.7037,5.4657],[-95.271,18.7073,0.0],[-95.2846,18.7131,2.0252],[-95.2883,18.7167,1.6251],[-95.2899,18.7145,1.7972],[-95.2948,18.7136,2.5192],[-95.3599,18.7107,0.0],[-95.4399,18.7107,0.0],[-95.5101,18.7137,19.4955],[-95.5731,18.7196,2.3404],[-95.6071,18.7257,0.0],[-95.6402,18.7341,0.0],[-95.6834,18.7499,2.575],[-95.7192,18.7676,0.9409],[-95.7339,18.7796,1.4645],[-95.7428,18.7905,0.0],[-95.7435,18.7859,0.913],[-95.7476,18.785,0.0],[-95.7515,18.77,2.2884],[-95.7477,18.7612,2.0746],[-95.7492,18.7557,0.0],[-95.7437,18.7466,0.9441],[-95.7301,18.7407,0.772],[-95.7137,18.7393,7.8334],[-95.7042,18.7358,0.7714],[-95.6985,18.7363,1.1334],[-95.6904,18.7316,0.0],[-95.6884,18.7326,1.3876],[-95.6846,18.731,12.76],[-95.6827,18.7286,0.0],[-95.6544,18.7227,43.5086],[-95.634,18.7094,2.6774],[-95.6389,18.6972,2.0251],[-95.6376,18.7022,0.3726],[-95.639,18.7093,0.2642],[-95.6526,18.7169,0.4525],[-95.6692,18.7226,0.0],[-95.6916,18.7273,0.0],[-95.7183,18.7297,0.9432],[-95.7212,18.7295,0.0],[-95.7218,18.728,0.4551],[-95.7408,18.7355,0.9848],[-95.7509,18.7439,0.0],[-95.7643,18.7464,6.2113],[-95.7749,18.7554,1.2976],[-95.7806,18.7491,4.9435],[-95.7835,18.7506,11.1796],[-95.783,18.7523,1.6],[-95.7905,18.7535,5.2722],[-95.8039,18.7515,0.0],[-95.8109,18.747,5.3938],[-95.8125,18.7448,0.0],[-95.8133,18.7359,2.2339],[-95.8103,18.7336,0.4636],[-95.8083,18.7244,3.7193],[-95.8052,18.7234,4.3721],[-95.8116,18.7191,0.823],[-95.8446,18.7144,1.4703],[-95.8573,18.7146,0.9137],[-95.862,18.7161,1.5781],[-95.864,18.723,3.0267],[-95.8632,18.7342,2.7652],[-95.859,18.7402,4.1782],[-95.8495,18.7452,2.7129],[-95.8469,18.7429,0.0],[-95.8437,18.7436,5.8568],[-95.8366,18.7215,0.0],[-95.834,18.7211,0.0],[-95.8277,18.7239,0.0],[-95.8263,18.7279,0.0],[-95.8307,18.7299,0.0],[-95.8225,18.7322,0.0],[-95.8269,18.7341,4.1512],[-95.8216,18.7335,0.0],[-95.822,18.7381,10.0672],[-95.8187,18.7409,10.626],[-95.819,18.7494,1.6851],[-95.8207,18.7534,3.9655],[-95.8313,18.7648,1.4105],[-95.8503,18.7717,1.8127],[-95.8657,18.7824,3.7538],[-95.867,18.7874,0.9503],[-95.8657,18.7972,2.2047],[-95.8626,18.8003,0.0],[-95.8573,18.8014,1.0674],[-95.8544,18.8052,2.61],[-95.8557,18.8061,0.0],[-95.8574,18.8041,0.0],[-95.8706,18.8036,2.2955],[-95.8703,18.8025,2.2955],[-95.8761,18.8024,3.1985],[-95.8777,18.8008,2.0591],[-95.8789,18.8022,1.0022],[-95.8809,18.8117,1.9318],[-95.8791,18.8175,2.0458],[-95.8734,18.8208,9.9748],[-95.8631,18.822,3.8036],[-95.8682,18.8266,5.4862],[-95.8842,18.8326,1.063],[-95.8888,18.8297,0.0],[-95.8926,18.8308,0.0],[-95.8947,18.8285,3.1424],[-95.9082,18.8265,2.1757],[-95.9134,18.8285,1.4015],[-95.9303,18.8298,1.5496],[-95.9418,18.8342,2.3752],[-95.9507,18.8405,3.4236],[-95.9519,18.8511,5.7522],[-95.9489,18.8567,0.0],[-95.9455,18.858,4.7211],[-95.9435,18.8648,5.0528],[-95.9443,18.8677,4.499],[-95.9416,18.8704,3.8725],[-95.9319,18.8734,3.4975],[-95.9293,18.8701,1.3923],[-95.9276,18.8637,0.0],[-95.9251,18.8653,2.456],[-95.9268,18.8721,8.2049],[-95.9223,18.8762,3.0243],[-95.9224,18.8711,7.9811],[-95.9145,18.8608,0.0],[-95.9092,18.8601,0.0],[-95.9034,18.853,4.8405],[-95.8943,18.8367,1.8686],[-95.8931,18.8362,1.2225],[-95.8924,18.8389,3.8784],[-95.8901,18.8401,2.6921],[-95.8866,18.8345,1.6176],[-95.867,18.8272,2.2637],[-95.862,18.8231,4.9991],[-95.8614,18.82,0.0],[-95.8583,18.8179,3.4981],[-95.8536,18.8101,0.0],[-95.8471,18.8141,3.6884],[-95.8397,18.816,6.3],[-95.8352,18.8056,1.3052],[-95.8302,18.8075,2.3074],[-95.8194,18.8036,0.6777],[-95.8109,18.7885,0.0],[-95.8034,18.7916,6.4811],[-95.7984,18.7909,3.0359],[-95.7854,18.7788,2.4121],[-95.7674,18.7693,0.5763],[-95.7661,18.7711,10.6139],[-95.7666,18.7687,0.0],[-95.7654,18.7684,0.3554],[-95.7652,18.7704,3.056],[-95.7639,18.768,4.1061],[-95.7584,18.7651,0.0],[-95.7553,18.7678,0.0],[-95.7519,18.7843,0.0],[-95.7546,18.7893,1.2967],[-95.7522,18.7922,0.0],[-95.7781,18.7982,4.4255],[-95.8023,18.8067,16.8834],[-95.8623,18.8325,0.0],[-95.8849,18.8472,0.0],[-95.9041,18.8635,0.0],[-95.9056,18.8633,3.8469],[-95.9051,18.8645,0.3833],[-95.9282,18.8867,2.7835],[-95.9409,18.9054,0.0],[-95.9434,18.9139,10.219],[-95.9414,18.9215,9.8287],[-95.9419,18.9272,3.3236],[-95.9511,18.9404,11.2151],[-95.9596,18.9611,0.0],[-95.9652,18.996,0.0],[-95.9699,19.0487,0.0],[-95.9736,19.0575,0.1491],[-95.9826,19.0611,4.4819],[-95.9826,19.064,0.0],[-95.9926,19.0629,1.4342],[-96.0054,19.0575,0.0],[-96.0147,19.0559,1.9365],[-96.0289,19.0559,1.4139],[-96.0442,19.0586,5.5144],[-96.0668,19.0672,2.4248],[-96.0863,19.0801,4.0881],[-96.0984,19.0949,0.2833],[-96.1003,19.0996,0.9958],[-96.0988,19.1021,0.0],[-96.1015,19.1004,0.9958],[-96.1018,19.0971,1.7098],[-96.1064,19.0986,2.3699],[-96.1172,19.0927,1.383],[-96.1138,19.0981,1.225],[-96.1057,19.0996,0.0],[-96.0966,19.1046,0.0],[-96.0992,19.104,0.0],[-96.1028,19.1111,4.406],[-96.1061,19.1265,3.8553],[-96.1054,19.1298,0.7795],[-96.1014,19.1344,0.0],[-96.1015,19.142,3.5501],[-96.0951,19.148,0.9706],[-96.0941,19.1513,5.791],[-96.106,19.1653,4.0281],[-96.1093,19.1677,1.8926],[-96.1171,19.1693,4.3771],[-96.1245,19.1812,3.705],[-96.1247,19.1846,3.8708],[-96.1226,19.1881,5.4675],[-96.1241,19.1898,0.8758],[-96.1237,19.1946,0.0],[-96.1283,19.1954,2.8997],[-96.1329,19.2031,0.3145],[-96.1358,19.2016,6.7299],[-96.1352,19.2033,1.0625],[-96.1375,19.2038,1.5764],[-96.1363,19.2051,0.0],[-96.1384,19.2054,1.5764],[-96.1359,19.208,0.0],[-96.1386,19.2067,0.3733],[-96.1395,19.2082,3.016],[-96.1371,19.2096,0.0],[-96.1402,19.2092,0.0],[-96.1392,19.2113,2.4312],[-96.1414,19.2117,2.6305],[-96.1394,19.2135,0.7422],[-96.1354,19.2141,2.6237],[-96.1331,19.2099,0.0],[-96.1319,19.2103,0.0],[-96.1326,19.2094,0.0],[-96.1269,19.2075,0.2598],[-96.1271,19.2055,0.0],[-96.1267,19.2076,0.2598],[-96.1255,19.2074,1.045],[-96.1254,19.2054,0.0],[-96.1253,19.2073,1.045],[-96.1238,19.2074,0.0],[-96.1234,19.2137,0.5989],[-96.1275,19.2167,2.8104],[-96.1311,19.2154,1.9886],[-96.1379,19.2172,0.0],[-96.1425,19.2164,1.3164],[-96.1407,19.2151,3.3064],[-96.1426,19.2131,2.6823],[-96.1493,19.2132,4.2309],[-96.1644,19.2174,2.0503],[-96.1744,19.2255,2.8782],[-96.1756,19.2289,0.0],[-96.1745,19.2372,0.9374],[-96.1784,19.2467,5.7242],[-96.1822,19.2501,2.2675],[-96.1906,19.2511,1.0699],[-96.1961,19.2565,0.0],[-96.2078,19.259,0.2069],[-96.2311,19.2696,0.0],[-96.2646,19.2906,1.3172],[-96.2818,19.3082,0.3699],[-96.296,19.3075,0.9957],[-96.3079,19.3132,5.7558],[-96.32,19.3156,3.3478],[-96.3258,19.3216,1.9933],[-96.3311,19.3359,3.0963],[-96.3239,19.3203,1.7573],[-96.3198,19.3165,1.0001],[-96.3016,19.313,0.0],[-96.296,19.3097,0.0],[-96.2828,19.3093,0.0],[-96.2967,19.3237,0.9168],[-96.3069,19.3426,1.4578],[-96.3112,19.3588,4.5473],[-96.3108,19.3641,9.4254],[-96.3074,19.3698,0.0],[-96.3073,19.373,0.2179],[-96.3151,19.3901,1.661],[-96.3215,19.4139,0.0],[-96.3228,19.4149,0.0],[-96.322,19.4098,3.1801],[-96.323,19.4137,1.4157],[-96.327,19.4141,0.0],[-96.3437,19.406,4.2617],[-96.3529,19.4109,0.8781],[-96.3566,19.4095,0.7072],[-96.3585,19.4063,1.7983],[-96.3571,19.4103,6.037],[-96.3539,19.4117,0.8781],[-96.3436,19.4072,3.2138],[-96.3273,19.4169,0.0],[-96.3231,19.4178,2.7141],[-96.3218,19.4152,0.0],[-96.3219,19.4329,1.1505],[-96.3196,19.4525,3.3993],[-96.3161,19.4583,1.3633],[-96.3105,19.4607,0.9569],[-96.3092,19.4629,0.0],[-96.3124,19.4693,1.5695],[-96.3134,19.4798,0.0],[-96.3308,19.4969,0.9068],[-96.3556,19.5274,5.342],[-96.3745,19.5605,2.0109],[-96.3787,19.5804,2.6191],[-96.3793,19.5922,0.0],[-96.3771,19.5963,0.0],[-96.373,19.5992,18.4191],[-96.3724,19.6021,32.8534],[-96.3745,19.6082,40.3666],[-96.397,19.6455,0.7254],[-96.3987,19.6743,5.064],[-96.396,19.6769,0.0],[-96.3929,19.6762,10.3672],[-96.392,19.6777,33.5114],[-96.3975,19.6808,0.4983],[-96.4075,19.6987,2.8583],[-96.4086,19.7038,4.9043],[-96.408,19.7156,5.6344],[-96.4038,19.7171,0.0],[-96.4021,19.7231,5.2813],[-96.4058,19.7277,4.0024],[-96.4083,19.7343,3.707],[-96.4084,19.7463,3.4515],[-96.4157,19.7563,29.9732],[-96.4247,19.7769,2.3887],[-96.4256,19.78,2.6977],[-96.4228,19.7834,7.7519],[-96.4233,19.7871,14.7865],[-96.4306,19.7944,2.2478],[-96.4391,19.8068,2.4485],[-96.4401,19.8161,2.5759],[-96.4478,19.8297,5.2228],[-96.4481,19.8442,2.8846],[-96.4608,19.861,1.0488],[-96.4635,19.8612,0.0],[-96.4714,19.8673,0.0],[-96.4901,19.8838,0.0],[-96.4956,19.8899,3.8182],[-96.5005,19.8986,0.5328],[-96.518,19.9147,2.4963],[-96.5539,19.9562,1.0949],[-96.5652,19.9721,6.2737],[-96.5727,19.9869,0.5505],[-96.5744,19.9921,1.8277],[-96.5739,20.0006,1.2905],[-96.5759,20.0057,0.5322],[-96.5962,20.0273,1.0637],[-96.6935,20.1397,2.3748],[-96.7157,20.1711,1.4678],[-96.7752,20.2283,0.5907],[-96.7818,20.238,2.8086],[-96.7848,20.2382,0.0],[-96.7862,20.2362,0.4037],[-96.7949,20.2449,0.0755],[-96.7988,20.2454,5.6508],[-96.7999,20.2476,1.0368],[-96.7967,20.2462,0.6935],[-96.7959,20.2484,3.1257],[-96.7981,20.2545,4.2933],[-96.7944,20.2488,2.0023],[-96.7903,20.2459,4.5665],[-96.7906,20.243,0.0],[-96.7855,20.24,0.0],[-96.7855,20.2422,0.0],[-96.7901,20.2483,1.8812],[-96.9091,20.3662,4.3584],[-96.9518,20.4122,2.7266],[-96.9591,20.4211,3.0985],[-96.9857,20.4638,0.0],[-96.9915,20.469,0.1896],[-96.999,20.4727,0.0],[-97.0083,20.4688,0.0],[-97.0175,20.4711,0.087],[-97.0165,20.4747,0.292],[-97.007,20.4741,0.8407],[-97.0018,20.4754,0.0],[-97.024,20.4933,3.8232],[-97.0575,20.5237,3.7218],[-97.0987,20.5636,2.2366],[-97.131,20.5992,0.0],[-97.1332,20.5955,1.3283],[-97.1309,20.5933,1.2812],[-97.1339,20.5936,3.0514],[-97.1348,20.590699999999998,2.5295],[-97.1365,20.5909,2.5295],[-97.1351,20.5979,1.6728],[-97.1452,20.5983,9.7295],[-97.1439,20.5994,2.5529],[-97.1316,20.5999,0.0],[-97.1439,20.6125,0.0],[-97.1656,20.6419,0.6782],[-97.1775,20.6621,0.0],[-97.1833,20.6786,1.0615],[-97.19,20.6896,0.0],[-97.1954,20.7044,6.919],[-97.1962,20.7206,0.0],[-97.2001,20.7238,0.0],[-97.2031,20.724,0.0],[-97.1941,20.7383,0.0],[-97.2026,20.7537,0.5984],[-97.2075,20.7784,3.7913],[-97.2222,20.8037,5.3308],[-97.2298,20.824,12.5533],[-97.2303,20.8318,3.4826],[-97.2608,20.8755,3.7043],[-97.2971,20.9464,0.0],[-97.3057,20.9671,0.0],[-97.3087,20.9627,1.4483],[-97.3135,20.961,1.4431],[-97.3193,20.9633,0.7166],[-97.3269,20.961,0.0],[-97.3328,20.9623,3.0367],[-97.3283,20.9639,3.525],[-97.3263,20.9672,1.6207],[-97.3328,20.9691,0.3976],[-97.3396,20.9737,6.8809],[-97.3437,20.9742,0.5],[-97.3471,20.9815,1.1636],[-97.3508,20.9826,1.2621],[-97.3587,20.9894,0.5],[-97.3597,20.9957,0.5],[-97.3668,21.0006,0.5],[-97.3681,21.0057,0.998],[-97.3699,21.0071,0.7347],[-97.3695,21.0112,2.8652],[-97.3644,21.0136,1.1711],[-97.3578,21.0215,1.0572],[-97.3582,21.0248,0.8305],[-97.3629,21.0223,0.5],[-97.3629,21.0195,2.0094],[-97.3647,21.0203,1.7824],[-97.3646,21.0166,2.6178],[-97.3665,21.0156,0.5],[-97.3664,21.0222,1.0902],[-97.368,21.0241,0.5],[-97.3668,21.0306,0.5],[-97.3689,21.0288,3.0152],[-97.3704,21.0235,2.8688],[-97.3684,21.0223,2.6076],[-97.37,21.0193,2.8024],[-97.3717,21.0206,3.899],[-97.3721,21.0258,1.082],[-97.3745,21.0263,2.6776],[-97.374,21.0295,1.8151],[-97.3804,21.0291,0.5],[-97.381,21.0266,3.2563],[-97.3839,21.0316,1.9911],[-97.3872,21.0335,1.315],[-97.3876,21.0368,0.5],[-97.3864,21.0379,0.5],[-97.3886,21.0402,3.3078],[-97.3868,21.0415,3.1284],[-97.3821,21.0422,5.6129],[-97.3811,21.0386,0.5],[-97.3797,21.0383,0.5],[-97.3775,21.0417,4.6811],[-97.3701,21.0391,1.1381],[-97.371,21.0359,2.2566],[-97.373,21.0354,1.339],[-97.371,21.0337,0.5],[-97.3636,21.036,1.7107],[-97.3622,21.0394,3.4497],[-97.357,21.0346,1.1885],[-97.3576,21.0296,1.0954],[-97.3543,21.0321,3.6697],[-97.3401,21.0053,3.6131],[-97.3372,20.9901,0.5],[-97.3396,20.9826,0.8783],[-97.3383,20.9795,0.6446],[-97.3392,20.9764,0.9722],[-97.3238,20.9665,0.9388],[-97.3061,20.9714,0.8568],[-97.3144,20.9833,3.8372],[-97.3263,21.0057,6.7124],[-97.3654,21.0986,0.4867],[-97.3918,21.1483,1.4089],[-97.402,21.1716,0.0],[-97.4139,21.2061,0.0],[-97.4202,21.2309,0.0],[-97.4224,21.2491,0.0],[-97.4206,21.2588,0.0],[-97.4223,21.2589,0.0],[-97.4225,21.2583,1.6644],[-97.423,21.2526,2.4487],[-97.4256,21.2549,2.8723],[-97.4235,21.257,2.8702],[-97.4251,21.2589,0.0],[-97.4352,21.2589,0.2258],[-97.4383,21.2603,0.324],[-97.4425,21.2662,0.8113],[-97.4451,21.2752,0.0],[-97.4443,21.2863,0.535],[-97.4456,21.2863,1.6353],[-97.4437,21.2872,1.9698],[-97.4429,21.293,0.9289],[-97.4437,21.3017,1.8828],[-97.4479,21.3107,0.0],[-97.4623,21.3239,0.0],[-97.4683,21.3256,1.1124],[-97.477,21.3319,0.114],[-97.4842,21.3349,0.8204],[-97.4896,21.3454,1.3479],[-97.4921,21.3613,0.0],[-97.5,21.3837,0.5685],[-97.5044,21.402,2.2216],[-97.5022,21.4183,0.0],[-97.4951,21.4243,5.8272],[-97.489,21.4421,3.3757],[-97.489,21.4486,4.0289],[-97.4921,21.4546,0.0],[-97.5006,21.4684,0.0],[-97.5125,21.4783,0.0],[-97.5145,21.4764,0.8646],[-97.5126,21.4732,0.553],[-97.5126,21.4653,0.7843],[-97.5188,21.4602,2.5713],[-97.5207,21.4558,0.6129],[-97.5199,21.4601,0.8161],[-97.5136,21.4658,4.1434],[-97.5137,21.4722,1.4297],[-97.5168,21.4771,0.0],[-97.5178,21.4735,2.6305],[-97.5205,21.4713,1.1633],[-97.5466,21.4647,1.7817],[-97.5687,21.4645,0.4256],[-97.5761,21.4701,3.4008],[-97.5868,21.4875,0.0],[-97.5934,21.4939,0.0],[-97.5976,21.512,0.0],[-97.5974,21.5173,0.0],[-97.5992,21.5202,3.1678],[-97.6091,21.5257,0.4354],[-97.6182,21.5379,0.5521],[-97.6187,21.5397,2.6733],[-97.6161,21.5364,0.0],[-97.6168,21.5462,-0.4151],[-97.6225,21.5529,0.0],[-97.631,21.5573,2.756],[-97.6322,21.5639,0.0],[-97.6432,21.5849,6.9164],[-97.6411,21.5949,1.3123],[-97.6455,21.6118,1.1938],[-97.6438,21.6268,0.8346],[-97.6498,21.6186,0.7813],[-97.6591,21.6137,0.9505],[-97.6674,21.6043,3.7575],[-97.6751,21.6074,0.0],[-97.6809,21.6134,1.523],[-97.6882,21.613,4.4006],[-97.6963,21.6179,0.99],[-97.7031,21.6118,6.6996],[-97.7147,21.6054,8.4784],[-97.7225,21.6061,0.2141],[-97.7235,21.604,0.3675],[-97.7218,21.5978,0.6224],[-97.7228,21.5943,4.1727],[-97.7251,21.5929,0.9716],[-97.723,21.5981,0.6224],[-97.7244,21.6057,2.2014],[-97.7221,21.6071,6.186],[-97.7173,21.6057,1.6095],[-97.7042,21.6132,1.9831],[-97.6969,21.6192,2.5393],[-97.6929,21.6181,2.5668],[-97.688,21.614,5.2057],[-97.6789,21.6139,3.6951],[-97.672,21.6069,0.3287],[-97.6674,21.6057,1.0948],[-97.6625,21.6128,1.4601],[-97.6494,21.6215,0.0357],[-97.6467,21.6277,0.0],[-97.6543,21.6287,1.0221],[-97.664,21.6336,1.2699],[-97.6695,21.6432,0.0],[-97.6736,21.6472,0.0],[-97.6801,21.6623,4.2765],[-97.6834,21.683,0.0],[-97.688,21.6979,0.0],[-97.6872,21.7037,0.1834],[-97.6948,21.7131,1.8417],[-97.6915,21.7249,0.0],[-97.6934,21.7367,0.0],[-97.6921,21.7439,0.0],[-97.6971,21.7527,1.9175],[-97.6959,21.7698,0.973],[-97.7013,21.7744,0.0],[-97.7016,21.7764,0.0],[-97.7012,21.7785,0.4565],[-97.696,21.7837,0.0],[-97.7014,21.7854,3.4522],[-97.706,21.7893,0.6032],[-97.7086,21.7957,0.0],[-97.7066,21.8041,0.0],[-97.7144,21.8088,0.5114],[-97.7223,21.8298,1.6456],[-97.7219,21.8346,3.5386],[-97.7191,21.8356,4.6062],[-97.7153,21.8329,1.8499],[-97.7163,21.8372,1.5483],[-97.7067,21.8422,0.0],[-97.7081,21.8469,0.5082],[-97.7059,21.8477,0.9985],[-97.7059,21.8515,0.5729],[-97.7087,21.8545,0.0],[-97.7091,21.858,2.0041],[-97.7061,21.8597,0.9156],[-97.7021,21.8799,0.0],[-97.7106,21.8952,0.0],[-97.7202,21.9199,0.0],[-97.7228,21.9227,0.4118],[-97.7245,21.9324,1.0173],[-97.7243,21.944,1.0984],[-97.7168,21.9533,0.0],[-97.7245,21.9573,0.0],[-97.731,21.9697,0.9028],[-97.7314,21.9784,0.0],[-97.7345,21.9823,0.0],[-97.7344,21.986,0.0],[-97.7406,22.0005,0.0],[-97.7507,22.0133,9.4847],[-97.7507,22.0265,1.2913],[-97.7533,22.031,0.7793],[-97.7586,22.0349,3.7207],[-97.7632,22.0446,1.9198],[-97.7683,22.0501,2.2512],[-97.7684,22.0538,0.4486],[-97.7646,22.0572,0.9955],[-97.7646,22.0636,2.8182],[-97.7621,22.0656,0.0],[-97.7663,22.0656,0.5018],[-97.7717,22.0701,3.2688],[-97.7724,22.0742,0.0],[-97.7745,22.0755,0.0],[-97.7739,22.0819,0.0],[-97.7719,22.0837,0.0],[-97.7699,22.0832,1.6747],[-97.7687,22.0871,0.4095],[-97.7745,22.0881,1.4848],[-97.7773,22.0952,4.067],[-97.7806,22.0983,2.1801],[-97.7798,22.1196,2.9845],[-97.7819,22.1236,2.7942],[-97.7847,22.1246,3.6206],[-97.7844,22.1325,0.8477],[-97.7873,22.1336,3.1989],[-97.7924,22.1637,6.0473],[-97.7895,22.1575,6.4472],[-97.7883,22.1471,1.0499],[-97.786,22.1463,0.0],[-97.7871,22.1432,1.2574],[-97.7842,22.1337,0.8477],[-97.7834,22.1277,5.5412],[-97.7814,22.1271,3.3907],[-97.7815,22.1242,2.636],[-97.7791,22.1203,2.9845],[-97.7789,22.1111,1.8963],[-97.7769,22.1154,1.4796],[-97.7709,22.1006,0.7771],[-97.7699,22.0896,1.5632],[-97.7683,22.0867,1.1776],[-97.7695,22.0819,0.0058],[-97.7645,22.0787,0.0],[-97.7637,22.0738,2.2554],[-97.7612,22.0718,0.6123],[-97.7554,22.0491,2.4042],[-97.7484,22.0354,0.0],[-97.7465,22.0271,1.0162],[-97.7384,22.0181,1.0698],[-97.7321,22.0005,0.0],[-97.7293,21.9993,8.0599],[-97.7281,21.9934,3.8276],[-97.7251,21.9916,3.9907],[-97.7254,21.9874,0.7136],[-97.7233,21.9871,3.1818],[-97.7217,21.9891,6.1326],[-97.7212,21.9826,0.0],[-97.7174,21.9836,1.3911],[-97.7165,21.9775,2.3746],[-97.7142,21.978,5.121],[-97.714,21.9761,1.9422],[-97.7119,21.9756,9.9171],[-97.7086,21.9713,3.2894],[-97.7127,21.965,0.2123],[-97.7094,21.9655,1.1228],[-97.7073,21.9703,0.0],[-97.7065,21.9692,0.0],[-97.7055,21.9709,0.0],[-97.7073,21.9713,3.2894],[-97.7303,22.0142,9.0794],[-97.7452,22.0461,0.0],[-97.7591,22.0803,6.9155],[-97.7764,22.1328,1.0984],[-97.789,22.1827,0.0],[-97.7929,22.2113,1.8502],[-97.7937,22.2497,1.5241],[-97.7927,22.2575,1.929],[-97.7901,22.26,0.0],[-97.7937,22.2588,0.0],[-97.7943,22.2575,0.0],[-97.7975,22.2622,4.3106],[-97.8002,22.2591,0.6701],[-97.8209,22.2492,2.0514],[-97.8333,22.2399,0.7511],[-97.8382,22.2334,1.5462],[-97.8395,22.2115,0.6114],[-97.8432,22.2088,2.1809],[-97.8545,22.2091,1.7751],[-97.8958,22.2238,2.5669],[-97.8978,22.2297,0.0],[-97.9024,22.2333,0.7561],[-97.9179,22.24,1.1799],[-97.9203,22.246,7.721],[-97.9172,22.248,2.5996],[-97.9168,22.2526,8.1322],[-97.9186,22.2511,0.0],[-97.9257,22.2507,5.8261],[-97.9346,22.2546,2.8822],[-97.9354,22.2564,0.0],[-97.9318,22.2645,0.0],[-97.9317,22.271,0.0],[-97.9425,22.2773,7.4803],[-97.9539,22.287,0.0],[-97.9567,22.2939,11.1462],[-97.9621,22.2941,6.2958],[-97.9695,22.2974,10.6791],[-97.9715,22.2962,0.0],[-97.9788,22.3016,0.0],[-97.9827,22.3026,0.5691],[-97.9831,22.2989,0.0],[-97.9869,22.3016,5.1787],[-97.9927,22.2928,0.0],[-98.0003,22.2974,5.3196],[-97.9983,22.299,2.4949],[-97.9976,22.3027,1.4906],[-97.9989,22.3143,0.0],[-97.9954,22.3137,0.2751],[-97.9953,22.3113,1.1432],[-97.984,22.3047,1.3034],[-97.9828,22.3111,3.9573],[-97.9791,22.3132,2.0022],[-97.9787,22.3173,1.1433],[-97.9705,22.3281,2.4189],[-97.9704,22.3329,0.548],[-97.9735,22.3336,1.7014],[-97.9776,22.339,1.0416],[-97.9852,22.3412,1.8267],[-97.99,22.3509,1.668],[-97.9927,22.3513,0.5549],[-97.9963,22.3485,4.0973],[-98.0007,22.3482,0.0],[-98.0129,22.3533,1.8172],[-98.0211,22.3528,1.5164],[-98.0246,22.3568,1.1581],[-98.0285,22.3584,1.8513],[-98.0387,22.3558,1.4793],[-98.054,22.3555,1.8201],[-98.0595,22.3464,1.7764],[-98.065,22.3486,1.7238],[-98.0708,22.347,1.9632],[-98.0743,22.3478,0.9299],[-98.086,22.3702,1.9245],[-98.0955,22.3727,1.8695],[-98.1025,22.3667,2.631],[-98.1062,22.3667,2.7746],[-98.1119,22.3782,3.9898],[-98.1113,22.3921,1.6478],[-98.1135,22.3953,1.6242],[-98.1516,22.4129,1.6276],[-98.1633,22.41,2.027],[-98.1735,22.4183,1.0544],[-98.189,22.4253,1.6978],[-98.1905,22.4296,1.1722],[-98.1897,22.4418,0.5],[-98.1999,22.449,2.1321],[-98.1926,22.4652,0.9392],[-98.195,22.4696,1.8729],[-98.207,22.464,1.7884],[-98.2141,22.47,5.6468],[-98.2198,22.4718,2.1778],[-98.2237,22.4695,2.6455],[-98.2297,22.4621,4.0585],[-98.2324,22.4613,2.4722],[-98.2403,22.4697,3.3008],[-98.2479,22.4717,2.4],[-98.252,22.4692,1.9114],[-98.2534,22.4665,2.4565],[-98.2566,22.4534,1.613],[-98.2729,22.4473,2.8971],[-98.2776,22.4489,1.3625],[-98.2836,22.4634,3.2433],[-98.2874,22.467,4.8527],[-98.2917,22.4678,2.5786],[-98.301,22.4612,3.0416],[-98.3088,22.4685,2.0076],[-98.3168,22.4686,3.6226],[-98.3193,22.4652,2.6691],[-98.3136,22.4562,2.785],[-98.3122,22.4452,2.7905],[-98.3209,22.44,1.9018],[-98.3274,22.4265,4.5856],[-98.3257,22.4239,4.7992],[-98.3153,22.4193,3.6527],[-98.3127,22.4143,1.7348],[-98.3165,22.4047,4.6208],[-98.3164,22.3933,2.2996],[-98.3188,22.3907,1.9068],[-98.3234,22.3967,2.4455],[-98.3277,22.3987,5.4189],[-98.3333,22.3968,4.184],[-98.3429,22.3897,3.1414],[-98.3523,22.3887,6.6109],[-98.3554,22.391,5.2934],[-98.3565,22.3951,2.4201],[-98.3552,22.3983,2.4317],[-98.3512,22.3991,2.7581],[-98.351,22.4024,2.513],[-98.3529,22.4067,5.658],[-98.3552,22.4074,4.2479],[-98.3598,22.405,6.0812],[-98.3746,22.3896,2.3849],[-98.3792,22.388,6.802],[-98.3878,22.3893,5.0095],[-98.3913,22.3942,3.0573],[-98.39,22.3976,8.5421],[-98.3846,22.4033,3.6533],[-98.3825,22.4159,6.1625],[-98.3847,22.4223,5.9055],[-98.3886,22.4243,4.5442],[-98.3921,22.4232,4.0191],[-98.3993,22.4088,4.1403],[-98.4062,22.4009,9.5001],[-98.4095,22.3999,5.4669],[-98.419,22.4127,3.7329],[-98.4331,22.4136,4.0098],[-98.4316,22.43,10.2941],[-98.4338,22.4329,7.3518],[-98.4372,22.4336,6.8931],[-98.4426,22.4324,9.6598],[-98.4486,22.42,10.2475],[-98.461,22.4122,6.3967],[-98.4666,22.4143,9.136],[-98.464,22.4255,11.3344],[-98.4668,22.4288,9.8879],[-98.4852,22.4256,8.7611],[-98.4904,22.4278,10.8166],[-98.4885,22.4243,10.562],[-98.4921,22.4195,12.0349],[-98.4934,22.4237,12.8906],[-98.4968,22.424,12.2429],[-98.4968,22.4253,12.2429],[-98.4939,22.4255,14.0227],[-98.4943,22.4272,10.7378],[-98.498,22.4267,10.0668],[-98.5064,22.4293,10.5844],[-98.5091,22.4237,7.1625],[-98.5122,22.4212,7.8214],[-98.5096,22.4164,11.6562],[-98.5133,22.413,11.0078],[-98.5153,22.4133,11.3703],[-98.5186,22.4108,13.1494],[-98.5208,22.4115,12.7774],[-98.5254,22.4068,12.6114],[-98.5413,22.4057,14.2599],[-98.5461,22.4002,14.736],[-98.5609,22.3995,17.4553],[-98.5685,22.4016,18.5039],[-98.5714,22.3984,20.032],[-98.5713,22.3956,21.912],[-98.5749,22.3939,21.4509],[-98.5765,22.3958,19.2427],[-98.5786,22.3948,22.013],[-98.5835,22.3973,21.4207],[-98.5898,22.3944,22.3186],[-98.5913,22.3963,26.7446],[-98.5923,22.3953,22.3439],[-98.5946,22.397,22.8667],[-98.5945,22.3987,24.5933],[-98.5967,22.3971,26.4623],[-98.5988,22.4002,26.7388],[-98.603,22.3996,26.7025],[-98.606,22.4019,25.8923],[-98.6072,22.4055,25.2604],[-98.6094,22.4064,27.777],[-98.608,22.4072,24.628],[-98.6123,22.4073,29.1505],[-98.6138,22.4089,25.8702],[-98.6203,22.4045,29.8302],[-98.6212,22.4023,27.8305],[-98.6269,22.4022,28.8098],[-98.6263,22.4045,29.9868],[-98.6277,22.403199999999998,28.8098],[-98.6296,22.404,29.9868],[-98.6304,22.4072,29.3504],[-98.6326,22.4073,31.7519],[-98.6321,22.4102,29.3721],[-98.6349,22.4102,27.4073],[-98.6369,22.4122,34.6879],[-98.6361,22.4137,31.955],[-98.6382,22.4145,31.9328],[-98.6402,22.4114,33.2969],[-98.6533,22.4079,33.7614],[-98.6549,22.4092,35.1808],[-98.6556,22.407,34.384],[-98.6576,22.4074,35.3987],[-98.665,22.4039,36.9025],[-98.6678,22.4041,36.5844],[-98.667,22.4062,35.2303],[-98.6697,22.4047,36.5844],[-98.6709,22.4057,37.8461],[-98.6815,22.3716,49.9547],[-98.6761,22.3732,47.8634],[-98.5829,22.3731,27.5375],[-98.5793,22.3778,27.9311],[-98.5788,22.3659,25.668],[-98.5823,22.3601,27.3285],[-98.5805,22.3572,28.4015],[-98.581,22.3546,29.6739],[-98.579,22.3533,31.6877],[-98.5806,22.3515,30.5341],[-98.5793,22.3486,30.4],[-98.5745,22.3486,31.8341],[-98.5731,22.3464,32.8281],[-98.5645,22.3475,36.8481],[-98.5645,22.3426,35.3289],[-98.5548,22.3426,40.8012],[-98.5548,22.338,45.8516],[-98.5352,22.3379,37.1019],[-98.5353,22.328,44.2179],[-98.5256,22.328,46.3846],[-98.5256,22.3188,45.1677],[-98.5157,22.3192,37.4928],[-98.5061,22.316,36.3253],[-98.5057,22.309,38.9605],[-98.5038,22.3097,37.9138],[-98.4985,22.3068,40.3563],[-98.4968,22.3077,37.4654],[-98.496,22.3037,44.4992],[-98.4922,22.3049,44.4028],[-98.4918,22.3036,42.6586],[-98.488,22.3035,37.2546],[-98.4869,22.2989,31.869],[-98.482,22.2994,26.595],[-98.4819,22.2967,25.5955],[-98.4778,22.2962,24.5814],[-98.4759,22.2886,28.0071],[-98.4644,22.2967,25.1592],[-98.4659,22.3,25.9136],[-98.4645,22.3035,20.4627],[-98.4615,22.3049,20.5469],[-98.4576,22.3013,20.4733],[-98.4545,22.3039,20.3836],[-98.4467,22.3056,23.7717],[-98.4386,22.2926,37.9336],[-98.4328,22.2892,38.6241],[-98.4277,22.2835,38.0551],[-98.4291,22.2805,36.8003],[-98.433,22.28,41.0875],[-98.4338,22.278199999999998,37.7657],[-98.4304,22.2746,40.8217],[-98.4248,22.2743,44.613],[-98.4076,22.2842,39.3762],[-98.4032,22.2822,40.6737],[-98.402,22.2779,39.8459],[-98.3964,22.2763,37.8605],[-98.4009,22.2725,36.7851],[-98.4018,22.2697,34.8243],[-98.4064,22.2694,37.7027],[-98.4058,22.2672,37.3774],[-98.4032,22.2664,34.797],[-98.4057,22.2626,35.4865],[-98.4042,22.2592,34.5],[-98.4051,22.2561,36.983],[-98.3825,22.2559,37.1123],[-98.3818,22.2533,37.9212],[-98.3783,22.2534,34.5976],[-98.3763,22.2508,36.9681],[-98.3754,22.254,39.068],[-98.3681,22.2554,40.9766],[-98.3672,22.2513,43.2],[-98.3746,22.2361,39.2105],[-98.3695,22.2361,44.2023],[-98.3696,22.2381,46.3779],[-98.3643,22.2373,50.4029],[-98.3632,22.2389,50.8843],[-98.3524,22.2412,51.08],[-98.3519,22.2386,55.2173],[-98.326,22.2431,43.1774],[-98.3446,22.2221,50.4845],[-98.3523,22.2228,62.6989],[-98.3521,22.2207,61.9358],[-98.3431,22.2159,53.3769],[-98.345,22.214,56.0777],[-98.3352,22.21,49.8685],[-98.3348,22.2025,51.9543],[-98.3304,22.2013,27.4277],[-98.3343,22.1971,18.9007],[-98.3348,22.1902,8.0733],[-98.3365,22.1877,6.7661],[-98.3444,22.1865,7.3613],[-98.3553,22.1803,5.8329],[-98.4111,22.1434,6.4637],[-98.4167,22.1412,6.9113],[-98.4206,22.1383,8.2377],[-98.4233,22.1324,7.283],[-98.4263,22.1331,6.9294],[-98.4261,22.1301,8.4047],[-98.4288,22.1303,7.6794],[-98.432,22.1283,9.0129],[-98.4323,22.1178,8.2255],[-98.4382,22.1148,5.8379],[-98.4387,22.1119,8.0961],[-98.4324,22.1105,8.6041],[-98.4303,22.1085,13.65],[-98.4276,22.1088,8.3384],[-98.4195,22.1009,9.2275],[-98.4188,22.098,14.3249],[-98.4229,22.0968,15.0767],[-98.4261,22.0925,12.8163],[-98.4324,22.0897,14.9788],[-98.4334,22.0857,17.4191],[-98.4308,22.0793,10.0343],[-98.4365,22.0781,16.8889],[-98.4395,22.0756,12.5095],[-98.44,22.0685,17.4572],[-98.4419,22.0649,10.2133],[-98.4344,22.0569,14.6982],[-98.4346,22.0517,16.1068],[-98.4429,22.0494,10.6697],[-98.4464,22.0422,11.6718],[-98.4432,22.0371,10.288],[-98.4435,22.033,10.4568],[-98.4483,22.0273,15.0419],[-98.4482,22.0212,14.2713],[-98.4595,22.0054,22.0132],[-98.4584,22.005,22.0132],[-98.4602,22.0011,21.3606],[-98.4595,21.9952,20.2912],[-98.4624,21.9962,21.6058],[-98.4636,21.991,18.7571],[-98.47,21.9904,16.1442],[-98.4723,21.988,15.5886],[-98.4761,21.9939,12.2575],[-98.4763,21.9996,11.7521],[-98.4815,21.9905,12.3589],[-98.4799,21.989,12.5054],[-98.482,21.983,12.0309],[-98.4681,21.9655,10.6584],[-98.4688,21.9646,6.0487],[-98.4776,21.9603,7.807],[-98.4932,21.9604,14.982],[-98.5046,21.9666,5.5191],[-98.522,21.9794,3.5],[-98.5266,21.9782,3.5],[-98.5507,21.9608,5.0],[-98.5645,21.9682,5.5],[-98.5749,21.9691,14.4803],[-98.5788,21.9661,12.2128],[-98.5793,21.9614,10.6201],[-98.5765,21.9474,10.973],[-98.5736,21.943,17.9794],[-98.566,21.9376,8.7269],[-98.5513,21.9337,15.5654],[-98.5391,21.9391,17.8582],[-98.5316,21.9499,11.0705],[-98.5156,21.9513,12.0079],[-98.5109,21.9479,20.758],[-98.5031,21.9366,7.6838],[-98.4988,21.9274,25.0358],[-98.5005,21.9231,16.4435],[-98.5135,21.9296,8.6818],[-98.5311,21.9344,11.4556],[-98.5375,21.9346,8.4106],[-98.5438,21.9321,11.3116],[-98.5459,21.9173,13.5369],[-98.5349,21.9191,14.7356],[-98.5249,21.9146,6.9305],[-98.5149,21.9176,11.7545],[-98.5119,21.9146,15.2526],[-98.5108,21.9087,20.1411],[-98.5139,21.9016,10.1494],[-98.5202,21.897,16.3896],[-98.5347,21.9064,9.29],[-98.5382,21.9058,24.903],[-98.5382,21.8971,22.419],[-98.5421,21.8942,9.4214],[-98.5453,21.888,12.2736],[-98.5403,21.8766,20.7029],[-98.5404,21.8735,14.7434],[-98.548,21.8601,10.6281],[-98.5456,21.8586,22.2799],[-98.531,21.864,13.5678],[-98.5289,21.8632,11.7125],[-98.5218,21.8455,12.5524],[-98.5179,21.8297,7.7384],[-98.5145,21.8239,13.3784],[-98.5093,21.8244,17.9387],[-98.4951,21.8382,16.4006],[-98.4895,21.838,8.3206],[-98.4863,21.8363,9.2473],[-98.4859,21.8336,7.7869],[-98.4909,21.8277,12.973],[-98.493,21.8224,24.2937],[-98.4931,21.8139,23.4389],[-98.4899,21.8114,16.3143],[-98.4819,21.815,14.2511],[-98.475,21.8142,16.7791],[-98.4765,21.806,31.3125],[-98.4755,21.8019,11.4724],[-98.4624,21.7913,9.7177],[-98.4623,21.7784,17.897],[-98.4547,21.7664,14.4106],[-98.4594,21.7623,8.8512],[-98.464,21.7696,19.3361],[-98.4676,21.7707,20.821],[-98.4702,21.7636,20.8773],[-98.4794,21.7609,16.1238],[-98.4837,21.7522,14.1274],[-98.4827,21.7498,15.0454],[-98.4764,21.7492,14.0229],[-98.4769,21.7452,13.97],[-98.482,21.74,18.9605],[-98.4915,21.7351,17.3184],[-98.4957,21.7355,12.6156],[-98.5001,21.7393,16.2778],[-98.5042,21.738,15.3064],[-98.5055,21.734,16.8795],[-98.4995,21.7321,20.333],[-98.4989,21.7272,17.5476],[-98.5013,21.7264,15.7637],[-98.5071,21.7287,15.0509],[-98.5127,21.7266,12.737],[-98.5137,21.7242,18.6584],[-98.5128,21.7208,13.1395],[-98.5167,21.7169,14.6948],[-98.5209,21.716,21.2254],[-98.5247,21.7206,24.1784],[-98.5295,21.7221,24.2676],[-98.5374,21.7206,24.7145],[-98.5384,21.7182,29.7751],[-98.5368,21.7139,20.7037],[-98.5336,21.7133,15.4853],[-98.5271,21.7153,17.4653],[-98.5224,21.7131,16.7521],[-98.5205,21.7102,20.5135],[-98.5237,21.7033,23.2844],[-98.5307,21.6973,21.0631],[-98.5329,21.6976,19.4932],[-98.5368,21.7116,23.1273],[-98.542,21.7169,17.8826],[-98.5438,21.7234,17.9444],[-98.5476,21.7237,17.4779],[-98.5513,21.7196,19.5401],[-98.5595,21.7174,20.4045],[-98.5674,21.7174,21.0555],[-98.5716,21.7131,17.9202],[-98.5722,21.7092,20.1228],[-98.5703,21.707,22.5953],[-98.5624,21.7065,20.0397],[-98.5588,21.7035,22.9893],[-98.5583,21.6877,20.3878],[-98.5617,21.6829,24.5821],[-98.5655,21.6838,26.389],[-98.5693,21.6825,24.6858],[-98.5733,21.6765,24.9696],[-98.5792,21.6719,35.9791],[-98.5895,21.6691,21.4074],[-98.5978,21.6689,22.828],[-98.6106,21.6775,24.472],[-98.6161,21.6838,35.2985],[-98.622,21.6824,26.4456],[-98.6254,21.6773,32.211],[-98.625,21.6731,34.5048],[-98.6215,21.6715,27.9754],[-98.6114,21.6719,25.1653],[-98.6095,21.6672,24.977],[-98.6139,21.6636,31.8987],[-98.6173,21.6558,27.4336],[-98.6206,21.6531,26.7102],[-98.63,21.6548,29.5961],[-98.6332,21.6539,35.3774],[-98.6337,21.6426,29.7894],[-98.6379,21.6347,29.6017],[-98.6436,21.6317,33.8999],[-98.6422,21.6288,32.2422],[-98.6354,21.6263,31.2981],[-98.6281,21.6305,32.0829],[-98.6211,21.6278,29.6079],[-98.6192,21.6151,30.0],[-98.6194,21.6025,32.2382],[-98.6257,21.5926,31.9336],[-98.622,21.5912,40.6888],[-98.6205,21.5882,40.2403],[-98.6257,21.5869,40.885],[-98.6257,21.5855,40.885],[-98.6203,21.5834,41.4346],[-98.6182,21.5788,41.9211],[-98.6134,21.5799,43.3249],[-98.6134,21.5752,46.4112],[-98.6097,21.5751,45.7988],[-98.608,21.5677,45.9612],[-98.6054,21.5669,46.0619],[-98.6083,21.5644,55.5717],[-98.6061,21.5617,48.139],[-98.6035,21.562,47.5897],[-98.6078,21.5558,48.1177],[-98.605,21.5535,59.7979],[-98.6028,21.5554,52.2243],[-98.6003,21.5547,51.5711],[-98.6005,21.5519,48.5969],[-98.5988,21.5504,52.4522],[-98.6025,21.5444,51.1712],[-98.6006,21.5412,52.7559],[-98.6022,21.5404,51.4369],[-98.5985,21.5379,53.7731],[-98.5918,21.5372,52.5331],[-98.5875,21.5336,58.7462],[-98.5851,21.5358,58.3594],[-98.5796,21.5272,59.9435],[-98.5759,21.5272,63.1539],[-98.5761,21.5257,62.6741],[-98.5651,21.5201,74.9033],[-98.5626,21.5221,72.3257],[-98.5575,21.522,73.6473],[-98.5538,21.5161,86.6126],[-98.543,21.5138,99.447],[-98.5406,21.5076,115.6782],[-98.5323,21.5011,115.997],[-98.5356,21.4925,113.0727],[-98.5334,21.4868,108.6958],[-98.5266,21.4782,105.7014],[-98.5169,21.4607,74.4881],[-98.5171,21.4574,79.4729],[-98.5182,21.4598,76.3197],[-98.5205,21.4575,82.2802],[-98.5194,21.4556,83.643],[-98.5218,21.4506,85.9601],[-98.5199,21.4496,88.0784],[-98.5213,21.4483,88.1265],[-98.5199,21.4465,90.6729],[-98.5207,21.4435,98.1477],[-98.5246,21.4402,116.6101],[-98.5224,21.437,115.6051],[-98.5215,21.4314,97.4418],[-98.5229,21.425,89.2916],[-98.52,21.4224,85.7064],[-98.5193,21.4155,109.1331],[-98.5208,21.4159,102.6453],[-98.5218,21.4054,70.2936],[-98.5179,21.4036,66.9643],[-98.5192,21.4013,67.2831],[-98.5143,21.4001,64.812],[-98.5105,21.402,73.9853],[-98.5097,21.3957,62.5851],[-98.5076,21.396,60.4623],[-98.5091,21.3945,58.3663],[-98.5079,21.3919,60.2361],[-98.5067,21.3918,58.9403],[-98.5052,21.3949,57.7085],[-98.5034,21.3919,59.1896],[-98.5043,21.3894,54.8316],[-98.5026,21.3891,53.9401],[-98.5012,21.3855,53.4176],[-98.4946,21.3872,55.3019],[-98.4913,21.392,52.5686],[-98.4871,21.3922,54.0813],[-98.4864,21.3985,49.4096],[-98.4798,21.3966,53.3528],[-98.4811,21.3884,54.8262],[-98.4733,21.3912,49.4966],[-98.4687,21.387,47.9901],[-98.4699,21.3834,46.2119],[-98.4655,21.3732,70.2853],[-98.4684,21.3703,79.501],[-98.4661,21.3655,98.2628],[-98.4697,21.3623,101.5204],[-98.47,21.3575,106.2707],[-98.4634,21.3508,151.2533],[-98.4648,21.3478,197.5233],[-98.472,21.3467,151.1619],[-98.4779,21.3438,105.0021],[-98.4783,21.3474,116.5564],[-98.4852,21.3501,108.4729],[-98.4956,21.3404,114.4212],[-98.4974,21.3372,102.7422],[-98.4956,21.33,96.5967],[-98.5172,21.3045,139.1289],[-98.5258,21.2875,127.3157],[-98.5424,21.2691,139.3566],[-98.544,21.2639,123.3017],[-98.5379,21.2639,113.4681],[-98.5165,21.2443,80.7509],[-98.5083,21.2471,79.1446],[-98.5023,21.246,73.8934],[-98.4998,21.2478,75.813],[-98.5005,21.2517,72.9756],[-98.499,21.2522,73.5784],[-98.4932,21.2505,71.5949],[-98.4931,21.2518,71.5949],[-98.487,21.2507,86.0961],[-98.477,21.2524,101.6263],[-98.4684,21.2497,95.8323],[-98.4705,21.2445,128.577],[-98.4685,21.2392,224.3281],[-98.4693,21.2342,263.8058],[-98.4808,21.2307,107.3236],[-98.4817,21.2287,98.8231],[-98.4792,21.2265,103.7574],[-98.4797,21.2239,104.8131],[-98.4728,21.2198,168.6738],[-98.4678,21.2238,308.425],[-98.4665,21.2199,299.9963],[-98.4569,21.2148,279.7651],[-98.4529,21.21,304.9782],[-98.4596,21.2048,248.2974],[-98.4571,21.2029,312.8018],[-98.4494,21.202,352.4291],[-98.4467,21.1996,332.4889],[-98.4491,21.1936,306.0508],[-98.4494,21.1867,276.5907],[-98.4468,21.1798,200.7805],[-98.4455,21.1806,227.5118],[-98.4451,21.1787,201.4201],[-98.439,21.1762,178.5503],[-98.437,21.1772,170.8342],[-98.4355,21.1746,176.0972],[-98.433,21.1748,161.5491],[-98.4324,21.1723,158.644],[-98.4301,21.1728,157.4981],[-98.4303,21.168,155.9032],[-98.4237,21.1672,145.0206],[-98.4235,21.1635,183.0066],[-98.4204,21.1615,138.7048],[-98.4187,21.1624,143.7021],[-98.4171,21.1604,138.1815],[-98.4164,21.155,135.0973],[-98.4054,21.1547,123.8134],[-98.4045,21.1527,125.5297],[-98.4032,21.1544,125.3853],[-98.4038,21.1576,127.1581],[-98.4011,21.1559,123.182],[-98.3995,21.1586,120.5112],[-98.3978,21.1565,123.3386],[-98.3911,21.1605,119.6127],[-98.3893,21.1587,119.6898],[-98.3868,21.1623,116.4828],[-98.384,21.1609,119.9508],[-98.3836,21.1585,115.6022],[-98.3802,21.1584,117.0476],[-98.3802,21.1551,117.1564],[-98.3677,21.1588,113.8765],[-98.3662,21.1622,110.4708],[-98.365,21.1617,111.7475],[-98.3651,21.1581,110.0565],[-98.362,21.157,113.797],[-98.3595,21.1576,105.8108],[-98.3581,21.1563,106.4399],[-98.3537,21.1598,107.244],[-98.3508,21.1571,106.0313],[-98.3506,21.1599,104.6468],[-98.3421,21.1608,104.9753],[-98.3409,21.1648,102.2702],[-98.3424,21.1672,101.1197],[-98.3381,21.1728,99.894],[-98.3211,21.1813,87.57],[-98.3159,21.1869,82.9151],[-98.3112,21.1834,80.2643],[-98.3084,21.1848,80.0696],[-98.308,21.1803,79.548],[-98.305,21.183,77.5815],[-98.3054,21.1813,79.6098],[-98.2979,21.1774,77.6491],[-98.2996,21.1841,73.6316],[-98.296,21.183,76.1671],[-98.2962,21.188,68.0408],[-98.2872,21.1943,62.9819],[-98.2791,21.1928,64.6012],[-98.2755,21.1874,69.1054],[-98.2789,21.1829,68.4057],[-98.2786,21.1726,71.5482],[-98.2831,21.164,82.795],[-98.2864,21.1614,76.1124],[-98.2907,21.1606,76.9624],[-98.2959,21.1536,82.2208],[-98.2945,21.1472,81.6134],[-98.2862,21.1451,79.5713],[-98.2808,21.141,118.7648],[-98.2825,21.1389,84.7007],[-98.2822,21.1364,83.9503],[-98.2647,21.1412,327.9729],[-98.262,21.1404,315.1844],[-98.2571,21.1339,255.7805],[-98.2491,21.1294,108.6922],[-98.2453,21.1322,96.1793],[-98.246,21.1346,95.593],[-98.2394,21.1381,102.9819],[-98.2369,21.1434,83.2825],[-98.2338,21.1406,82.2454],[-98.2342,21.1428,82.3884],[-98.2313,21.1424,77.7596],[-98.2317,21.1444,81.6108],[-98.2292,21.1456,86.0856],[-98.2274,21.1504,77.7077],[-98.2168,21.1515,67.3082],[-98.2156,21.1501,66.073],[-98.2178,21.1477,70.5555],[-98.2168,21.1447,66.959],[-98.2086,21.1433,71.3989],[-98.2051,21.1381,70.9205],[-98.2042,21.1353,73.5818],[-98.208,21.1308,71.8254],[-98.2074,21.1287,74.4504],[-98.1969,21.123,71.2949],[-98.1952,21.1204,72.7281],[-98.1957,21.1178,71.2958],[-98.1995,21.1158,72.183],[-98.2024,21.1109,72.1308],[-98.2017,21.1061,72.3108],[-98.1876,21.1108,77.4434],[-98.1833,21.1102,75.8849],[-98.1808,21.1068,78.0662],[-98.1749,21.1062,78.3741],[-98.171,21.0968,79.9368],[-98.1509,21.0855,86.4127],[-98.1474,21.0784,83.5661],[-98.1492,21.0714,91.0191],[-98.1545,21.0661,94.9766],[-98.1507,21.0524,101.2348],[-98.1508,21.0472,101.8518],[-98.1557,21.0334,97.6287],[-98.1598,21.0322,107.5929],[-98.1627,21.0283,99.1643],[-98.1612,21.0191,96.347],[-98.1639,21.0176,102.6975],[-98.1679,21.0229,105.1104],[-98.173,21.0206,100.6883],[-98.1763,21.0212,102.6973],[-98.1805,21.0241,102.6476],[-98.1827,21.03,105.7574],[-98.1883,21.0313,107.0141],[-98.1909,21.0263,136.0588],[-98.1886,21.0213,155.9764],[-98.189,21.0183,135.9376],[-98.197,21.0166,172.9221],[-98.2016,21.0125,184.6398],[-98.2027,21.0094,211.1624],[-98.1995,20.9991,281.8272],[-98.2006,20.9947,328.7441],[-98.215,20.9896,400.5717],[-98.2133,20.9831,476.9423],[-98.2169,20.9737,542.1021],[-98.2111,20.9722,574.634],[-98.2098,20.9707,580.2144],[-98.212,20.9678,537.126],[-98.2095,20.9671,531.6633],[-98.2135,20.9626,642.619],[-98.2144,20.956,583.9535],[-98.2161,20.9526,407.543],[-98.2257,20.9594,648.4659],[-98.2282,20.958,694.9478],[-98.2274,20.9541,712.5883],[-98.2297,20.9497,571.6909],[-98.2302,20.9448,377.0182],[-98.2349,20.9411,260.1853],[-98.2374,20.9348,225.1934],[-98.2368,20.929,213.5565],[-98.2394,20.923,216.3321],[-98.2343,20.9158,226.2857],[-98.2293,20.9145,222.9642],[-98.224,20.919,231.7625],[-98.2227,20.9184,221.966],[-98.2227,20.9134,224.294],[-98.229,20.9082,228.4711],[-98.2249,20.9064,230.3591],[-98.2324,20.9001,294.9869],[-98.2487,20.899,373.9036],[-98.251,20.8973,410.9665],[-98.259,20.8749,634.4006],[-98.2655,20.8665,437.4665],[-98.2562,20.859,705.5458],[-98.2588,20.8551,657.3925],[-98.2546,20.849,532.472],[-98.2623,20.8469,728.1616],[-98.2606,20.8398,534.9547],[-98.2582,20.8397,540.4893],[-98.2595,20.8376,628.5839],[-98.2589,20.834,690.2045],[-98.2521,20.8278,709.1622],[-98.2538,20.8215,407.9412],[-98.252,20.8199,425.5238],[-98.2495,20.8223,442.8507],[-98.2479,20.8197,397.1603],[-98.2393,20.8176,371.8568],[-98.2247,20.8182,374.1088],[-98.2327,20.8044,490.3487],[-98.2337,20.7976,610.3518],[-98.2363,20.7968,641.3145],[-98.2374,20.7985,633.8418],[-98.2449,20.8009,463.5409],[-98.2449,20.8022,422.8524],[-98.2489,20.7964,488.9265],[-98.2456,20.7933,568.1635],[-98.2477,20.7894,630.6871],[-98.254,20.7941,492.7479],[-98.257,20.7928,510.9152],[-98.2616,20.786,528.9506],[-98.2756,20.786,703.4093],[-98.2795,20.7827,525.4294],[-98.2844,20.7867,660.9647],[-98.292,20.7855,873.4351],[-98.2988,20.7778,510.7697],[-98.3045,20.7827,548.236],[-98.2978,20.7957,855.2424],[-98.2984,20.8014,678.0908],[-98.3029,20.7959,960.5303],[-98.3078,20.8019,733.2942],[-98.3121,20.7977,970.1158],[-98.3153,20.7887,823.0476],[-98.3252,20.7838,508.4659],[-98.3285,20.7841,493.8925],[-98.3277,20.7861,439.9973],[-98.3353,20.7899,455.5508],[-98.3385,20.7931,366.2077],[-98.3394,20.7967,360.5101],[-98.3447,20.7975,369.8768],[-98.3148,20.8098,643.0438],[-98.3165,20.8178,867.6727],[-98.3286,20.8205,416.479],[-98.3272,20.8294,751.8813],[-98.3397,20.8327,438.3698],[-98.3454,20.8318,274.3566],[-98.3471,20.8345,270.4227],[-98.3529,20.836,268.9092],[-98.3498,20.843,262.3611],[-98.3518,20.8488,261.2642],[-98.348,20.8541,253.4052],[-98.3478,20.8589,250.4851],[-98.3445,20.8622,276.2996],[-98.3451,20.8649,247.1354],[-98.3474,20.8631,247.1412],[-98.3489,20.8656,256.917],[-98.351,20.8612,249.783],[-98.3575,20.8568,295.8701],[-98.3593,20.8568,280.9954],[-98.36,20.8595,256.7625],[-98.3634,20.8606,261.069],[-98.3658,20.8639,275.4217],[-98.3681,20.8619,265.23],[-98.3711,20.8623,265.4455],[-98.373,20.8565,270.894],[-98.3797,20.8519,292.3582],[-98.3819,20.8535,285.3628],[-98.388,20.8538,299.7466],[-98.3896,20.8558,299.0013],[-98.3936,20.8544,304.826],[-98.3982,20.8587,320.9012],[-98.4029,20.8584,323.4775],[-98.4056,20.8552,361.7365],[-98.4114,20.8541,366.0054],[-98.4137,20.8486,413.4632],[-98.417,20.8481,371.553],[-98.4194,20.8511,390.1364],[-98.4218,20.8492,392.3015],[-98.4247,20.8499,400.1883],[-98.4269,20.8471,409.0363],[-98.4276,20.8493,426.4263],[-98.4306,20.8477,423.8761],[-98.4295,20.847,444.4283],[-98.4323,20.841,476.6918],[-98.4332,20.8418,529.6352],[-98.4394,20.8383,523.2736],[-98.4405,20.8356,571.8813],[-98.4437,20.8343,682.8024],[-98.444,20.829,759.2969],[-98.4506,20.8215,897.6564],[-98.4522,20.814,825.6533],[-98.4492,20.8101,413.4625],[-98.4496,20.8061,615.8802],[-98.4559,20.7895,548.7188],[-98.4605,20.7881,624.4725],[-98.4632,20.7852,595.3253],[-98.4605,20.779,883.6655],[-98.4646,20.7725,940.6227],[-98.4616,20.7702,1049.3562],[-98.4601,20.7628,1270.7139],[-98.456,20.7556,1254.5612],[-98.4497,20.7513,721.663],[-98.4576,20.7469,868.1865],[-98.4707,20.7449,821.2886],[-98.476,20.7389,853.1951],[-98.4968,20.7368,959.5873],[-98.5036,20.7322,960.6079],[-98.5073,20.7381,1108.2101],[-98.5081,20.7442,1442.4763],[-98.5167,20.7429,1423.7332],[-98.5178,20.7402,1261.1658],[-98.5144,20.7362,1139.7634],[-98.5145,20.7323,1088.0098],[-98.5105,20.7339,1052.4717],[-98.5064,20.7331,970.7932],[-98.511,20.7287,1068.7374],[-98.514,20.7282,1074.0156],[-98.5135,20.7266,1131.0563],[-98.5157,20.7254,1245.9784],[-98.5204,20.727,1299.8883],[-98.5245,20.7217,1360.0228],[-98.5302,20.7181,1449.3511],[-98.5322,20.7154,1492.1844],[-98.5326,20.7113,1494.2023],[-98.5304,20.7088,1485.2849],[-98.5301,20.71,1485.2849],[-98.5291,20.704,1724.618],[-98.5311,20.7041,1618.6582],[-98.531,20.702,1629.522],[-98.5342,20.6984,1652.0659],[-98.5403,20.6981,1610.6705],[-98.5387,20.6956,1606.8826],[-98.54,20.6935,1565.8961],[-98.5502,20.6894,1158.0884],[-98.5488,20.6823,1343.3009],[-98.5426,20.6685,1900.74],[-98.5361,20.6634,1816.7725],[-98.5342,20.6646,1879.4805],[-98.5334,20.6627,1788.6606],[-98.5304,20.6651,1767.0815],[-98.5316,20.6673,1644.7689],[-98.529,20.6758,1423.8301],[-98.5251,20.6818,1324.3702],[-98.5174,20.6838,1210.9141],[-98.5148,20.6892,1075.7985],[-98.5109,20.6915,1023.5875],[-98.5088,20.6901,1073.2842],[-98.5063,20.6941,971.0649],[-98.5012,20.6946,945.8815],[-98.4972,20.6999,845.4913],[-98.4858,20.7035,804.2744],[-98.4836,20.706,705.4399],[-98.4751,20.706,659.3788],[-98.473,20.709,636.0907],[-98.4665,20.7103,604.4655],[-98.4624,20.7142,601.9493],[-98.4603,20.7133,555.0008],[-98.4542,20.7213,545.6635],[-98.4479,20.7246,538.1617],[-98.4474,20.7276,511.7962],[-98.4434,20.7292,523.7004],[-98.4441,20.7313,506.3036],[-98.4413,20.7338,625.5297],[-98.4403,20.7377,503.9868],[-98.4356,20.7398,464.1804],[-98.4339,20.7432,513.787],[-98.428,20.7445,446.1976],[-98.4255,20.7489,508.4485],[-98.4214,20.7443,634.7517],[-98.4215,20.7393,650.6139],[-98.4244,20.735,758.5594],[-98.4248,20.7303,916.3717],[-98.4335,20.7175,1123.1113],[-98.4292,20.7164,1164.6064],[-98.4393,20.7089,843.8452],[-98.4433,20.7099,753.9764],[-98.4418,20.7086,800.5309],[-98.4454,20.7031,970.5157],[-98.4459,20.6943,1155.4117],[-98.4492,20.7009,1035.4856],[-98.4599,20.6962,572.808],[-98.4585,20.6854,597.3142],[-98.4605,20.6832,609.3824],[-98.4604,20.6768,630.7376],[-98.464,20.6741,621.946],[-98.4637,20.6672,670.5557],[-98.4674,20.6661,687.7211],[-98.47,20.6626,707.83],[-98.4726,20.6627,699.4367],[-98.4751,20.6598,753.5289],[-98.4785,20.6592,780.8452],[-98.4795,20.6568,766.077],[-98.486,20.6544,750.0701],[-98.487,20.6501,762.731],[-98.4897,20.65,764.5206],[-98.4912,20.6458,850.7881],[-98.4948,20.6443,840.1338],[-98.4952,20.6366,964.6545],[-98.4904,20.627,1101.4973],[-98.4895,20.6197,1170.325],[-98.4836,20.6065,1444.6814],[-98.4801,20.6033,1739.2186],[-98.4812,20.6016,1564.9409],[-98.4785,20.5943,1795.0205],[-98.4802,20.589,2077.729],[-98.4824,20.5879,2165.3923],[-98.4849,20.5902,2103.0017],[-98.4875,20.5889,2092.6255],[-98.4963,20.5895,1943.9067],[-98.5029,20.5959,1819.5336],[-98.5122,20.5942,1890.2292],[-98.523,20.5818,1896.645],[-98.5223,20.5772,1901.7827],[-98.5243,20.5755,1909.9298],[-98.5237,20.572,1945.7646],[-98.5249,20.5708,1926.0208],[-98.5234,20.5673,1937.9445],[-98.5241,20.561,1961.8849],[-98.5226,20.5592,1981.5609],[-98.5241,20.5525,2014.9719],[-98.5257,20.5511,2045.6411],[-98.5245,20.5484,2051.1953],[-98.5261,20.5442,2053.8623],[-98.5308,20.5402,2158.583],[-98.5347,20.5307,2082.3376],[-98.5456,20.521,2026.2603],[-98.5546,20.5187,1833.283],[-98.5585,20.5114,1756.2117],[-98.5576,20.5094,1742.8252],[-98.5667,20.5079,1710.9448],[-98.5711,20.509,1692.6117],[-98.5767,20.5043,1635.7288],[-98.5824,20.5055,1591.5498],[-98.587,20.5012,1567.6746],[-98.5932,20.4995,1504.0857],[-98.5973,20.4958,1461.2363],[-98.5951,20.4944,1473.4767],[-98.594,20.4896,1464.4598],[-98.5882,20.4875,1484.175],[-98.5858,20.4849,1478.3564],[-98.5863,20.4829,1494.8442],[-98.5795,20.4793,1538.1907],[-98.5789,20.4763,1519.5752],[-98.5766,20.4761,1535.7579],[-98.5787,20.4732,1546.1073],[-98.5758,20.4728,1555.9244],[-98.5767,20.4707,1524.3142],[-98.5724,20.4669,1547.2903],[-98.5719,20.4636,1547.124],[-98.5561,20.4496,1663.5032],[-98.5537,20.4464,1774.1442],[-98.5552,20.4428,1742.5365],[-98.5544,20.4385,1741.4781],[-98.5524,20.4355,1751.0625],[-98.5497,20.4354,1748.7123],[-98.55,20.4326,1780.9],[-98.5524,20.4319,1776.8834],[-98.5519,20.4273,1806.6265],[-98.55,20.4259,1863.3361],[-98.5513,20.4238,1813.771],[-98.5495,20.4216,1819.7186],[-98.5507,20.4199,1835.8323],[-98.5494,20.415,1824.4543],[-98.5505,20.4063,1868.5858],[-98.5482,20.4025,1869.53],[-98.5487,20.3997,1863.298],[-98.5504,20.3993,1863.298],[-98.5502,20.3957,1879.1067],[-98.5478,20.3929,1874.5237],[-98.5444,20.3923,1890.355],[-98.5484,20.3902,1882.0553],[-98.5452,20.3882,1898.9827],[-98.5444,20.3788,1904.5941],[-98.546,20.3768,1921.9436],[-98.5431,20.3756,1942.5959],[-98.5465,20.3701,2009.4619],[-98.5455,20.368,1994.5537],[-98.5487,20.3647,1976.1418],[-98.5473,20.3615,1957.8934],[-98.5488,20.3601,1977.7089],[-98.5454,20.3591,2008.0402],[-98.543,20.3562,1970.8105],[-98.5404,20.3581,1967.9968],[-98.5389,20.3528,2014.5293],[-98.5351,20.3499,2024.9255],[-98.5343,20.3462,2021.6113],[-98.5271,20.345,2036.4517],[-98.5253,20.3419,2063.3188],[-98.5229,20.3426,2020.3546],[-98.5174,20.3369,2043.0757],[-98.5112,20.3393,2090.019],[-98.5056,20.3354,2099.6309],[-98.5039,20.3378,2082.4939],[-98.5008,20.3372,2070.7051],[-98.4996,20.3387,2070.7051],[-98.4981,20.3377,2076.3369],[-98.4965,20.3387,2088.5713],[-98.4947,20.3363,2085.8008],[-98.4899,20.3369,2099.5339],[-98.4867,20.3348,2116.7942],[-98.4804,20.3365,2117.9446],[-98.4711,20.3359,2141.1709],[-98.4604,20.3314,2171.0063],[-98.4183,20.38,2456.3076],[-98.3861,20.4027,1808.3455],[-98.3807,20.3992,1672.7825],[-98.3766,20.3985,1585.3694],[-98.3705,20.4019,1503.7905],[-98.3598,20.3998,1410.5734],[-98.3588,20.4014,1356.8567],[-98.3487,20.405,1291.9263],[-98.3486,20.4066,1253.8601],[-98.3437,20.4103,1250.2982],[-98.3386,20.4111,1167.1113],[-98.3372,20.4141,1212.1494],[-98.3301,20.4157,1118.9628],[-98.3261,20.4183,1036.0046],[-98.321,20.418,1035.9788],[-98.3185,20.4224,1026.9708],[-98.3161,20.4232,1017.2152],[-98.3198,20.4244,985.1836],[-98.3173,20.4288,985.9757],[-98.3181,20.4353,987.2654],[-98.3139,20.4395,965.8351],[-98.3157,20.4457,906.4698],[-98.3123,20.448,924.8905],[-98.3121,20.4498,915.6319],[-98.309,20.4495,958.2274],[-98.3083,20.4521,922.9811],[-98.3044,20.4547,853.2507],[-98.3026,20.4541,869.4952],[-98.3026,20.4557,890.0667],[-98.2991,20.4556,915.4489],[-98.2997,20.4587,894.8613],[-98.2973,20.4605,869.2018],[-98.2946,20.4603,862.2373],[-98.2922,20.4649,771.0001],[-98.2879,20.4647,756.6495],[-98.2873,20.4667,735.7127],[-98.2805,20.4694,731.4378],[-98.2801,20.4722,713.4576],[-98.2773,20.4729,707.7955],[-98.2764,20.4755,721.2814],[-98.2777,20.4778,676.7088],[-98.2755,20.4792,675.9377],[-98.2754,20.4812,697.3476],[-98.271,20.4819,680.7281],[-98.2604,20.4954,562.97],[-98.2576,20.4956,563.2104],[-98.2558,20.4999,556.2293],[-98.2473,20.5012,599.8706],[-98.2458,20.5044,619.3837],[-98.241,20.5006,518.0876],[-98.239,20.505,500.6035],[-98.2341,20.5062,521.8404],[-98.2333,20.5098,543.4724],[-98.2303,20.5105,572.9985],[-98.2325,20.5142,702.2558],[-98.2287,20.5208,554.3215],[-98.2223,20.5237,461.0423],[-98.2194,20.523,455.4011],[-98.2116,20.5287,449.1764],[-98.2104,20.5261,518.1624],[-98.204,20.5279,449.4692],[-98.1883,20.5232,423.1903],[-98.188,20.5258,419.3365],[-98.1856,20.5276,428.3392],[-98.1822,20.5262,413.7001],[-98.1808,20.5289,506.7819],[-98.1776,20.5277,401.9549],[-98.1729,20.5297,490.9662],[-98.1665,20.5366,432.7235],[-98.1644,20.5412,373.186],[-98.158,20.5426,373.9423],[-98.1589,20.5456,370.1762],[-98.1566,20.5473,407.5688],[-98.1581,20.5503,375.4077],[-98.1534,20.5524,384.0948],[-98.1522,20.5545,340.5946],[-98.1537,20.5652,352.0751],[-98.1477,20.5627,356.0864],[-98.1475,20.5655,399.368],[-98.1426,20.5685,593.2312],[-98.1425,20.5708,331.3331],[-98.1381,20.5748,331.4294],[-98.1354,20.5819,294.057],[-98.1321,20.582,432.6907],[-98.1304,20.5845,395.0671],[-98.1319,20.5873,363.2604],[-98.1302,20.5909,355.5543],[-98.1216,20.5861,333.6152],[-98.1237,20.5921,377.9634],[-98.1187,20.5941,275.8619],[-98.1269,20.5973,433.5349],[-98.121,20.597,287.3213],[-98.1187,20.5982,326.6082],[-98.1179,20.6007,305.1711],[-98.115,20.6001,458.7146],[-98.1123,20.6072,451.3709],[-98.1095,20.6074,267.5804],[-98.108,20.6114,369.8875],[-98.1118,20.6159,263.4086],[-98.1058,20.616,277.5873],[-98.1006,20.6139,260.2357],[-98.0983,20.617,274.9555],[-98.1006,20.6212,283.8495],[-98.0982,20.6244,311.6615],[-98.0947,20.6255,296.292],[-98.0872,20.6229,286.3907],[-98.0855,20.6298,249.4243],[-98.0806,20.6335,205.371],[-98.0827,20.6422,209.9302],[-98.0793,20.6497,189.5793],[-98.072,20.6577,181.5466],[-98.0726,20.6607,177.6848],[-98.0703,20.6682,179.7133],[-98.0713,20.6699,180.1096],[-98.0764,20.6714,171.3353],[-98.0768,20.6738,168.0951],[-98.0749,20.6765,167.0844],[-98.0713,20.6771,181.4257],[-98.0668,20.6739,172.6224],[-98.04,20.6319,326.5344],[-98.036,20.6333,303.8407],[-98.0294,20.6321,304.637],[-98.021,20.6268,268.3331],[-98.0177,20.6017,244.5883],[-98.0287,20.5897,260.971],[-98.0083,20.5327,736.1353],[-98.0121,20.5295,688.1608],[-98.0183,20.5288,733.2665],[-98.0173,20.526,522.3217],[-98.0138,20.524,434.0428],[-98.0126,20.5252,414.7748],[-98.0042,20.5249,401.7853],[-98.0035,20.5228,423.9384],[-97.9988,20.5252,396.2672],[-97.9979,20.523,384.8231],[-97.995,20.523,374.2439],[-97.9927,20.5199,360.1139],[-97.99,20.5202,357.9444],[-97.9897,20.5183,362.9837],[-97.9857,20.5182,340.4104],[-97.9793,20.5149,554.8952],[-97.9726,20.5232,470.9227],[-97.9815,20.5257,330.3402],[-97.9808,20.5407,503.1991],[-97.9563,20.5569,356.5023],[-97.9431,20.5626,323.1148],[-97.9374,20.5692,211.1916],[-97.9351,20.5676,205.7859],[-97.9302,20.5698,199.1844],[-97.9157,20.5836,180.2173],[-97.9148,20.5865,177.1307],[-97.9096,20.5865,183.6054],[-97.9109,20.5935,167.5967],[-97.9077,20.5947,171.223],[-97.9057,20.6013,161.4888],[-97.9056,20.6053,156.9973],[-97.9088,20.6081,159.7082],[-97.9049,20.6098,157.0526],[-97.895,20.6239,161.5283],[-97.9001,20.6331,179.23],[-97.9016,20.6407,147.7835],[-97.9081,20.6451,178.1699],[-97.9085,20.6499,155.0525],[-97.9118,20.6535,177.1883],[-97.909,20.6573,190.424],[-97.9078,20.6641,171.9088],[-97.9088,20.6672,152.5087],[-97.9133,20.672,146.0096],[-97.9178,20.6712,141.692],[-97.9178,20.6739,137.0973],[-97.9159,20.6811,132.6594],[-97.9132,20.6841,127.2066],[-97.9137,20.6892,122.9866],[-97.9063,20.6907,119.4834],[-97.9019,20.6977,114.9596],[-97.8981,20.6994,117.1104],[-97.8974,20.7032,113.673],[-97.9224,20.7165,306.9733],[-97.9037,20.775,181.7971],[-97.9008,20.7796,173.0484],[-97.8886,20.8146,183.8824],[-97.8791,20.8343,190.2963],[-97.8708,20.8313,85.9322],[-97.8617,20.8354,78.1768],[-97.8529,20.8329,76.0793],[-97.8458,20.8395,79.6735],[-97.8425,20.84,79.1327],[-97.8389,20.8365,72.0114],[-97.8436,20.8314,74.353],[-97.8431,20.8244,70.4503],[-97.8494,20.8197,69.9228],[-97.8501,20.8169,68.0269],[-97.8426,20.8165,72.686],[-97.8379,20.8146,69.1029],[-97.8374,20.8126,65.9261],[-97.8309,20.8127,65.2658],[-97.8322,20.8097,75.6705],[-97.8307,20.808,83.3323],[-97.824,20.8098,71.7868],[-97.8138,20.8201,70.0751],[-97.809,20.8199,67.3118],[-97.8072,20.822,65.7361],[-97.7995,20.8193,70.5862],[-97.7972,20.8212,82.6018],[-97.7904,20.8168,95.7411],[-97.777,20.8243,117.4828],[-97.7739,20.823,113.234],[-97.773,20.8272,118.4432],[-97.7648,20.8221,99.0991],[-97.7631,20.8189,135.0414],[-97.7584,20.819,133.657],[-97.7503,20.8148,151.5367],[-97.7482,20.809,196.7293],[-97.7389,20.8015,170.1084],[-97.6952,20.8,82.3865],[-97.6947,20.7965,60.3607],[-97.7013,20.7936,76.1969],[-97.7033,20.7938,68.1759],[-97.7049,20.7974,60.0598],[-97.7131,20.7998,65.8008],[-97.7176,20.7955,62.8983],[-97.7212,20.7953,69.9586],[-97.7225,20.7917,69.62],[-97.726,20.7917,78.371],[-97.7231,20.7864,89.2379],[-97.7281,20.785,90.2906],[-97.7251,20.7804,89.9352],[-97.7252,20.7777,88.8405],[-97.7209,20.7787,93.1647],[-97.7204,20.7756,88.955],[-97.7192,20.7755,88.955],[-97.7209,20.7704,97.3253],[-97.7265,20.7712,122.8347],[-97.7253,20.7694,125.9152],[-97.7266,20.7673,127.5564],[-97.7237,20.7671,121.538],[-97.719,20.763,94.729],[-97.7199,20.7618,108.6445],[-97.7219,20.7625,109.4067],[-97.7234,20.7594,102.8804],[-97.7264,20.76,100.4569],[-97.7256,20.7528,118.1216],[-97.7228,20.75,120.7545],[-97.7262,20.7476,137.6126],[-97.7252,20.7463,129.6464],[-97.7285,20.7413,133.1075],[-97.737,20.7394,151.0441],[-97.7491,20.7321,372.0259],[-97.753,20.7324,397.1129],[-97.7519,20.7252,424.963],[-97.7502,20.7241,424.963],[-97.7516,20.7131,266.8786],[-97.7506,20.7073,225.3374],[-97.7524,20.7049,184.8214],[-97.7514,20.7014,164.0187],[-97.7565,20.6973,287.5608],[-97.7569,20.6895,366.0493],[-97.7477,20.6863,166.8172],[-97.7407,20.6897,128.6028],[-97.7395,20.687,173.4901],[-97.7407,20.6819,163.9156],[-97.7371,20.6797,170.8852],[-97.7406,20.674,154.0214],[-97.7385,20.6667,153.5995],[-97.7398,20.6637,155.9911],[-97.7381,20.663,153.0709],[-97.7408,20.6624,155.9911],[-97.7406,20.6601,159.6234],[-97.7449,20.6587,162.1207],[-97.7453,20.6572,162.1207],[-97.7492,20.6597,162.6197],[-97.7521,20.6577,165.1344],[-97.7504,20.6528,182.7178],[-97.7527,20.6518,196.2543],[-97.7526,20.6499,212.4995],[-97.7483,20.6454,259.6872],[-97.7495,20.6433,296.06],[-97.7373,20.6464,336.2639],[-97.7352,20.6448,299.9491],[-97.7354,20.6411,279.3091],[-97.7312,20.6378,246.4778],[-97.7145,20.6369,202.1654],[-97.7101,20.6316,186.1613],[-97.7065,20.6317,173.5337],[-97.7045,20.6292,170.4834],[-97.7049,20.6251,201.6048],[-97.708,20.6264,231.3611],[-97.7092,20.6241,182.6905],[-97.7076,20.6229,160.9154],[-97.7127,20.6204,187.4918],[-97.7125,20.6148,205.6348],[-97.7154,20.6091,304.132],[-97.7105,20.6087,263.579],[-97.7113,20.6045,216.0193],[-97.7076,20.6058,192.9537],[-97.7073,20.6041,182.3228],[-97.7057,20.605,153.0981],[-97.7048,20.6017,137.5541],[-97.7015,20.6037,150.413],[-97.6993,20.6022,166.2896],[-97.6934,20.6027,128.001],[-97.6948,20.5982,118.5993],[-97.697,20.5968,120.1115],[-97.7019,20.5719,151.2641],[-97.6942,20.5707,161.1095],[-97.6852,20.5734,225.1712],[-97.6841,20.5725,222.2348],[-97.6845,20.5695,217.548],[-97.6805,20.5671,212.549],[-97.6848,20.5543,260.4571],[-97.6763,20.5555,284.6492],[-97.6727,20.5517,281.4734],[-97.6706,20.5527,292.3871],[-97.6677,20.5516,274.7993],[-97.6613,20.5456,231.0925],[-97.6573,20.5451,216.5798],[-97.6558,20.5477,220.5928],[-97.6577,20.5555,230.7802],[-97.6506,20.565,156.5725],[-97.6478,20.5652,130.8309],[-97.6482,20.5663,124.5805],[-97.6459,20.5659,125.9488],[-97.6462,20.5627,117.7354],[-97.6377,20.559,118.5433],[-97.6383,20.5555,109.2878],[-97.6367,20.5537,138.9607],[-97.6364,20.5553,105.4679],[-97.6303,20.5568,102.168],[-97.629,20.5559,102.168],[-97.6254,20.5584,101.6781],[-97.6254,20.5636,104.6947],[-97.6101,20.5639,97.0107],[-97.6026,20.5593,85.1998],[-97.59,20.5561,83.6481],[-97.59,20.5597,113.3897],[-97.588,20.5611,95.987],[-97.5897,20.5589,113.3897],[-97.5874,20.5574,122.6532],[-97.5893,20.5565,81.7723],[-97.5832,20.5516,184.2273],[-97.5835,20.5483,157.4067],[-97.5804,20.5478,139.1745],[-97.5786,20.545,177.9259],[-97.575,20.5433,270.8325],[-97.5788,20.5389,234.0808],[-97.5783,20.5374,243.2277],[-97.5746,20.5323,190.6141],[-97.5726,20.5322,174.5629],[-97.5575,20.5103,205.1464],[-97.5559,20.5114,223.0217],[-97.5549,20.5104,224.1573],[-97.5563,20.5085,210.2449],[-97.5536,20.5045,212.9239],[-97.5521,20.5074,143.8891],[-97.541,20.4897,67.0531],[-97.5433,20.4847,62.4043],[-97.5504,20.4865,66.6929],[-97.5561,20.4847,64.5421],[-97.5621,20.4901,66.4926],[-97.576,20.4909,70.2145],[-97.5778,20.49,70.4732],[-97.5767,20.4869,79.0008],[-97.582,20.4826,74.9794],[-97.5863,20.4725,75.9262],[-97.5937,20.4679,77.8767],[-97.5959,20.464,79.1173],[-97.601,20.461,78.75],[-97.6072,20.462,85.9205],[-97.6166,20.4553,98.8564],[-97.6239,20.4577,86.9045],[-97.6278,20.4503,92.004],[-97.6354,20.4522,95.4998],[-97.6407,20.4423,95.9536],[-97.6355,20.4324,97.3929],[-97.6374,20.4298,98.0232],[-97.6364,20.4236,103.2145],[-97.6376,20.4179,98.8066],[-97.6413,20.4163,99.4024],[-97.6411,20.4119,101.1231],[-97.6454,20.4083,105.3264],[-97.6486,20.4109,104.8605],[-97.6553,20.41,106.2793],[-97.661,20.413,118.2709],[-97.6651,20.4084,112.6198],[-97.6721,20.4085,113.4107],[-97.6739,20.4112,113.3577],[-97.6731,20.4189,128.197],[-97.6756,20.4194,118.511],[-97.68,20.4253,118.6074],[-97.6881,20.4274,122.6552],[-97.6977,20.4325,123.3392],[-97.6991,20.4346,126.6594],[-97.6996,20.4434,131.6209],[-97.7015,20.4458,159.3638],[-97.7077,20.4481,162.5162],[-97.7092,20.4551,137.4567],[-97.7208,20.4535,190.9654],[-97.7231,20.4575,150.7716],[-97.7258,20.4582,140.9972],[-97.7287,20.4573,145.7168],[-97.7346,20.4513,144.2042],[-97.7348,20.4419,171.6723],[-97.7386,20.4393,150.215],[-97.7466,20.4224,178.082],[-97.7504,20.4199,162.0741],[-97.751,20.4146,166.4912],[-97.7558,20.413,172.0049],[-97.7557,20.4054,230.0037],[-97.7582,20.4031,191.5375],[-97.7573,20.3998,200.3468],[-97.7626,20.3979,212.6584],[-97.7636,20.3923,206.9353],[-97.7624,20.389,211.5764],[-97.7654,20.3845,237.3414],[-97.7656,20.3812,224.57],[-97.7585,20.3789,341.9784],[-97.755,20.3802,420.9226],[-97.7482,20.3785,443.6601],[-97.7444,20.3801,433.3062],[-97.7437,20.3757,404.1228],[-97.748,20.3741,417.6831],[-97.7472,20.3706,307.1743],[-97.7437,20.3687,313.7072],[-97.7457,20.3623,188.2573],[-97.7431,20.361,181.5866],[-97.7444,20.3564,231.8688],[-97.742,20.3529,339.2906],[-97.7429,20.3512,420.4921],[-97.7347,20.3479,415.2168],[-97.7127,20.329,530.8905],[-97.7025,20.3255,266.9701],[-97.7035,20.3247,263.674],[-97.7009,20.3235,319.5437],[-97.7007,20.3199,405.1383],[-97.6966,20.3199,412.4475],[-97.6953,20.3255,411.7521],[-97.6972,20.3269,375.525],[-97.6946,20.3352,321.9751],[-97.6901,20.3336,390.0968],[-97.69,20.3376,359.6326],[-97.6885,20.3372,359.6326],[-97.6837,20.3452,317.7555],[-97.6811,20.3449,370.7707],[-97.6793,20.3499,313.824],[-97.6744,20.3472,289.1476],[-97.6769,20.3392,360.2557],[-97.6731,20.3366,382.347],[-97.6789,20.3291,393.2433],[-97.6842,20.3257,410.0963],[-97.6841,20.3215,335.6596],[-97.6891,20.3215,410.9645],[-97.6899,20.3201,391.7209],[-97.6848,20.3189,315.0242],[-97.6819,20.313,226.8178],[-97.6773,20.313,208.639],[-97.6768,20.3061,216.0208],[-97.6801,20.3049,229.4648],[-97.6814,20.3024,231.3749],[-97.6881,20.3035,304.9861],[-97.695,20.3004,393.8153],[-97.7043,20.3032,440.9242],[-97.7072,20.2983,474.3635],[-97.7059,20.2881,493.296],[-97.7084,20.2853,452.9658],[-97.713,20.2859,497.4447],[-97.7154,20.284,502.5883],[-97.7241,20.2836,479.7314],[-97.7409,20.2746,523.9711],[-97.7472,20.2755,592.8591],[-97.7488,20.2788,587.4112],[-97.7508,20.2796,571.1181],[-97.7573,20.2791,593.6265],[-97.7512,20.2601,212.9022],[-97.7474,20.2632,208.2311],[-97.7475,20.2595,215.4589],[-97.739,20.2532,279.6005],[-97.7385,20.2467,323.8964],[-97.7351,20.2424,344.6031],[-97.7346,20.2345,387.3827],[-97.7372,20.2316,425.8841],[-97.7373,20.2282,461.8203],[-97.733,20.2275,576.4244],[-97.7345,20.2234,597.7416],[-97.7329,20.2194,599.6815],[-97.7337,20.2154,607.1655],[-97.7309,20.2103,611.5779],[-97.7307,20.2052,511.867],[-97.7339,20.2024,408.2073],[-97.7386,20.2021,372.1884],[-97.7394,20.1954,370.9415],[-97.7415,20.1924,299.1219],[-97.7393,20.1892,283.7989],[-97.7362,20.1899,279.8752],[-97.7315,20.1813,268.1106],[-97.7293,20.1833,328.7637],[-97.7283,20.182,302.1537],[-97.725,20.1832,274.9029],[-97.7249,20.189,320.3145],[-97.7233,20.1876,294.3885],[-97.7202,20.1892,366.1078],[-97.7196,20.1871,332.5958],[-97.7146,20.1878,427.9474],[-97.714,20.1846,388.9301],[-97.7076,20.1816,489.1366],[-97.6987,20.1824,672.2035],[-97.6966,20.1769,632.3463],[-97.6933,20.1749,561.1422],[-97.693,20.1694,503.9039],[-97.6915,20.1675,471.6389],[-97.6806,20.1651,299.8094],[-97.6704,20.1691,246.4037],[-97.6683,20.167,287.6971],[-97.6631,20.1695,213.2501],[-97.6618,20.1681,229.0437],[-97.6571,20.1686,172.7481],[-97.653,20.1634,174.1576],[-97.6456,20.1687,161.9933],[-97.6463,20.1718,179.3635],[-97.6444,20.178,158.9585],[-97.6386,20.1766,168.8189],[-97.6387,20.1826,160.6491],[-97.6323,20.1832,163.9196],[-97.6291,20.1818,146.0014],[-97.6276,20.1768,195.6117],[-97.625,20.1744,183.0686],[-97.622,20.1744,150.4738],[-97.6216,20.1723,168.3649],[-97.6164,20.169,403.2837],[-97.6045,20.1669,370.0985],[-97.605,20.1578,394.7965],[-97.6084,20.1516,608.3229],[-97.6069,20.1504,541.9102],[-97.6053,20.1418,340.3254],[-97.6038,20.1405,304.4291],[-97.601,20.1413,275.9075],[-97.6051,20.1317,444.7832],[-97.6027,20.1193,608.0209],[-97.5976,20.115,511.2545],[-97.5936,20.1154,486.0195],[-97.5875,20.1123,502.9703],[-97.5874,20.1086,548.0846],[-97.5821,20.109,514.807],[-97.5817,20.1062,396.1193],[-97.5787,20.1025,212.0485],[-97.5811,20.1003,256.1043],[-97.5803,20.0967,260.7723],[-97.5846,20.0948,256.8322],[-97.5876,20.0976,292.7972],[-97.5905,20.096,284.6805],[-97.5944,20.0975,298.0437],[-97.5957,20.0969,274.4836],[-97.5961,20.093,365.2361],[-97.5912,20.0817,503.4589],[-97.5879,20.0818,319.4529],[-97.586,20.0793,206.0047],[-97.5803,20.079,199.4737],[-97.5781,20.0803,206.591],[-97.5769,20.0846,162.6306],[-97.5709,20.0819,198.2724],[-97.5613,20.086,158.7211],[-97.5634,20.09,304.7801],[-97.5613,20.097,163.1794],[-97.5588,20.0995,177.5435],[-97.5595,20.105,158.5965],[-97.5581,20.1069,144.2815],[-97.5546,20.1052,188.6301],[-97.553,20.1009,148.8414],[-97.5482,20.1012,138.6522],[-97.5431,20.1057,124.3712],[-97.5396,20.116,144.9425],[-97.5355,20.1168,119.5495],[-97.5274,20.1149,166.0771],[-97.5218,20.122,112.3994],[-97.5182,20.1241,114.858],[-97.5113,20.125,114.5025],[-97.509,20.1307,116.4231],[-97.4993,20.133,100.223],[-97.4948,20.1373,106.2768],[-97.4998,20.1427,97.7786],[-97.4949,20.144,104.4422],[-97.4948,20.1462,109.4708],[-97.5043,20.149,95.159],[-97.5054,20.1539,114.8952],[-97.5023,20.158,89.9665],[-97.4953,20.1622,86.7042],[-97.4876,20.1649,82.3864],[-97.4865,20.1722,81.2252],[-97.4848,20.1739,87.262],[-97.4776,20.1775,83.3849],[-97.4689,20.1781,72.2438],[-97.4651,20.1802,73.4691],[-97.4625,20.1846,69.3342],[-97.4635,20.1886,68.3589],[-97.4623,20.1932,67.8594],[-97.4647,20.2062,63.5],[-97.4632,20.2105,70.9792],[-97.465,20.219,61.0],[-97.4643,20.2242,60.694],[-97.4596,20.2331,58.248],[-97.4483,20.2414,56.5562],[-97.4453,20.2462,51.8816],[-97.4359,20.2405,50.0714],[-97.4317,20.2409,48.5],[-97.4289,20.2438,48.0],[-97.4208,20.2424,50.3417],[-97.4109,20.236,44.0],[-97.4082,20.2321,45.4458],[-97.3957,20.2432,50.1872],[-97.395,20.2423,50.1872],[-97.3918,20.2455,47.2645],[-97.3806,20.2499,46.9732],[-97.3772,20.2489,46.8707],[-97.3774,20.246,57.8023],[-97.3742,20.243,69.6652],[-97.3763,20.2406,92.2684],[-97.3764,20.2374,94.0311],[-97.3742,20.2355,90.4289],[-97.3749,20.2324,93.197],[-97.3767,20.2313,97.9797],[-97.3777,20.2229,96.7714],[-97.3735,20.2236,99.943],[-97.3717,20.2191,88.9676],[-97.3685,20.2196,90.5778],[-97.3655,20.2158,101.5657],[-97.2853,20.1907,81.3629],[-97.2829,20.1854,114.2201],[-97.2832,20.1811,108.5778],[-97.2799,20.1813,115.0391],[-97.2774,20.1839,111.3583],[-97.2758,20.183,117.0181],[-97.2705,20.1875,111.9785],[-97.2696,20.1852,109.5466],[-97.2678,20.1849,114.86],[-97.2679,20.1818,119.6072],[-97.2619,20.1775,102.0824],[-97.2595,20.1783,94.2781],[-97.2596,20.1805,104.2501],[-97.2561,20.1797,101.226],[-97.2548,20.1773,88.1477],[-97.2506,20.1781,86.189],[-97.244,20.1823,82.1604],[-97.2424,20.1745,101.5692],[-97.232,20.172,221.5594],[-97.2285,20.1726,218.629],[-97.1644,20.1518,86.2727],[-97.1613,20.1562,64.3249],[-97.161,20.1607,59.5159],[-97.15,20.1606,54.4502],[-97.1538,20.1534,62.7627],[-97.1533,20.152,64.9332],[-97.1575,20.1496,69.6367],[-97.1567,20.1469,91.096],[-97.152,20.1461,101.6865],[-97.1527,20.139,158.1113],[-97.1514,20.1375,167.0513],[-97.1438,20.1364,240.3255],[-97.1378,20.1401,210.8668],[-97.1306,20.1398,130.743],[-97.1224,20.1367,99.4124],[-97.1331,20.1272,107.0864],[-97.1336,20.1239,113.1481],[-97.1416,20.1225,115.9279],[-97.1406,20.1198,113.1816],[-97.1418,20.1185,114.9229],[-97.1485,20.1164,116.744],[-97.1577,20.1097,118.7655],[-97.1678,20.0957,126.8169],[-97.174,20.0922,133.47],[-97.175,20.0882,143.5244],[-97.1787,20.0866,137.808],[-97.1836,20.08,140.2279],[-97.1816,20.0782,130.8473],[-97.1781,20.079,130.0735],[-97.1756,20.0767,129.0366],[-97.1773,20.0741,130.8388],[-97.182,20.0728,131.1179],[-97.1809,20.0685,134.1242],[-97.1824,20.0669,140.3617],[-97.1841,20.0675,134.5536],[-97.1836,20.0649,139.1001],[-97.1855,20.0623,137.3726],[-97.1869,20.0626,138.9949],[-97.1908,20.0581,143.0393],[-97.1943,20.0587,143.9013],[-97.1939,20.0559,145.2922],[-97.1954,20.0543,148.0053],[-97.2015,20.0581,160.4254],[-97.2062,20.0564,155.6272],[-97.2078,20.0533,158.095],[-97.2071,20.0469,174.3976],[-97.2111,20.0426,170.2241],[-97.2036,20.0253,203.0162],[-97.2078,20.0187,218.7191],[-97.2069,20.0147,219.9688],[-97.2251,20.0095,272.4571],[-97.2234,20.0073,280.5434],[-97.2253,20.0021,289.5299],[-97.2347,19.9967,304.0743],[-97.2382,19.9887,343.8738],[-97.24,19.9873,339.3616],[-97.245,19.9874,369.0161],[-97.2528,19.9837,419.4733],[-97.2607,19.9773,507.7713],[-97.2616,19.9714,515.2136],[-97.2637,19.9705,511.6109],[-97.2634,19.9678,555.6083],[-97.2687,19.9592,625.5513],[-97.2675,19.956,654.0633],[-97.2692,19.947,760.9196],[-97.2636,19.9444,867.7714],[-97.2622,19.9386,933.5355],[-97.2598,19.9372,890.9194],[-97.2606,19.9352,889.5449],[-97.2558,19.9325,804.5905],[-97.2632,19.9225,863.2844],[-97.2667,19.9204,960.525],[-97.2701,19.9207,916.5186],[-97.2714,19.9153,990.1652],[-97.273,19.9176,984.0361],[-97.2746,19.9148,997.0486],[-97.2769,19.9162,1024.9551],[-97.281,19.9123,1027.2469],[-97.2816,19.9071,1032.2041],[-97.2863,19.9052,1058.9006],[-97.2864,19.9016,1089.1824],[-97.2887,19.9038,1060.4794],[-97.2898,19.8994,1130.8956],[-97.2918,19.9003,1151.6295],[-97.2918,19.8967,1196.6047],[-97.2934,19.8968,1197.4814],[-97.2953,19.8934,1224.25],[-97.2904,19.8906,1048.5127],[-97.2905,19.8868,1104.9772],[-97.2999,19.8815,1244.0229],[-97.3022,19.8736,1348.7213],[-97.3046,19.8707,1403.9523],[-97.3045,19.8657,1441.467],[-97.3096,19.8558,1565.6548],[-97.3081,19.8527,1567.5391],[-97.3094,19.849,1601.2566],[-97.3078,19.8475,1619.53],[-97.3106,19.840699999999998,1693.0818],[-97.3082,19.8344,1713.7192],[-97.315,19.8278,1755.8062],[-97.3156,19.8249,1768.4633],[-97.3135,19.8218,1784.8478],[-97.3167,19.8178,1808.4843],[-97.3155,19.8145,1825.0079],[-97.3168,19.8129,1829.2681],[-97.3166,19.8069,1858.0564],[-97.3135,19.8022,1880.3547],[-97.3151,19.7997,1885.3137],[-97.3133,19.7974,1901.2144],[-97.3131,19.7905,1937.8077],[-97.32,19.7698,2015.8424],[-97.3179,19.7672,2019.0142],[-97.3196,19.7613,2045.3851],[-97.3188,19.7507,2098.3215],[-97.3211,19.7478,2131.7017],[-97.3197,19.7396,2256.5098],[-97.3219,19.7348,2335.1401],[-97.3138,19.7351,2329.0359],[-97.3156,19.7291,2372.1309],[-97.3222,19.7224,2479.9951],[-97.3331,19.7168,2570.2004],[-97.3283,19.7118,2581.7957],[-97.3311,19.7076,2635.3054],[-97.3247,19.7071,2572.0032],[-97.3166,19.6933,2584.802],[-97.3104,19.686,2546.7681],[-97.3074,19.6845,2512.7871],[-97.3039,19.6712,2478.739],[-97.3109,19.6752,2534.0684],[-97.3167,19.6739,2551.2471],[-97.3197,19.6766,2571.6094],[-97.3264,19.6789,2632.0637],[-97.3316,19.6764,2660.6843],[-97.3412,19.6758,2741.2285],[-97.3419,19.6702,2748.7178],[-97.3474,19.6634,2793.7666],[-97.3659,19.6483,2815.3076],[-97.3767,19.6348,2910.0471],[-97.3804,19.634,2941.2214],[-97.3828,19.6353,2948.481],[-97.385,19.6279,2946.2207],[-97.3925,19.6264,2908.9126],[-97.3948,19.6211,2915.7209],[-97.4027,19.6153,2865.1492],[-97.4051,19.6202,2950.9221],[-97.4131,19.6233,2988.4478],[-97.4164,19.628,2975.0876],[-97.4185,19.6272,2983.9282],[-97.4211,19.6206,2983.0493],[-97.4238,19.6175,2953.8323],[-97.428,19.6159,2948.5305],[-97.428,19.6017,2726.834],[-97.4317,19.5996,2669.741],[-97.4308,19.5971,2655.9795],[-97.4343,19.5888,2613.6626],[-97.4303,19.5861,2589.2041],[-97.4306,19.5762,2540.4417],[-97.4269,19.5692,2524.8779],[-97.4279,19.557,2477.2947],[-97.4266,19.5417,2445.9907],[-97.4224,19.5441,2462.0098],[-97.4213,19.5428,2452.4863],[-97.4229,19.5412,2444.8721],[-97.4207,19.5398,2447.5703],[-97.4096,19.5373,2425.5898],[-97.4121,19.5359,2420.7473],[-97.4055,19.5255,2393.4287],[-97.4075,19.5219,2386.7297],[-97.4053,19.5172,2375.3533],[-97.4021,19.5154,2362.1636],[-97.4031,19.5125,2361.7969],[-97.4009,19.5069,2343.6406],[-97.4028,19.5068,2340.9656],[-97.4059,19.5008,2332.8889],[-97.4042,19.4998,2335.3613],[-97.4046,19.4959,2326.8464],[-97.3949,19.4924,2325.1826],[-97.3707,19.495,2330.884],[-97.3607,19.4885,2334.2212],[-97.3557,19.4929,2335.8032],[-97.3524,19.4894,2340.5156],[-97.3521,19.4847,2356.3472],[-97.3483,19.4846,2358.457],[-97.3469,19.451,2451.5754],[-97.3493,19.4477,2470.4648],[-97.3501,19.4489,2450.0312],[-97.3539,19.4472,2457.4597],[-97.3524,19.4458,2488.1118],[-97.3546,19.443,2467.9705],[-97.3532,19.4438,2460.3865],[-97.3521,19.442,2502.9924],[-97.3573,19.4324,2513.2034],[-97.3639,19.435,2442.9146],[-97.3675,19.432,2405.4775],[-97.3717,19.4313,2338.2002],[-97.3756,19.4322,2331.709],[-97.3801,19.4304,2339.7874],[-97.3815,19.4324,2328.7183],[-97.3899,19.4289,2330.2031],[-97.3924,19.4178,2338.0266],[-97.3974,19.4191,2326.2065],[-97.3951,19.4159,2334.7058],[-97.3941,19.4073,2342.5237],[-97.3789,19.4046,2334.7207],[-97.3797,19.4063,2334.3779],[-97.3741,19.4054,2334.7769],[-97.3717,19.4031,2335.0718],[-97.3605,19.376,2351.3923],[-97.3569,19.3784,2340.4807],[-97.3486,19.3785,2361.7104],[-97.3378,19.3925,2361.9399],[-97.2872,19.3893,2421.2827],[-97.285,19.3916,2443.9888],[-97.2784,19.3851,2464.1985],[-97.272,19.3828,2494.4763],[-97.2673,19.3829,2511.3154],[-97.2644,19.3806,2550.6621],[-97.2548,19.3818,2644.3169],[-97.237,19.3716,2900.5181],[-97.2336,19.3712,2933.8374],[-97.2311,19.3683,3099.9082],[-97.2311,19.3627,3150.7466],[-97.2239,19.357,2789.7397],[-97.2178,19.3563,2671.8806],[-97.2102,19.3594,2570.8062],[-97.2111,19.3561,2602.7341],[-97.2082,19.3549,2632.938],[-97.2067,19.349,2688.574],[-97.2098,19.3451,2690.1167],[-97.2101,19.3379,2803.7996],[-97.2061,19.3341,2914.7258],[-97.2047,19.33,2930.3062],[-97.2066,19.3268,2888.939],[-97.2085,19.3279,2865.4631],[-97.2135,19.3271,2839.8882],[-97.2156,19.3233,2793.012],[-97.208,19.3152,2782.804],[-97.205,19.3182,2815.3623],[-97.2008,19.3163,2748.3398],[-97.2015,19.3116,2693.3191],[-97.2003,19.3093,2686.6489],[-97.1946,19.3116,2749.498],[-97.1903,19.3157,2886.3977],[-97.1888,19.3214,2747.6445],[-97.1757,19.3279,2304.4238],[-97.1702,19.329,2245.0393],[-97.161,19.3275,2344.7891],[-97.1485,19.3203,2784.5764],[-97.1368,19.3227,2705.593],[-97.1339,19.3191,2674.6318],[-97.1316,19.3188,2619.6013],[-97.1311,19.3117,2275.1963],[-97.1294,19.3089,2189.4578],[-97.1152,19.3048,1892.9642],[-97.1032,19.3062,1807.1128],[-97.102,19.3036,1767.2037],[-97.0957,19.3052,1721.3595],[-97.0914,19.311,1600.9012],[-97.0881,19.312,1571.1658],[-97.0857,19.3101,1538.3547],[-97.0828,19.3106,1471.3872],[-97.0818,19.3135,1477.4073],[-97.0794,19.3134,1466.7537],[-97.0725,19.3181,1429.0017],[-97.0712,19.3215,1324.4221],[-97.0679,19.3214,1351.4902],[-97.0675,19.3152,1514.1866],[-97.0647,19.3142,1390.0037],[-97.0625,19.3156,1412.6106],[-97.0557,19.312,1085.6116],[-97.0495,19.3172,1105.0562],[-97.047,19.3173,1047.5244],[-97.0455,19.3213,1025.585],[-97.0432,19.3186,1110.5295],[-97.0418,19.3123,1413.2777],[-97.0361,19.3093,1232.9561],[-97.0345,19.3068,1323.2195],[-97.031,19.2973,1495.9412],[-97.0246,19.2943,1595.7155],[-97.0194,19.2969,1230.8826],[-97.0147,19.2932,1241.5112],[-97.016,19.2906,1290.1031],[-97.0148,19.2901,1267.2349],[-97.0108,19.2963,1158.3174],[-97.0035,19.2964,1113.543],[-97.0005,19.2908,1066.8928],[-96.9938,19.2878,986.5909],[-96.9859,19.2813,964.4952],[-96.9856,19.2794,924.6287],[-96.9864,19.2779,962.8868],[-96.9894,19.2787,926.2821],[-96.9895,19.2766,980.0632],[-96.9914,19.2762,942.4001],[-96.9916,19.2729,949.9148],[-96.9947,19.2702,995.817],[-96.9959,19.2663,975.7631],[-96.9946,19.2639,991.5605],[-96.9974,19.2625,1031.8219],[-96.9997,19.2584,1100.9088],[-97.0026,19.2588,1139.3273],[-97.0044,19.2569,1261.9202],[-97.0025,19.2541,1103.0303],[-97.0053,19.2495,1374.302],[-97.0002,19.2389,1121.7812],[-97.0012,19.2365,1220.0667],[-97.0052,19.2347,1185.7052],[-97.0077,19.231,1144.0402],[-97.0149,19.2319,1154.6769],[-97.0173,19.2283,1246.7966],[-97.0198,19.2272,1227.5305],[-97.0204,19.2228,1206.751],[-97.0237,19.2221,1299.8999],[-97.0273,19.2174,1224.4089],[-97.0309,19.2184,1245.7192],[-97.0347,19.2163,1267.7017],[-97.0362,19.2123,1294.0656],[-97.045,19.2106,1382.428],[-97.0476,19.2077,1395.8623],[-97.0516,19.2068,1403.9403],[-97.0531,19.2035,1425.7721],[-97.0519,19.2007,1389.9406],[-97.0562,19.1977,1418.0094],[-97.0537,19.192,1515.8787],[-97.0495,19.1888,1576.6001],[-97.05,19.1847,1734.3367],[-97.046,19.1831,1833.5624],[-97.0452,19.1785,1880.4712],[-97.0414,19.1744,1985.705],[-97.043,19.165,1943.5588],[-97.039,19.1623,1911.084],[-97.0383,19.1577,1859.3093],[-97.0421,19.1514,1663.6925],[-97.0294,19.1429,1608.943],[-97.0271,19.1332,1545.1439],[-97.0318,19.1367,1648.9382],[-97.0338,19.1358,1712.8335],[-97.0345,19.1377,1777.5791],[-97.042,19.1286,1680.6747],[-97.0458,19.128,1731.0239],[-97.0556,19.134,1839.6416],[-97.058,19.1374,1852.5979],[-97.0575,19.1402,1861.0715],[-97.068,19.1485,1927.3806],[-97.0644,19.1578,1976.4257],[-97.0667,19.1595,2044.0642],[-97.0751,19.1579,1981.4299],[-97.0892,19.163,2051.3972],[-97.0894,19.1617,2032.428],[-97.0915,19.1629,2027.2957],[-97.0943,19.1613,2075.6929],[-97.0963,19.1638,2068.9861],[-97.1037,19.1666,2107.3811],[-97.1047,19.1654,2096.8374],[-97.1087,19.1684,2151.3892],[-97.112799999999993,19.1646,2109.8311],[-97.1143,19.1668,2173.147],[-97.118,19.1677,2245.083],[-97.1199,19.1662,2145.8293],[-97.1279,19.1683,2318.0015],[-97.1307,19.1677,2294.4165],[-97.1365,19.1601,2118.5496],[-97.1485,19.165,2240.4966],[-97.1528,19.1625,2078.3274],[-97.1569,19.1654,2133.8765],[-97.1704,19.1639,2384.7751],[-97.1806,19.1693,2828.2437],[-97.183,19.1667,2676.8528],[-97.1837,19.1627,2506.6875],[-97.188,19.1639,2623.2725],[-97.1893,19.1697,2942.5295],[-97.1946,19.1718,3040.7207],[-97.1966,19.1665,2663.0698],[-97.2032,19.1615,2448.1377],[-97.2096,19.1599,2789.6238],[-97.1995,19.1485,2225.2075],[-97.1967,19.1476,2190.5583],[-97.1972,19.1466,2191.7532],[-97.2027,19.1413,2256.5332],[-97.2096,19.1403,2308.0847],[-97.2113,19.1376,2361.3604],[-97.2154,19.1385,2414.8716],[-97.2196,19.1361,2460.4985],[-97.217,19.1343,2481.7617],[-97.222,19.1284,2524.0051],[-97.2223,19.1234,2606.0537],[-97.2281,19.1218,2699.8044],[-97.2375,19.1095,2889.4419],[-97.249,19.1048,3244.5007],[-97.2528,19.1015,3344.6221],[-97.2557,19.1017,3381.1155],[-97.2614,19.0966,3519.053],[-97.2621,19.0855,3770.1653],[-97.264,19.0833,3906.9482],[-97.2633,19.0814,3967.6497],[-97.2658,19.0773,3950.7407],[-97.2697,19.0631,4169.54],[-97.2666,19.0303,5504.291],[-97.2772,19.0149,4599.2124],[-97.2797,19.0061,4338.2227],[-97.2851,18.9994,4146.6582],[-97.2729,18.9919,4081.9336],[-97.2583,18.9777,3602.8633],[-97.2565,18.9716,3406.7261],[-97.2592,18.9661,3273.0713],[-97.2592,18.9621,3207.575],[-97.2583,18.9544,3072.4685],[-97.2551,18.9506,3019.9299],[-97.2553,18.9385,2860.3701],[-97.2533,18.9288,2776.5344],[-97.2507,18.9219,2716.8145],[-97.2438,18.9134,2643.1328],[-97.2418,18.9021,2559.6794],[-97.2452,18.8976,2508.7681],[-97.2458,18.8933,2494.4875],[-97.2512,18.8923,2494.8035],[-97.2611,18.894,2516.9373],[-97.2604,18.8931,2499.7542],[-97.2714,18.8908,2582.2358],[-97.2973,18.8673,2514.0],[-97.2965,18.8613,2469.145],[-97.3007,18.8595,2583.4121],[-97.3039,18.8519,2621.8225],[-97.308,18.8482,2616.8635],[-97.3083,18.8455,2636.6909],[-97.3061,18.8434,2625.3394],[-97.3095,18.8428,2589.7095],[-97.3149,18.8382,2518.5913],[-97.3205,18.8374,2472.5115],[-97.3227,18.8351,2450.4575],[-97.3226,18.8323,2434.7715],[-97.3245,18.8304,2423.5171],[-97.321,18.8265,2420.4275],[-97.3204,18.8219,2403.5415],[-97.3228,18.8188,2416.8889],[-97.3263,18.8197,2442.7974],[-97.3263,18.8102,2443.1528],[-97.3325,18.8079,2470.7332],[-97.3332,18.8043,2479.7688],[-97.3364,18.8031,2458.1941],[-97.3378,18.7991,2450.9863],[-97.3414,18.8012,2466.3757],[-97.3445,18.8003,2492.8735],[-97.353,18.7913,2551.4343],[-97.3548,18.7794,2560.9119],[-97.3529,18.7744,2521.0251],[-97.3487,18.7776,2518.1802],[-97.3402,18.7784,2505.0803],[-97.337,18.7684,2662.7363],[-97.3301,18.766,2635.1611],[-97.3312,18.7624,2609.4668],[-97.3346,18.7625,2612.606],[-97.3404,18.7587,2541.9658],[-97.3442,18.7494,2517.5474],[-97.3415,18.7416,2429.1265],[-97.3395,18.7424,2449.9785],[-97.3455,18.7339,2430.1094],[-97.3472,18.7274,2394.3425],[-97.3421,18.7258,2434.5923],[-97.347,18.7222,2464.4927],[-97.35,18.7171,2451.3372],[-97.3461,18.7096,2342.2107],[-97.3422,18.7059,2375.2944],[-97.342,18.7024,2417.3789],[-97.345,18.6984,2413.0078],[-97.3404,18.6935,2308.2485],[-97.344,18.6858,2287.9575],[-97.3382,18.6813,2469.7317],[-97.3373,18.6786,2320.1133],[-97.3348,18.6791,2363.3569],[-97.331,18.6831,2394.8279],[-97.3311,18.6795,2417.4905],[-97.3282,18.6776,2420.7131],[-97.3306,18.6754,2454.5825],[-97.3304,18.6731,2503.635],[-97.3254,18.6691,2561.8208],[-97.3232,18.6643,2472.9209],[-97.3182,18.6672,2468.5176],[-97.315,18.6666,2671.6082],[-97.3161,18.6695,2603.2649],[-97.3095,18.6738,2609.8972],[-97.3057,18.6722,2681.219],[-97.3032,18.6743,2558.7202],[-97.298,18.6695,2709.9114],[-97.2971,18.6642,2869.6877],[-97.2939,18.6649,2827.0906],[-97.2912,18.6555,2684.8865],[-97.2819,18.6525,2887.3804],[-97.2809,18.6475,2847.4805],[-97.278,18.6433,2826.2544],[-97.2783,18.6377,2737.7446],[-97.2744,18.635,2651.0364],[-97.2719,18.6278,2698.3904],[-97.2695,18.629,2734.0322],[-97.2681,18.6284,2787.0601],[-97.2686,18.6269,2731.9683],[-97.2638,18.627,2833.5334],[-97.2599,18.6242,2871.0083],[-97.2574,18.6263,2820.6606],[-97.2523,18.6267,2634.3145],[-97.2452,18.6402,2792.4102],[-97.2408,18.6434,2777.2712],[-97.2354,18.6436,2685.4404],[-97.2258,18.6383,2637.3811],[-97.2203,18.6289,2595.3931],[-97.2152,18.6256,2552.094],[-97.1969,18.6296,2359.8853],[-97.1915,18.623,2302.0474],[-97.1856,18.62,2253.522],[-97.1841,18.6167,2192.6262],[-97.1801,18.6177,2213.6667],[-97.176,18.6167,2180.8789],[-97.1744,18.6067,2331.7563],[-97.1694,18.605,2414.4731],[-97.1623,18.6059,2416.8916],[-97.1496,18.597,2487.6069],[-97.1414,18.5964,2529.5601],[-97.1459,18.5822,2592.8169],[-97.144,18.5784,2600.8799],[-97.1446,18.5709,2821.1492],[-97.1137,18.5314,2247.5859],[-97.1133,18.5222,1891.2769],[-97.0894,18.4884,2713.8052],[-97.0835,18.4839,2671.7607],[-97.08,18.4545,2609.4343],[-97.0761,18.466,2046.3132],[-97.0712,18.4678,2026.8245],[-97.0672,18.4712,1990.4316],[-97.0672,18.4731,2004.0636],[-97.063,18.4743,1992.5232],[-97.0601,18.478,1962.4585],[-97.0588,18.4772,1962.4585],[-97.0577,18.4784,1964.7145],[-97.0586,18.4805,2013.5974],[-97.052,18.4857,1979.4526],[-97.0464,18.4996,1950.9932],[-97.0367,18.505,1922.3602],[-97.0366,18.5081,1855.6718],[-97.027,18.5141,1807.3647],[-97.0258,18.5171,1793.7111],[-97.021,18.5124,1677.5321],[-97.0178,18.5147,1676.3318],[-97.0153,18.5209,1615.0082],[-97.0068,18.5233,1558.2061],[-96.9989,18.5319,1568.894],[-96.9962,18.5285,1897.2617],[-96.9915,18.5307,1918.8259],[-96.9848,18.5312,2011.2867],[-96.9738,18.5368,1978.0975],[-96.9782,18.5407,1629.1447],[-96.9768,18.5431,1474.037],[-96.9652,18.5417,1611.2775],[-96.9645,18.547,1301.3145],[-96.9621,18.5473,1205.552],[-96.9543,18.5538,1141.6844],[-96.9421,18.5441,1529.446],[-96.937,18.5444,1329.8746],[-96.9377,18.5416,1333.1179],[-96.9316,18.5405,1088.0802],[-96.9259,18.5349,946.6937],[-96.9211,18.535,962.9161],[-96.9096,18.5398,1050.8943],[-96.9067,18.5468,971.2355],[-96.8993,18.5486,854.532],[-96.8859,18.5334,586.8508],[-96.8808,18.5352,508.5292],[-96.879,18.5375,432.5231],[-96.8759,18.5351,664.8182],[-96.8775,18.5317,731.8013],[-96.8735,18.5232,1135.8706],[-96.8711,18.5219,1265.5066],[-96.8665,18.5267,1342.488],[-96.8642,18.5235,1246.2466],[-96.8649,18.519,1228.5847],[-96.8633,18.5161,1126.0254],[-96.867,18.5166,1140.9314],[-96.8673,18.5146,1085.3058],[-96.8645,18.5144,1071.7271],[-96.8621,18.5109,1015.4625],[-96.8565,18.5113,1044.9381],[-96.8538,18.5063,984.3215],[-96.8502,18.5071,895.7431],[-96.8463,18.5054,885.812],[-96.8463,18.5033,834.6287],[-96.8428,18.5017,795.8693],[-96.8424,18.4934,92.7813],[-96.8386,18.4932,95.3889],[-96.8316,18.4973,83.5991],[-96.8251,18.4981,78.0598],[-96.8245,18.5019,78.1412],[-96.8273,18.5038,75.0767],[-96.8241,18.5056,76.0529],[-96.824,18.5111,74.7079],[-96.8185,18.5115,73.7769],[-96.8134,18.5176,79.8333],[-96.8089,18.5173,72.1883],[-96.8034,18.5115,74.2193],[-96.797,18.5119,72.732],[-96.7942,18.5021,69.7606],[-96.7974,18.4997,75.8762],[-96.7978,18.497,71.6709],[-96.793,18.4919,78.9321],[-96.7968,18.4862,79.2318],[-96.7958,18.4802,80.2175],[-96.7914,18.4774,81.2817],[-96.7914,18.4713,84.7575],[-96.7892,18.4671,71.636],[-96.7809,18.4659,69.6162],[-96.7808,18.4623,79.9104],[-96.7858,18.4597,74.5603],[-96.7862,18.4579,64.416],[-96.7842,18.4537,75.3244],[-96.7754,18.4481,69.6679],[-96.7765,18.4462,72.3956],[-96.7848,18.4442,67.9378],[-96.784,18.4396,69.6528],[-96.7776,18.4343,66.6931],[-96.778,18.4321,66.1485],[-96.7813,18.4305,71.5793],[-96.781,18.4291,62.5],[-96.7755,18.4262,71.5936],[-96.7704,18.4293,73.2202],[-96.7632,18.4271,77.9833],[-96.7628,18.4254,68.2865],[-96.7648,18.4236,67.357],[-96.7709,18.423,72.4761],[-96.766,18.418,84.104],[-96.7664,18.4127,82.1411],[-96.7613,18.4116,62.8236],[-96.7591,18.4083,65.877],[-96.7565,18.4084,65.4569],[-96.7556,18.411,62.7572],[-96.7537,18.4117,62.8976],[-96.7435,18.4073,67.5757],[-96.7319,18.409,70.0613],[-96.7249,18.4082,62.3547],[-96.7253,18.4062,66.9977],[-96.7313,18.4014,69.5817],[-96.7312,18.3994,64.6221],[-96.7282,18.3973,72.1259],[-96.7287,18.3957,60.5],[-96.7371,18.39,63.8726],[-96.741,18.3826,60.5],[-96.7348,18.3796,61.7835],[-96.7323,18.3737,76.254],[-96.7173,18.3804,60.5],[-96.7098,18.3802,63.514],[-96.7002,18.3829,67.7596],[-96.6977,18.3821,80.4301],[-96.6959,18.3771,67.1187],[-96.6975,18.3705,60.5],[-96.6962,18.3648,74.1731],[-96.6926,18.3662,60.5],[-96.6931,18.3705,63.7322],[-96.6909,18.376,87.5714],[-96.6918,18.3808,82.4804],[-96.6833,18.3784,77.2251],[-96.6816,18.3756,77.4865],[-96.6746,18.3814,64.2138],[-96.675,18.3842,67.048],[-96.6763,18.3856,62.9523],[-96.6767,18.3834,64.6711],[-96.6801,18.383,74.935],[-96.6793,18.3861,63.074],[-96.6814,18.3857,65.1168],[-96.681,18.4122,110.1272],[-96.6844,18.4157,84.7259],[-96.7059,18.4229,75.4258],[-96.7091,18.4257,85.3006],[-96.7094,18.428,77.6822],[-96.7076,18.4288,72.0724],[-96.7097,18.43,75.5292],[-96.705,18.432,75.5852],[-96.709,18.4324,80.998],[-96.7087,18.4359,79.8479],[-96.7053,18.4355,78.2536],[-96.7072,18.4374,85.683],[-96.7057,18.4396,74.4812],[-96.7076,18.4426,76.7554],[-96.7053,18.4434,74.7575],[-96.705,18.4483,81.8062],[-96.7072,18.4489,84.6057],[-96.7045,18.4497,93.8776],[-96.7044,18.4529,90.6701],[-96.7026,18.4544,160.4265],[-96.7053,18.4567,94.1585],[-96.6951,18.4585,84.1299],[-96.6929,18.4575,88.796],[-96.6927,18.4624,84.5588],[-96.6882,18.4627,84.8147],[-96.6908,18.4674,76.6774],[-96.6902,18.469,78.3374],[-96.6882,18.4684,84.0346],[-96.6868,18.472,89.8902],[-96.6825,18.4751,87.3767],[-96.6842,18.4755,77.6508],[-96.6834,18.4784,81.5653],[-96.6849,18.4795,78.0998],[-96.6831,18.4815,80.4233],[-96.6837,18.4848,78.2831],[-96.6863,18.4836,101.641],[-96.6842,18.4869,81.9376],[-96.6876,18.4866,87.7805],[-96.6857,18.4896,93.8021],[-96.6893,18.4884,91.8137],[-96.6911,18.4898,88.1299],[-96.6863,18.4936,80.4162],[-96.686,18.4976,81.986],[-96.6825,18.499,80.4337],[-96.6815,18.5033,84.4903],[-96.6841,18.5047,98.2162],[-96.6823,18.5071,86.8827],[-96.6845,18.5075,87.2938],[-96.688,18.5126,86.613],[-96.6926,18.5122,100.7656],[-96.6934,18.5109,96.8714],[-96.6964,18.5115,86.3176],[-96.6976,18.5099,90.6135],[-96.7029,18.5103,93.3217],[-96.7062,18.5263,124.0956],[-96.7111,18.528199999999998,111.7389],[-96.7141,18.5276,131.4336],[-96.719,18.5221,109.56],[-96.7269,18.5298,132.5284],[-96.7243,18.5303,144.7591],[-96.7258,18.5359,138.1668],[-96.7191,18.5369,265.1238],[-96.7118,18.5481,308.4188],[-96.7242,18.559,157.7799],[-96.7156,18.5732,167.8493],[-96.6996,18.5533,600.3286],[-96.6909,18.568,636.7437],[-96.7021,18.5812,192.6613],[-96.6933,18.5786,184.5208],[-96.6888,18.5812,162.5465],[-96.6878,18.5836,147.24],[-96.6922,18.5866,164.6278],[-96.6938,18.5912,188.3901],[-96.6895,18.5961,194.5206],[-96.6878,18.5951,210.4989],[-96.6842,18.6038,223.3207],[-96.679,18.6078,199.9633],[-96.6725,18.6076,326.7482],[-96.6722,18.6186,208.0935],[-96.675,18.6243,211.1349],[-96.6783,18.6264,260.0153],[-96.6798,18.6301,214.5034],[-96.6826,18.6312,249.3334],[-96.6831,18.6349,219.2444],[-96.6874,18.6359,241.1617],[-96.6887,18.6388,234.4542],[-96.6811,18.6479,239.5107],[-96.6827,18.6558,242.8634],[-96.684,18.6568,242.8634],[-96.683,18.6697,251.0545],[-96.6744,18.6659,233.7401],[-96.6737,18.663,228.7187],[-96.6697,18.6613,224.1445],[-96.6701,18.659,225.3545],[-96.6682,18.656,213.9209],[-96.6656,18.6563,212.0556],[-96.6592,18.6505,204.9829],[-96.655,18.6513,204.0862],[-96.6486,18.6458,198.5015],[-96.6458,18.6404,207.0984],[-96.6438,18.6409,192.4038],[-96.64,18.6376,186.9739],[-96.6317,18.6357,178.8424],[-96.6315,18.6336,179.5242],[-96.6225,18.6286,173.8332],[-96.6226,18.6257,164.8652],[-96.6179,18.6223,160.2076],[-96.6167,18.6191,176.4953],[-96.6068,18.6176,151.874],[-96.6011,18.6122,146.1925],[-96.5954,18.6115,144.4288],[-96.5918,18.6074,156.6743],[-96.5893,18.6068,147.8167],[-96.5894,18.605,140.1642],[-96.5838,18.6016,137.58],[-96.5816,18.602,137.68],[-96.5811,18.6,136.302],[-96.579,18.6004,136.3297],[-96.5747,18.5966,134.2998],[-96.5748,18.595,135.0541],[-96.5692,18.5941,130.753],[-96.5664,18.5904,137.0914],[-96.5647,18.5914,135.0752],[-96.5609,18.5877,127.0999],[-96.5413,18.5883,122.4388],[-96.5398,18.5848,123.6273],[-96.5373,18.584,117.9015],[-96.5327,18.5854,128.8534],[-96.5323,18.5873,125.3925],[-96.5255,18.5878,118.4043],[-96.5239,18.5853,117.3794],[-96.5179,18.5836,112.6941],[-96.5175,18.5816,112.1136],[-96.5166,18.5829,112.3362],[-96.514,18.5825,113.1027],[-96.5135,18.5852,115.1633],[-96.5105,18.5843,115.6554],[-96.5088,18.5895,109.0896],[-96.5043,18.588,107.5154],[-96.5024,18.589,109.3073],[-96.5018,18.5873,108.088],[-96.4997,18.5895,106.0803],[-96.4887,18.5812,102.1934],[-96.4846,18.5822,105.2071],[-96.4848,18.5801,104.6645],[-96.4773,18.5799,101.1534],[-96.4755,18.5768,96.611],[-96.4727,18.5759,95.5832],[-96.4733,18.5733,101.0275],[-96.469,18.5738,92.7628],[-96.4672,18.5708,90.828],[-96.4644,18.5739,98.7505],[-96.4611,18.573,92.03],[-96.4603,18.5705,91.0985],[-96.4573,18.5704,96.2499],[-96.4544,18.5615,86.6147],[-96.4511,18.5571,82.8319],[-96.4529,18.5572,83.5304],[-96.4526,18.5544,82.0431],[-96.455,18.5493,81.8889],[-96.453,18.5461,82.1491],[-96.4506,18.5452,80.8915],[-96.4496,18.5413,77.5382],[-96.4479,18.5415,79.816],[-96.4471,18.5367,76.9343],[-96.4436,18.5347,75.912],[-96.4414,18.5355,74.5988],[-96.4405,18.5317,73.666],[-96.4375,18.5318,73.8818],[-96.438,18.5287,75.9781],[-96.4326,18.5254,72.639],[-96.425,18.5133,69.1602],[-96.4208,18.5105,66.0171],[-96.4202,18.508,72.9278],[-96.4235,18.5018,63.0315],[-96.4214,18.4991,63.9287],[-96.4166,18.4993,64.5975],[-96.4173,18.4963,62.0341],[-96.4155,18.4952,60.9452],[-96.4133,18.4867,58.3462],[-96.4147,18.4829,70.5949],[-96.4112,18.4769,64.9649],[-96.4182,18.4761,56.432],[-96.418,18.4705,55.2246],[-96.415,18.4693,55.6053],[-96.4124,18.4648,53.1705],[-96.4046,18.4678,54.0161],[-96.4049,18.4647,52.0596],[-96.4013,18.4598,51.0383],[-96.4033,18.4566,50.5135],[-96.4015,18.4534,50.8756],[-96.4013,18.4479,48.1487],[-96.4036,18.4463,51.5169],[-96.4001,18.4442,48.8256],[-96.403,18.4399,47.2758],[-96.3962,18.4398,49.7776],[-96.3933,18.4371,46.6865],[-96.3922,18.4394,50.5631],[-96.3893,18.4405,48.6913],[-96.3918,18.4367,45.5305],[-96.3908,18.4349,46.5929],[-96.3883,18.4348,45.8462],[-96.3883,18.4327,45.5604],[-96.3901,18.4317,48.5016],[-96.3892,18.4284,44.8077],[-96.3852,18.4293,52.7077],[-96.3838,18.4241,43.9156],[-96.3786,18.4262,45.7304],[-96.3762,18.4246,41.8762],[-96.3742,18.4174,41.9215],[-96.3678,18.4174,38.7152],[-96.3688,18.4145,40.9957],[-96.3611,18.4097,38.029],[-96.3617,18.4071,39.1267],[-96.357,18.4092,38.0677],[-96.3563,18.4117,38.8551],[-96.3526,18.4102,38.576],[-96.3521,18.4063,40.8709],[-96.3492,18.4026,42.1967],[-96.3499,18.4015,41.3476],[-96.3446,18.3985,35.5287],[-96.3484,18.3946,34.845],[-96.3459,18.3898,38.5629],[-96.349,18.3884,41.98],[-96.3475,18.3867,34.2825],[-96.3473,18.3823,31.7275],[-96.345,18.3816,32.8544],[-96.3453,18.3797,35.1466],[-96.3393,18.3756,36.6376],[-96.3386,18.3771,35.4726],[-96.3366,18.376,35.2866],[-96.335,18.3798,34.0708],[-96.3311,18.3792,35.3615],[-96.3306,18.3764,32.7628],[-96.3329,18.373,31.2817],[-96.3351,18.3725,33.4962],[-96.3241,18.3673,32.6606],[-96.3214,18.3679,31.8541],[-96.3173,18.3645,35.5334],[-96.3207,18.3602,27.706],[-96.3184,18.3597,31.104],[-96.3202,18.3584,28.226],[-96.3176,18.3583,27.193],[-96.3199,18.3552,37.7505],[-96.3173,18.3505,33.4869],[-96.3151,18.3498,32.6084],[-96.3156,18.3467,29.6455],[-96.3135,18.3459,31.6628],[-96.3175,18.3401,30.2127],[-96.316,18.3399,30.2127],[-96.3161,18.3376,28.222],[-96.3133,18.335,27.7573],[-96.315,18.3314,26.4953],[-96.3127,18.3276,25.7963],[-96.3056,18.329,24.9431],[-96.3054,18.3248,25.6994],[-96.309,18.3249,23.89],[-96.3082,18.3235,23.6501],[-96.3099,18.3224,23.3169],[-96.2991,18.3164,24.0407],[-96.2969,18.3162,24.4431],[-96.2968,18.3174,20.909],[-96.2944,18.3124,22.3011],[-96.2928,18.3128,22.1744],[-96.2911,18.3108,18.964],[-96.29,18.312,22.4167],[-96.2869,18.3113,19.8551],[-96.2875,18.3101,22.558],[-96.2844,18.3089,19.9421],[-96.2845,18.3071,20.1865],[-96.2858,18.3077,21.5754],[-96.2849,18.3056,23.6164],[-96.2836,18.3061,21.5219],[-96.2855,18.3017,25.4958],[-96.2797,18.2999,17.9847],[-96.2733,18.3005,16.0307],[-96.2708,18.2978,15.5168],[-96.2774,18.294,23.7372],[-96.2773,18.2881,23.2511],[-96.2739,18.2859,16.7435],[-96.2786,18.2838,20.5828],[-96.2732,18.2811,17.1938],[-96.2735,18.2755,19.4106],[-96.2692,18.274,19.6694],[-96.2717,18.2719,17.3409],[-96.2773,18.2714,18.3427],[-96.276,18.2658,15.5621],[-96.2816,18.2667,17.3718],[-96.2831,18.2689,13.6558],[-96.2841,18.2654,19.2308],[-96.2887,18.2627,13.5738],[-96.2862,18.2614,15.007],[-96.2882,18.2598,14.2184],[-96.287,18.2581,11.9829],[-96.2842,18.2601,11.7904],[-96.281,18.2597,12.6359],[-96.2658,18.2456,16.071],[-96.2674,18.2257,10.0],[-96.2663,18.2238,15.3762],[-96.2468,18.2041,15.0802],[-96.2428,18.1972,13.7871],[-96.2306,18.1911,15.8009],[-96.2177,18.1626,9.5],[-96.2155,18.1622,15.2096],[-96.2152,18.1657,13.8976],[-96.2117,18.1692,10.7254],[-96.1996,18.1776,16.0993],[-96.1921,18.1813,13.8806],[-96.1712,18.187,8.5],[-96.1688,18.185,14.2295],[-96.1683,18.1713,12.6962],[-96.1715,18.1678,10.0585],[-96.1862,18.1663,10.5545],[-96.1826,18.158,8.0],[-96.1884,18.1513,16.572],[-96.1799,18.1409,9.1799],[-96.1556,18.1322,10.8893],[-96.1508,18.132,9.6388],[-96.144,18.1411,12.3731],[-96.1374,18.1348,8.3283],[-96.1273,18.1392,13.1266],[-96.1236,18.1424,9.5224],[-96.1258,18.1503,6.5],[-96.1192,18.164,11.4296],[-96.1144,18.1666,8.8124],[-96.1025,18.1682,6.8706],[-96.102,18.1651,8.473],[-96.0977,18.1662,8.0927],[-96.0888,18.1616,10.3681],[-96.0838,18.1614,11.5611],[-96.0795,18.1498,13.2132],[-96.0689,18.1408,11.82],[-96.0664,18.1316,12.0567],[-96.061,18.1313,11.1286],[-96.0591,18.1339,9.7363],[-96.057,18.134,10.4514],[-96.0514,18.1267,18.5908],[-96.047,18.1307,15.4303],[-96.0469,18.1366,10.4231],[-96.0431,18.1347,10.7936],[-96.0411,18.1385,8.2394],[-96.0257,18.1335,8.82],[-96.0209,18.1379,7.8347],[-96.019,18.136,7.0308],[-96.0164,18.1364,7.5684],[-96.0124,18.1385,7.8482],[-96.0102,18.1421,8.1381],[-96.0004,18.1444,9.441],[-95.9967,18.1469,8.2824],[-95.9953,18.1506,7.1366],[-95.9911,18.1519,6.3796],[-95.9859,18.15,6.7786],[-95.9815,18.143,5.9761],[-95.9777,18.1489,7.8034],[-95.972,18.1495,6.1945],[-95.9672,18.1542,6.2896],[-95.9648,18.1546,6.2319],[-95.963,18.152,5.5004],[-95.9584,18.153,4.9734],[-95.9591,18.1571,4.1472],[-95.9559,18.1572,4.1663],[-95.9535,18.1599,4.1268],[-95.9373,18.1566,6.8236],[-95.9361,18.1537,7.6731],[-95.9324,18.1514,6.7416],[-95.9364,18.1468,6.5044],[-95.934,18.1453,6.4606],[-95.9333,18.1417,5.1987],[-95.9314,18.1453,6.6646],[-95.9287,18.1442,6.37],[-95.9257,18.1464,5.8761],[-95.9256,18.1429,5.9301],[-95.9222,18.1411,6.438],[-95.9221,18.1508,5.6358],[-95.9146,18.1522,6.0083],[-95.9124,18.1505,3.9346],[-95.9135,18.1386,3.9157],[-95.9097,18.1381,4.9751],[-95.9072,18.1356,4.9228],[-95.8332,18.129,3.637],[-95.7999,17.95,91.8938],[-95.8502,17.8445,30.0],[-95.8556,17.8466,32.5424],[-95.8588,17.8448,35.3099],[-95.8586,17.8392,31.0],[-95.851,17.8307,35.225],[-95.8493,17.8258,33.2756],[-95.8533,17.8188,32.5],[-95.8558,17.8056,37.4809],[-95.86,17.8021,35.3697],[-95.8668,17.7996,35.1935],[-95.869,17.7966,40.7183],[-95.8658,17.7824,35.0],[-95.8664,17.7744,40.0673],[-95.8672,17.7732,36.0],[-95.8789,17.7735,43.1896],[-95.8848,17.7718,40.8511],[-95.8929,17.7651,38.0],[-95.8926,17.7603,42.0964],[-95.8992,17.7536,43.9287],[-95.8977,17.749,61.138],[-95.9009,17.7438,47.6163],[-95.9028,17.7327,43.8945],[-95.9011,17.7287,57.0657],[-95.8948,17.7273,50.7404],[-95.8944,17.7226,47.1124],[-95.8921,17.7206,46.0063],[-95.8897,17.7253,44.0838],[-95.8856,17.7268,48.7822],[-95.8794,17.7281,49.1219],[-95.8728,17.7274,52.3903],[-95.8734,17.7171,49.7545],[-95.877,17.7157,47.4773],[-95.8828,17.717,48.9903],[-95.8905,17.7126,50.4638],[-95.894,17.7123,66.8177],[-95.8932,17.7077,56.6015],[-95.8953,17.7045,62.7769],[-95.871,17.7022,75.3406],[-95.8708,17.6927,87.0243],[-95.8675,17.6848,83.1754],[-95.8613,17.6825,91.2243],[-95.8529,17.6753,108.8891],[-95.8502,17.6758,100.2999],[-95.8471,17.6733,108.0096],[-95.844,17.6731,110.1779],[-95.8441,17.6685,121.2373],[-95.8409,17.6669,126.1642],[-95.8385,17.66,202.1453],[-95.8335,17.6574,178.0662],[-95.8306,17.6526,143.8831],[-95.8233,17.649,117.7243],[-95.8203,17.6507,113.8736],[-95.82,17.6483,116.0197],[-95.8136,17.6483,126.2964],[-95.8127,17.6459,126.8541],[-95.808,17.6468,135.9653],[-95.8056,17.6434,138.2643],[-95.8073,17.6427,138.2643],[-95.8074,17.6394,150.5332],[-95.8096,17.6382,134.3605],[-95.8054,17.6361,156.7519],[-95.8033,17.6294,161.1444],[-95.7991,17.6276,171.1612],[-95.7978,17.6306,153.2168],[-95.7883,17.6344,131.4224],[-95.7856,17.6334,125.2404],[-95.7845,17.6375,125.4809],[-95.7811,17.6389,118.0386],[-95.7825,17.6258,157.3566],[-95.7734,17.6238,170.3331],[-95.7727,17.6215,152.5495],[-95.7737,17.6059,111.8086],[-95.7772,17.6043,98.6764],[-95.776,17.6087,108.819],[-95.7804,17.6111,122.1464],[-95.7891,17.6109,123.1714],[-95.789,17.6083,127.3888],[-95.7947,17.6035,98.489],[-95.7962,17.606,94.5186],[-95.8035,17.6071,116.4017],[-95.8076,17.6018,115.0293],[-95.8088,17.5932,74.3134],[-95.8075,17.5918,74.5608],[-95.803,17.5914,75.8531],[-95.8025,17.5895,74.8473],[-95.7956,17.5862,76.5263],[-95.7919,17.5864,76.2485],[-95.7923,17.5889,77.7583],[-95.7894,17.5949,83.9906],[-95.7927,17.5964,95.1182],[-95.793,17.6014,122.5188],[-95.7911,17.6034,130.3768],[-95.7818,17.603,95.4832],[-95.7715,17.5997,92.1851],[-95.7735,17.5979,84.9721],[-95.7739,17.5945,80.0773],[-95.7716,17.5887,84.6789],[-95.7649,17.5893,82.6222],[-95.7589,17.585,84.0955],[-95.7507,17.5864,86.099],[-95.7476,17.5835,88.0866],[-95.7449,17.586,90.0702],[-95.7412,17.5807,89.748],[-95.7376,17.5805,92.7265],[-95.7338,17.5755,96.973],[-95.7269,17.578,115.7063],[-95.7296,17.5711,109.1612],[-95.7281,17.5655,129.3114],[-95.7249,17.5628,135.4734],[-95.724,17.5573,147.7619],[-95.7281,17.552,116.6273],[-95.722,17.5492,123.3488],[-95.7205,17.5435,162.5027],[-95.7218,17.5396,170.4327],[-95.7251,17.5362,194.1301],[-95.7174,17.5373,164.1832],[-95.7152,17.5356,154.3012],[-95.7133,17.5362,145.4956],[-95.7088,17.5319,152.6366],[-95.7083,17.5344,119.4114],[-95.7066,17.534,121.5933],[-95.7064,17.5265,145.7115],[-95.7022,17.5185,90.3854],[-95.6997,17.5224,98.5147],[-95.691,17.5249,89.1168],[-95.6903,17.5272,82.8032],[-95.6922,17.5309,82.3378],[-95.6899,17.5314,84.2411],[-95.6893,17.5349,83.5391],[-95.6852,17.5375,98.7976],[-95.6803,17.5341,83.5434],[-95.674,17.5338,81.7618],[-95.6649,17.5354,78.6269],[-95.6597,17.5388,79.8058],[-95.6485,17.5399,84.2462],[-95.6468,17.5423,81.4968],[-95.6499,17.5455,71.0682],[-95.6501,17.5512,76.4049],[-95.6544,17.556,68.4124],[-95.6541,17.5604,68.9393],[-95.647,17.5557,70.2767],[-95.6473,17.5509,72.185],[-95.6445,17.5465,75.6813],[-95.6372,17.5488,80.1416],[-95.6302,17.5465,69.6225],[-95.6271,17.548,65.2646],[-95.6242,17.5435,66.1658],[-95.62,17.541,64.8896],[-95.6155,17.5427,76.816],[-95.6071,17.5398,60.8722],[-95.6058,17.5406,85.7666],[-95.608,17.545,78.1897],[-95.6051,17.549,86.1273],[-95.6036,17.5445,61.4192],[-95.5993,17.5437,93.6958],[-95.5988,17.5346,68.0626],[-95.5958,17.5378,76.3649],[-95.59,17.5383,71.3476],[-95.5867,17.5349,69.1714],[-95.5796,17.5376,63.9533],[-95.5776,17.539,62.2173],[-95.5784,17.5446,59.221],[-95.5688,17.5512,60.7907],[-95.5623,17.5465,68.5338],[-95.5599,17.5468,74.4057],[-95.5579,17.5493,55.9446],[-95.5555,17.5586,56.8084],[-95.5511,17.5534,68.1662],[-95.5461,17.5542,61.1209],[-95.5397,17.5606,66.0035],[-95.5377,17.557,65.2905],[-95.532,17.5558,52.9914],[-95.5251,17.5621,84.085],[-95.5302,17.5674,52.9705],[-95.5311,17.5706,59.272],[-95.5263,17.5719,58.9404],[-95.5248,17.576,57.5122],[-95.5217,17.5708,58.5974],[-95.5174,17.5696,47.7073],[-95.5211,17.5774,60.6946],[-95.5147,17.5797,49.2986],[-95.514,17.5855,72.8299],[-95.5079,17.5836,52.8061],[-95.5028,17.5844,62.9773],[-95.5021,17.5862,60.5744],[-95.5074,17.5883,48.335],[-95.5063,17.5908,53.3167],[-95.4977,17.5919,46.1616],[-95.4951,17.5951,47.6283],[-95.4886,17.5968,46.0695],[-95.4842,17.6019,49.7426],[-95.4781,17.5949,42.9214],[-95.4793,17.5878,46.0566],[-95.4769,17.5884,48.2751],[-95.4706,17.5952,43.6505],[-95.463,17.5964,50.4121],[-95.4634,17.5992,67.7642],[-95.4724,17.6041,43.1184],[-95.4738,17.6066,44.0524],[-95.4731,17.6091,49.1084],[-95.4626,17.6087,41.8545],[-95.4545,17.6111,44.879],[-95.4539,17.6148,42.267],[-95.4561,17.6231,39.9624],[-95.4461,17.6218,43.0937],[-95.4401,17.6267,41.9262],[-95.4384,17.6311,40.5134],[-95.4342,17.6351,39.6547],[-95.4268,17.6366,39.3546],[-95.4257,17.6387,41.1548],[-95.427,17.6452,40.5084],[-95.4255,17.6475,43.8888],[-95.4226,17.6473,53.6044],[-95.4185,17.644,37.2402],[-95.4155,17.6508,38.5414],[-95.413,17.6519,38.5414],[-95.4107,17.6497,38.6529],[-95.4103,17.6436,35.1704],[-95.4072,17.6433,35.2999],[-95.403,17.652,35.4231],[-95.3953,17.6518,35.3866],[-95.3868,17.6639,35.7676],[-95.3697,17.6691,33.5108],[-95.3679,17.6737,32.3633],[-95.3573,17.6713,32.928],[-95.3517,17.6718,33.6457],[-95.3495,17.6756,30.9573],[-95.3516,17.6797,30.8764],[-95.3438,17.6837,32.2222],[-95.3419,17.6825,39.104],[-95.3401,17.6744,37.294],[-95.3344,17.6748,31.9477],[-95.3287,17.6858,37.2013],[-95.3213,17.6856,32.7504],[-95.3167,17.6924,29.8433],[-95.3166,17.6976,31.9015],[-95.3066,17.6972,32.7688],[-95.31,17.7086,32.644],[-95.3058,17.7112,35.0669],[-95.3026,17.711,36.1326],[-95.2978,17.7221,30.1515],[-95.2957,17.7223,28.9268],[-95.2912,17.7163,32.3128],[-95.2922,17.7124,30.8411],[-95.2867,17.7167,32.144],[-95.28,17.7157,28.4397],[-95.2807,17.7199,30.6202],[-95.2792,17.7219,26.8818],[-95.2726,17.7171,31.5559],[-95.2672,17.7167,30.3996],[-95.2645,17.7185,31.2326],[-95.2631,17.7249,28.2757],[-95.2681,17.7325,25.6957],[-95.269,17.7409,33.6218],[-95.2627,17.7387,28.9852],[-95.2614,17.7326,27.7828],[-95.2587,17.7285,33.2172],[-95.2527,17.7335,27.3902],[-95.2393,17.7367,40.4164],[-95.2389,17.7393,24.0],[-95.1903,17.692,36.999],[-95.1824,17.6911,34.6776],[-95.1815,17.6858,28.0],[-95.1851,17.6846,34.0555],[-95.1877,17.6806,32.2223],[-95.1849,17.6768,31.4496],[-95.1878,17.6711,36.3893],[-95.1881,17.6507,45.0424],[-95.1894,17.6497,35.5134],[-95.1916,17.6544,41.7337],[-95.1951,17.6549,34.3374],[-95.1988,17.6479,36.1202],[-95.2012,17.6474,36.2656],[-95.2034,17.6488,35.7434],[-95.2037,17.6535,33.4461],[-95.2071,17.6543,50.3821],[-95.2091,17.6525,43.6685],[-95.2094,17.6479,35.4576],[-95.2115,17.6445,36.814],[-95.2184,17.6393,35.0556],[-95.2419,17.635,45.1624],[-95.2429,17.6437,39.2777],[-95.2446,17.6455,45.119],[-95.2482,17.646,45.0297],[-95.2532,17.6421,48.9759],[-95.253,17.6334,41.5979],[-95.259,17.629,57.8818],[-95.2566,17.6274,38.1745],[-95.2506,17.6276,47.7524],[-95.2484,17.6256,37.0259],[-95.2555,17.6216,37.561],[-95.2628,17.6248,43.1641],[-95.2713,17.6247,53.6343],[-95.2716,17.6222,39.3348],[-95.2695,17.6191,39.2909],[-95.2702,17.6157,38.9591],[-95.278,17.6154,41.2427],[-95.2788,17.6132,43.6618],[-95.2743,17.6093,41.7064],[-95.2676,17.6083,43.6511],[-95.2675,17.6035,71.6062],[-95.2648,17.6016,60.0979],[-95.2592,17.6077,43.5491],[-95.2552,17.6089,56.1269],[-95.253,17.6078,44.5734],[-95.2521,17.6059,51.9183],[-95.2536,17.602,45.3665],[-95.0766,17.3729,36.4213],[-94.9712,17.331,20.8876],[-94.9698,17.3336,25.1773],[-94.9665,17.3344,20.1504],[-94.9635,17.3316,20.0],[-94.9606,17.3231,25.1192],[-94.951,17.3156,22.294],[-94.9458,17.3141,23.998],[-94.9331,17.319,31.5515],[-94.9272,17.3251,33.0504],[-94.9251,17.3221,64.5631],[-94.9115,17.3143,22.0],[-94.9083,17.3138,26.4125],[-94.9042,17.3168,27.5555],[-94.901,17.3171,32.1287],[-94.8908,17.3111,28.1841],[-94.888,17.3027,26.5837],[-94.889,17.3001,35.5438],[-94.8978,17.2989,45.2554],[-94.9018,17.2964,27.9579],[-94.9091,17.2972,53.7765],[-94.9148,17.2926,71.7476],[-94.9155,17.2882,45.6564],[-94.9131,17.2862,30.478],[-94.9042,17.2896,27.1898],[-94.9013,17.2875,30.5956],[-94.9068,17.2795,45.2213],[-94.9097,17.268,37.2728],[-94.8954,17.2564,36.8823],[-94.898,17.2518,41.0733],[-94.9064,17.2467,57.054],[-94.9096,17.2428,39.2731],[-94.9094,17.2406,33.8],[-94.9053,17.2369,39.3934],[-94.9105,17.2279,47.6944],[-94.9112,17.2137,33.8238],[-94.9154,17.2062,35.3476],[-94.923,17.2041,42.2819],[-94.9228,17.1938,34.301],[-94.1091,17.1506,63.319]]],
[[[-94.622,18.2135,1.0],[-94.6257,18.2138,1.5],[-94.6271,18.2122,1.5],[-94.626,18.2113,1.6701],[-94.622,18.2135,1.0]]],
[[[-95.1309,18.6742,0.0],[-95.1309,18.6741,0.0],[-95.1308,18.6741,0.0],[-95.1309,18.6742,0.0]]],
[[[-97.3623,21.0255,1.4898],[-97.3615,21.0248,0.5],[-97.361,21.0271,0.5],[-97.362,21.0278,0.5],[-97.3632,21.0271,0.5],[-97.3623,21.0255,1.4898]]],
[[[-97.3644,21.0286,0.5],[-97.363,21.0291,0.9768],[-97.3635,21.0304,1.3759],[-97.3651,21.0287,0.5],[-97.3644,21.0286,0.5]]],
[[[-97.3327,21.5513,1.0334],[-97.3314,21.5575,2.2491],[-97.3283,21.5616,2.2986],[-97.3277,21.5667,0.4487],[-97.3404,21.5793,0.0],[-97.3431,21.5864,0.0],[-97.4077,21.6318,7.2235],[-97.4497,21.6647,10.737],[-97.4729,21.6899,1.398],[-97.5257,21.7322,0.0],[-97.5623,21.7681,0.7484],[-97.6161,21.8349,0.0],[-97.6947,21.9513,1.5747],[-97.7051,21.9695,0.0],[-97.7058,21.9687,1.8432],[-97.7062,21.9678,1.8432],[-97.7062,21.9664,1.6254],[-97.6928,21.9471,4.8862],[-97.6957,21.9339,0.8618],[-97.6942,21.9323,2.5443],[-97.6959,21.9283,1.0662],[-97.6964,21.9172,3.6452],[-97.6936,21.9156,0.0],[-97.689,21.9203,0.0],[-97.6853,21.9184,0.0],[-97.6779,21.9217,10.4527],[-97.6741,21.9167,1.4785],[-97.6659,21.8903,0.0],[-97.6589,21.8881,9.9282],[-97.6581,21.8801,4.0631],[-97.6483,21.8558,2.1385],[-97.6448,21.8537,2.3397],[-97.6367,21.8419,11.4231],[-97.638,21.8237,2.2406],[-97.6338,21.8158,2.7794],[-97.6297,21.8142,11.9535],[-97.6265,21.8098,35.0503],[-97.6267,21.8008,0.0],[-97.6225,21.7978,5.7021],[-97.6204,21.7911,1.6699],[-97.6192,21.7847,1.0751],[-97.6203,21.7805,7.0391],[-97.6141,21.7795,5.5235],[-97.604,21.7713,3.106],[-97.6001,21.7626,0.6501],[-97.5894,21.7531,12.8128],[-97.5859,21.7431,1.5987],[-97.5783,21.7439,10.8304],[-97.5764,21.7407,2.6446],[-97.5683,21.7377,7.2823],[-97.5683,21.7361,4.2082],[-97.5614,21.7303,4.1976],[-97.5552,21.7165,0.0],[-97.5481,21.7073,7.006],[-97.5438,21.6983,9.1963],[-97.5403,21.6963,1.0076],[-97.5375,21.6911,4.0872],[-97.5296,21.6863,3.4903],[-97.5211,21.6754,0.9134],[-97.5164,21.6747,1.1304],[-97.5056,21.6676,0.9696],[-97.5035,21.6575,0.0],[-97.4987,21.6549,1.6463],[-97.4973,21.6524,0.574],[-97.4942,21.6405,2.2374],[-97.4777,21.6222,4.1331],[-97.4697,21.6094,3.6459],[-97.4641,21.6057,3.7339],[-97.4585,21.5957,0.455],[-97.447,21.5902,1.3348],[-97.4398,21.5814,2.9423],[-97.4352,21.5792,3.6762],[-97.4273,21.5692,2.6799],[-97.4156,21.5654,0.0],[-97.4063,21.558,3.3438],[-97.3976,21.5456,2.3055],[-97.3955,21.5479,7.0687],[-97.3946,21.5429,1.2037],[-97.3869,21.5364,3.5831],[-97.3827,21.5297,6.1113],[-97.3833,21.5283,4.4924],[-97.3849,21.5301,3.1388],[-97.3873,21.5286,4.9709],[-97.3878,21.5273,4.9709],[-97.3857,21.5276,5.3446],[-97.3861,21.5252,3.6926],[-97.3904,21.5242,0.0],[-97.3875,21.5115,2.6001],[-97.3801,21.505,0.0],[-97.3785,21.4987,1.9936],[-97.3798,21.4772,0.0],[-97.3912,21.463,1.185],[-97.3911,21.4552,5.372],[-97.395,21.4526,0.9456],[-97.3993,21.4443,1.9754],[-97.4061,21.4402,3.0511],[-97.4175,21.4299,0.9532],[-97.4155,21.4114,0.0],[-97.4218,21.4076,2.0269],[-97.423,21.4047,0.0],[-97.4212,21.4027,0.0],[-97.4213,21.405,2.207],[-97.42,21.4049,3.3939],[-97.4169,21.4021,0.4421],[-97.427,21.3924,0.0],[-97.4288,21.3848,1.5435],[-97.4383,21.3777,3.5176],[-97.4435,21.36,0.608],[-97.4486,21.3541,1.6831],[-97.4489,21.3523,2.7283],[-97.4454,21.3505,2.0906],[-97.4392,21.335,4.7184],[-97.4375,21.3263,0.4336],[-97.4369,21.3146,2.7543],[-97.4388,21.2946,2.0149],[-97.4415,21.2882,0.0],[-97.4424,21.2788,0.6317],[-97.4418,21.2749,0.0],[-97.4367,21.2682,2.3002],[-97.4354,21.2612,0.0],[-97.4336,21.2604,0.0],[-97.4276,21.2619,1.5703],[-97.4214,21.2606,2.2038],[-97.4224,21.2815,1.8416],[-97.4203,21.3012,1.1577],[-97.4158,21.323,4.1289],[-97.4102,21.3401,0.5112],[-97.4066,21.3498,5.8203],[-97.3975,21.3659,3.5363],[-97.3773,21.3956,0.0],[-97.3506,21.4566,0.0],[-97.3422,21.4872,0.9458],[-97.3311,21.5131,1.1466],[-97.3294,21.521,1.5215],[-97.3297,21.5277,0.8447],[-97.333,21.5369,1.6705],[-97.3327,21.5513,1.0334]]],
[[[-97.2284,21.4753,0.0],[-97.2314,21.47,0.0],[-97.231,21.4696,0.0],[-97.2279,21.4703,3.3599],[-97.2284,21.4753,0.0]]],
[[[-97.454,21.3571,2.2107],[-97.4516,21.3687,0.0],[-97.4527,21.3713,0.5759],[-97.4563,21.3666,2.2872],[-97.4587,21.3672,2.0025],[-97.458,21.3613,0.0],[-97.4549,21.3558,0.4856],[-97.454,21.3571,2.2107]]],
[[[-97.43,21.4104,0.0],[-97.4261,21.4154,0.0],[-97.4267,21.4276,0.7251],[-97.4244,21.4355,1.6071],[-97.4129,21.45,0.0],[-97.4049,21.4761,3.2505],[-97.3998,21.4795,0.0],[-97.4015,21.4809,0.0],[-97.4063,21.4815,2.416],[-97.4228,21.4727,6.9432],[-97.4238,21.4695,3.6595],[-97.4267,21.47,5.0876],[-97.4294,21.4685,2.1956],[-97.4506,21.4513,1.472],[-97.4877,21.4295,0.0],[-97.4867,21.4119,0.0],[-97.484,21.4103,0.0],[-97.4814,21.4109,1.5197],[-97.4743,21.4212,3.5896],[-97.4689,21.4255,4.9455],[-97.4637,21.4193,6.4588],[-97.4637,21.4171,6.6813],[-97.4654,21.4162,4.5119],[-97.4734,21.4181,0.5425],[-97.4722,21.4126,5.464],[-97.4674,21.4072,7.4536],[-97.4723,21.4049,0.0],[-97.4716,21.4016,0.6974],[-97.4682,21.3977,0.0],[-97.4709,21.3939,0.0],[-97.473,21.3846,1.751],[-97.4685,21.3751,0.0],[-97.4684,21.3631,0.0],[-97.4647,21.3676,2.332],[-97.4565,21.3678,1.0171],[-97.431,21.4055,0.0],[-97.43,21.4104,0.0]]],
[[[-97.4835,21.5474,0.0],[-97.4833,21.5492,0.0],[-97.4851,21.5501,0.0],[-97.4851,21.5491,0.0],[-97.4835,21.5474,0.0]]],
[[[-97.4911,21.556,0.7283],[-97.4902,21.5535,0.0],[-97.4895,21.5539,2.0299],[-97.4898,21.5553,2.0299],[-97.4911,21.556,0.7283]]],
[[[-97.4938,21.559,0.0],[-97.4977,21.5577,0.0],[-97.4976,21.556,0.5513],[-97.4922,21.5572,0.0],[-97.4915,21.5589,0.0],[-97.4938,21.559,0.0]]],
[[[-97.5007,21.576,0.5133],[-97.5064,21.5764,3.723],[-97.5252,21.5825,0.0],[-97.53,21.5809,0.0],[-97.53,21.5785,0.0],[-97.5267,21.5752,0.1458],[-97.5212,21.5739,11.7401],[-97.5149,21.5687,2.0571],[-97.5133,21.56,1.2936],[-97.5102,21.5545,1.3818],[-97.5109,21.5523,1.5843],[-97.5056,21.5537,0.0],[-97.5008,21.5502,0.0],[-97.4899,21.5495,0.0],[-97.4974,21.5516,3.239],[-97.4952,21.5554,0.7602],[-97.5,21.5528,3.102],[-97.5031,21.5534,0.0],[-97.509,21.5632,0.1655],[-97.5169,21.5721,0.0],[-97.5188,21.5776,2.0003],[-97.5165,21.578,3.4868],[-97.5093,21.5748,2.1291],[-97.509,21.5732,1.3689],[-97.507,21.5737,1.4351],[-97.4999,21.5682,0.0],[-97.5018,21.5705,0.0],[-97.5012,21.5736,0.0],[-97.4997,21.5752,0.0],[-97.4951,21.5753,0.0],[-97.491,21.5728,1.7793],[-97.4883,21.5689,0.6865],[-97.4872,21.5736,2.3831],[-97.4885,21.5768,0.2409],[-97.5007,21.576,0.5133]]],
[[[-97.6196,21.7621,0.0],[-97.6317,21.7619,3.7297],[-97.631,21.7602,0.0],[-97.6258,21.7596,0.8441],[-97.6222,21.7573,1.9207],[-97.6196,21.7588,5.3277],[-97.6126,21.759,0.5459],[-97.6146,21.7612,0.4965],[-97.6196,21.7621,0.0]]],
[[[-97.6368,21.7925,0.0],[-97.6525,21.8059,0.0],[-97.6577,21.8046,1.1718],[-97.6577,21.803,1.0117],[-97.6525,21.7998,0.5911],[-97.648,21.8007,0.9712],[-97.6433,21.7951,0.4576],[-97.6435,21.7886,0.0],[-97.6417,21.7847,4.3152],[-97.6429,21.7815,0.0],[-97.6346,21.7903,0.0],[-97.6368,21.7925,0.0]]],
[[[-97.6481,21.7955,2.1954],[-97.6459,21.7932,0.8022],[-97.6445,21.7938,0.4576],[-97.6469,21.7963,0.0],[-97.6481,21.7955,2.1954]]],
[[[-97.6695,21.8148,0.0],[-97.6674,21.8131,0.0],[-97.6711,21.8217,6.0869],[-97.6704,21.8234,2.0843],[-97.6761,21.8275,1.403],[-97.6763,21.8319,0.8922],[-97.6835,21.8395,1.2099],[-97.6885,21.8493,14.2542],[-97.6921,21.8618,0.0],[-97.6978,21.8664,1.767],[-97.7006,21.8747,0.0],[-97.7011,21.8622,2.0843],[-97.6969,21.8603,0.0],[-97.6938,21.8565,12.2041],[-97.6911,21.8449,4.278],[-97.6916,21.8399,4.0845],[-97.6967,21.8345,0.0],[-97.6941,21.8335,4.1915],[-97.6919,21.8224,1.7135],[-97.6864,21.8152,0.0],[-97.6836,21.8066,2.1851],[-97.6855,21.8028,4.6369],[-97.6878,21.8068,3.2701],[-97.6899,21.8054,5.535],[-97.6858,21.802,2.1846],[-97.6827,21.7965,1.8356],[-97.678,21.7933,0.0],[-97.6664,21.7738,8.6161],[-97.6736,21.7751,2.5237],[-97.6758,21.7736,3.4012],[-97.667,21.7687,2.2452],[-97.6617,21.7644,0.4412],[-97.6609,21.7608,3.0463],[-97.6543,21.7574,9.9224],[-97.6523,21.7498,2.1344],[-97.6535,21.7467,0.0],[-97.6429,21.7456,12.992],[-97.6317,21.74,5.1006],[-97.6297,21.7385,7.1294],[-97.6289,21.7326,1.9794],[-97.6211,21.7264,0.789],[-97.6169,21.7264,0.3257],[-97.6134,21.7232,1.7933],[-97.612,21.7189,3.5426],[-97.6095,21.7183,0.0],[-97.6084,21.7261,1.0953],[-97.6156,21.7308,0.0],[-97.6174,21.7371,6.3136],[-97.6159,21.7387,3.5097],[-97.6108,21.7349,1.7109],[-97.6098,21.7312,2.5255],[-97.603,21.7239,0.6957],[-97.6026,21.7255,0.785],[-97.6067,21.7349,0.0],[-97.6112,21.7406,3.7559],[-97.6121,21.7456,0.0],[-97.6151,21.75,0.5279],[-97.6172,21.7507,0.0],[-97.6163,21.7486,0.5691],[-97.6186,21.7456,4.2883],[-97.6259,21.7563,0.6141],[-97.6369,21.7614,6.4069],[-97.6381,21.7653,1.087],[-97.6431,21.769,10.7866],[-97.6522,21.787,4.2254],[-97.6574,21.7884,2.4707],[-97.6645,21.7938,0.0],[-97.6674,21.8005,0.0],[-97.665,21.8051,0.0],[-97.6691,21.8047,1.2481],[-97.6679,21.8039,1.2481],[-97.6686,21.802,1.4491],[-97.6711,21.8044,0.6589],[-97.6741,21.8136,3.3068],[-97.6778,21.8189,5.783],[-97.6734,21.8192,6.5255],[-97.671,21.815,1.5622],[-97.6695,21.8148,0.0]]],
[[[-97.6638,21.807,0.4138],[-97.6628,21.805,0.0],[-97.6634,21.8092,0.0],[-97.6656,21.8098,2.7474],[-97.6658,21.8092,0.7443],[-97.6638,21.807,0.4138]]]]}}