{"type": "Feature","bbox": [-100.145,22.2088,-97.1442,27.6791],"geometry": {"type": "MultiPolygon","coordinates": [[[[-97.7938,22.277,2.8124],[-97.8082,22.2979,0.883],[-97.8134,22.3085,1.9106],[-97.831,22.356,3.1311],[-97.844,22.4035,0.0],[-97.8544,22.4515,0.0],[-97.8582,22.4852,0.0],[-97.8841,22.4859,0.0],[-97.8863,22.4831,0.0],[-97.885,22.4735,0.0],[-97.8867,22.4738,0.0],[-97.889,22.483,5.0479],[-97.8876,22.4845,0.0],[-97.8884,22.489,3.2949],[-97.8863,22.491,0.0],[-97.8835,22.4914,0.5533],[-97.8799,22.4892,0.7342],[-97.8659,22.4892,0.0],[-97.8619,22.4905,0.3779],[-97.8598,22.4894,0.0],[-97.8582,22.4939,12.2011],[-97.855,22.4939,2.9693],[-97.8597,22.5095,5.323],[-97.859,22.5829,0.0],[-97.8523,22.6315,0.0],[-97.8453,22.6606,0.5909],[-97.8413,22.6712,0.1824],[-97.8444,22.678,0.0],[-97.8469,22.6786,0.0632],[-97.8462,22.674,0.5719],[-97.8488,22.672,0.0],[-97.8475,22.6665,0.6744],[-97.8494,22.6649,0.0],[-97.8468,22.6632,0.0786],[-97.8502,22.6607,0.1266],[-97.8503,22.658,0.0],[-97.8525,22.6551,0.6169],[-97.8489,22.6535,0.2558],[-97.8524,22.6518,-0.5304],[-97.8539,22.6543,0.0],[-97.856,22.6511,0.0],[-97.8545,22.6472,0.2942],[-97.8514,22.6491,1.0751],[-97.8501,22.6478,0.5752],[-97.8554,22.6345,0.0],[-97.8591,22.6298,0.0],[-97.8582,22.6259,0.1768],[-97.8571,22.6289,1.0816],[-97.8552,22.6233,0.0],[-97.857,22.6203,0.1269],[-97.8566,22.6152,1.3903],[-97.8591,22.6134,0.0],[-97.8583,22.6071,0.4401],[-97.8613,22.5944,0.0],[-97.8613,22.5867,0.4911],[-97.8633,22.5859,0.0],[-97.8638,22.5824,0.0],[-97.8651,22.5627,0.1588],[-97.8649,22.5533,0.5948],[-97.8629,22.5484,1.3034],[-97.8634,22.5394,0.5762],[-97.864,22.5479,2.5939],[-97.8724,22.5681,1.2332],[-97.8728,22.574,0.0],[-97.8756,22.5722,0.353],[-97.8812,22.5727,0.1453],[-97.899,22.5805,0.4492],[-97.9016,22.5848,0.436],[-97.9014,22.5886,0.0979],[-97.8985,22.5909,0.4271],[-97.9013,22.5952,0.4696],[-97.9013,22.5994,1.8136],[-97.8987,22.5997,-0.1397],[-97.8951,22.6321,1.131],[-97.892,22.6452,0.3586],[-97.8881,22.6534,-0.158],[-97.8739,22.6722,1.4457],[-97.8738,22.6737,1.4457],[-97.8774,22.6728,1.1503],[-97.8763,22.6765,0.8986],[-97.8716,22.6782,1.1931],[-97.8625,22.6854,0.1689],[-97.8537,22.7021,0.5867],[-97.8514,22.7098,0.415],[-97.8527,22.7128,0.0],[-97.8618,22.7133,1.2964],[-97.8638,22.7202,1.1073],[-97.8687,22.727,0.5428],[-97.8751,22.728,1.6109],[-97.8769,22.724,1.0833],[-97.8818,22.7242,0.8335],[-97.8844,22.7259,0.8994],[-97.8849,22.7282,0.7297],[-97.8801,22.7342,1.0145],[-97.879,22.74,0.8231],[-97.881,22.7398,0.3429],[-97.8842,22.7363,1.8017],[-97.8954,22.735,2.2656],[-97.9005,22.7365,6.0341],[-97.9024,22.7413,14.322],[-97.9007,22.7512,9.4922],[-97.895,22.7542,3.5152],[-97.8902,22.7547,2.744],[-97.8888,22.7582,5.9893],[-97.8923,22.763,4.8833],[-97.9078,22.7672,2.6206],[-97.9092,22.7726,7.3232],[-97.9023,22.775,1.7947],[-97.8998,22.779,1.7521],[-97.9035,22.7772,1.8912],[-97.9066,22.778,11.2127],[-97.9068,22.7865,4.4576],[-97.9085,22.7884,4.9948],[-97.9137,22.7883,4.3558],[-97.9174,22.7905,4.5988],[-97.9173,22.7969,4.4393],[-97.9124,22.8006,2.1774],[-97.9118,22.8039,2.6894],[-97.9196,22.8024,3.6137],[-97.9229,22.8043,7.5391],[-97.9221,22.8102,3.4167],[-97.9249,22.8143,2.0213],[-97.9221,22.8209,1.7382],[-97.9218,22.8274,3.5085],[-97.9241,22.8297,3.7969],[-97.9286,22.8285,6.5821],[-97.9249,22.8304,3.7969],[-97.9225,22.8294,4.2822],[-97.9211,22.8275,3.5085],[-97.9208,22.8218,1.7382],[-97.9235,22.8143,2.0213],[-97.9212,22.8096,3.4167],[-97.9225,22.8051,3.5455],[-97.9209,22.8033,3.3335],[-97.9134,22.805,2.4399],[-97.9107,22.8036,2.6037],[-97.9115,22.8003,3.0503],[-97.9163,22.7968,2.4368],[-97.9164,22.7909,2.7983],[-97.9066,22.7882,3.763],[-97.905,22.7783,1.9503],[-97.9013,22.78,1.3847],[-97.8988,22.7791,1.7521],[-97.8996,22.776,3.2905],[-97.9073,22.7729,1.4083],[-97.9077,22.7708,2.0907],[-97.9046,22.7696,2.7295],[-97.906,22.7681,4.7138],[-97.903,22.766,3.074],[-97.8963,22.7661,3.3567],[-97.8917,22.7641,5.723],[-97.8878,22.7591,3.3535],[-97.8884,22.7543,1.4004],[-97.8971,22.752,1.4989],[-97.8998,22.7491,1.6293],[-97.9009,22.7428,0.0],[-97.8996,22.7397,1.3092],[-97.8954,22.7363,2.6238],[-97.8849,22.738,1.4174],[-97.8819,22.7409,0.8031],[-97.8781,22.7413,3.9243],[-97.8781,22.7343,0.6531],[-97.8821,22.728,0.0],[-97.8812,22.7264,0.6365],[-97.8781,22.726,1.1382],[-97.8749,22.7296,1.8996],[-97.869,22.7294,0.6526],[-97.8638,22.7259,0.2227],[-97.8601,22.7155,0.6005],[-97.853,22.7167,0.5886],[-97.8516,22.7252,0.0],[-97.8462,22.7363,0.1471],[-97.8401,22.7426,0.0665],[-97.8308,22.7569,0.6295],[-97.8312,22.7588,0.0],[-97.8322,22.7568,0.6295],[-97.835,22.7583,0.159],[-97.8329,22.7621,0.4365],[-97.8178,22.7739,0.8444],[-97.8042,22.7792,0.1575],[-97.8033,22.7783,0.0],[-97.8034,22.7846,0.0343],[-97.8058,22.7851,0.376],[-97.8057,22.7863,0.2584],[-97.8033,22.7871,0.2768],[-97.7944,22.8051,0.3855],[-97.7943,22.8076,0.2028],[-97.7965,22.8085,0.6788],[-97.7958,22.8051,0.1681],[-97.7976,22.8025,0.9091],[-97.7972,22.8107,0.378],[-97.7914,22.8224,0.717],[-97.7911,22.8291,0.0],[-97.7876,22.832,0.318],[-97.7874,22.8281,0.0],[-97.7867,22.8296,0.2039],[-97.7864,22.832,0.1504],[-97.7893,22.8375,0.3423],[-97.7899,22.8531,0.5669],[-97.7823,22.8596,0.0],[-97.7854,22.8609,0.5888],[-97.7822,22.8623,0.0024],[-97.7839,22.863,0.7354],[-97.7838,22.8654,1.0735],[-97.7823,22.8646,-0.0854],[-97.7799,22.8662,0.4068],[-97.7815,22.8668,1.2908],[-97.779,22.8674,1.5194],[-97.7794,22.875,0.5918],[-97.7776,22.8774,1.3192],[-97.7732,22.8782,0.0],[-97.7748,22.88,0.9438],[-97.7731,22.8812,0.1348],[-97.7733,22.8904,1.3927],[-97.7713,22.8947,0.7198],[-97.7709,22.8902,0.0686],[-97.77,22.8908,0.2093],[-97.7742,22.9044,0.0],[-97.7774,22.909,0.5814],[-97.7808,22.9104,0.6659],[-97.7736,22.9154,0.0],[-97.7731,22.9257,0.2732],[-97.7752,22.9289,1.4329],[-97.7756,22.9338,0.5854],[-97.7804,22.9344,1.3796],[-97.7757,22.9352,0.5854],[-97.7719,22.9386,0.0],[-97.7727,22.9397,0.966],[-97.7701,22.944,0.2821],[-97.7715,22.9444,1.0284],[-97.7672,22.9542,1.5125],[-97.769,22.9565,1.2816],[-97.7663,22.9584,0.6435],[-97.767,22.9412,0.1127],[-97.772,22.9353,0.2576],[-97.7708,22.9335,0.1597],[-97.7674,22.934,-0.0713],[-97.7672,22.9317,0.2242],[-97.7713,22.9283,0.1022],[-97.7692,22.9255,0.2023],[-97.7698,22.9152,0.0],[-97.7681,22.9155,0.3919],[-97.7677,22.9126,0.1942],[-97.7672,22.9066,0.2626],[-97.7701,22.9058,0.0499],[-97.7705,22.903,0.1515],[-97.7681,22.9013,0.5461],[-97.7677,22.8922,0.0],[-97.7707,22.8871,0.0],[-97.7705,22.8759,1.4608],[-97.7738,22.8727,0.256],[-97.7743,22.8607,0.9107],[-97.7765,22.8578,0.1613],[-97.7751,22.8545,0.2135],[-97.7792,22.8512,0.0],[-97.7761,22.8518,0.1391],[-97.7779,22.849,0.2034],[-97.777,22.843,0.0],[-97.7834,22.8209,0.0],[-97.7848,22.8107,0.6492],[-97.7872,22.8016,0.3337],[-97.7915,22.7988,0.0],[-97.7893,22.7975,0.2877],[-97.7897,22.7921,0.6185],[-97.7925,22.7892,0.3183],[-97.7932,22.7909,0.1236],[-97.7959,22.7903,0.0],[-97.7948,22.7885,0.6665],[-97.7962,22.785,0.0],[-97.7928,22.7867,0.197],[-97.7927,22.7843,0.4511],[-97.7955,22.7837,0.0],[-97.7974,22.781,0.0],[-97.7981,22.779,0.0],[-97.7953,22.7787,0.3723],[-97.7979,22.7769,0.165],[-97.801,22.7697,0.3523],[-97.8033,22.7691,0.0349],[-97.8015,22.766,0.0],[-97.8025,22.7611,0.0],[-97.8066,22.7583,0.4702],[-97.8073,22.7526,0.8438],[-97.809,22.7528,0.1247],[-97.8098,22.7502,-0.0829],[-97.8144,22.7482,0.0936],[-97.8145,22.7466,0.0],[-97.8129,22.7455,0.4918],[-97.8112,22.7469,0.1579],[-97.8109,22.7456,0.1579],[-97.8119,22.7441,0.0575],[-97.8146,22.7442,0.2204],[-97.8131,22.7432,0.1458],[-97.8154,22.741,0.1104],[-97.8134,22.74,1.1997],[-97.8166,22.7361,0.1051],[-97.8182,22.7292,0.068],[-97.8216,22.7299,0.1819],[-97.8204,22.7279,1.1426],[-97.8227,22.7295,0.0],[-97.8253,22.7274,-0.3099],[-97.8253,22.7258,0.3432],[-97.8218,22.7248,0.3197],[-97.8228,22.7226,0.0],[-97.8214,22.7212,0.8276],[-97.8247,22.7194,-0.0152],[-97.8313,22.7087,0.0],[-97.827,22.7098,0.1336],[-97.8243,22.7134,0.0086],[-97.8249,22.715699999999998,0.3385],[-97.823,22.7149,0.9245],[-97.8294,22.6993,0.0231],[-97.8364,22.6916,0.6261],[-97.8375,22.6824,0.1831],[-97.8415,22.6771,0.0],[-97.8413,22.6728,0.0],[-97.8398,22.6729,0.0],[-97.8268,22.6997,1.2081],[-97.821,22.7187,1.1448],[-97.7885,22.7929,0.3882],[-97.7754,22.8444,1.4609],[-97.7661,22.8937,1.1292],[-97.7654,22.938,1.9515],[-97.7626,22.9635,0.9649],[-97.761,23.0007,0.9286],[-97.7621,23.0546,0.0],[-97.7751,23.0516,3.4423],[-97.7833,23.053,1.1399],[-97.7849,23.0558,3.075],[-97.7757,23.0561,3.1359],[-97.7708,23.0602,0.9533],[-97.766,23.0878,0.7272],[-97.7681,23.0985,0.2068],[-97.7665,23.1018,0.6857],[-97.7644,23.0956,1.1639],[-97.7638,23.0633,2.0354],[-97.7671,23.061,0.7803],[-97.7685,23.0618,0.7803],[-97.7693,23.0593,0.2128],[-97.7646,23.056,0.0],[-97.7619,23.0583,0.0],[-97.7698,23.2555,1.463],[-97.7703,23.3331,0.0],[-97.7754,23.333,7.0185],[-97.7814,23.3382,5.8883],[-97.7799,23.3386,1.5221],[-97.7758,23.3346,1.39],[-97.7703,23.3336,0.0],[-97.769,23.3782,2.6158],[-97.7653,23.4296,3.3073],[-97.7421,23.6688,1.5033],[-97.7383,23.7581,0.1637],[-97.7373,23.7648,0.0],[-97.7336,23.7672,0.0],[-97.737799999999993,23.7688,1.194],[-97.7392,23.7727,0.0],[-97.7422,23.772,2.3434],[-97.7443,23.7735,0.1038],[-97.7461,23.7686,0.0],[-97.7391,23.7669,3.6471],[-97.7392,23.763,1.4471],[-97.744,23.7634,0.5133],[-97.7497,23.7616,-0.6326],[-97.7524,23.7631,0.4367],[-97.7552,23.7566,0.3844],[-97.756,23.7507,0.9883],[-97.7547,23.7469,0.0],[-97.7559,23.7441,0.0],[-97.7551,23.7423,0.0],[-97.7542,23.7437,0.0],[-97.7541,23.7389,0.1951],[-97.7579,23.7356,0.0],[-97.7525,23.7295,0.0],[-97.7483,23.729,0.9457],[-97.744,23.7312,0.3251],[-97.7446,23.7215,0.0],[-97.7432,23.7203,0.0],[-97.7457,23.7134,-0.0013],[-97.7435,23.7063,0.0],[-97.7484,23.6901,0.0],[-97.7469,23.6871,0.0074],[-97.7476,23.6842,0.0361],[-97.7493,23.6822,0.0],[-97.7462,23.6732,0.0],[-97.7511,23.6581,0.0],[-97.7571,23.6572,0.0],[-97.7564,23.6526,0.0],[-97.7525,23.6505,0.0],[-97.7566,23.6437,0.0],[-97.7579,23.6447,0.0],[-97.7561,23.6393,0.0],[-97.7602,23.6307,0.0],[-97.7555,23.6369,0.0],[-97.755,23.643,0.0953],[-97.7522,23.6471,0.0344],[-97.7495,23.6445,0.0],[-97.749,23.6365,0.0],[-97.7505,23.6341,0.0],[-97.7508,23.6252,0.0],[-97.7495,23.6201,0.3835],[-97.7523,23.62,0.0],[-97.7527,23.6184,0.0],[-97.7511,23.6057,0.0],[-97.7526,23.606,0.0],[-97.7536,23.6095,0.0],[-97.7559,23.6076,0.0],[-97.7509,23.5991,0.0],[-97.7525,23.5944,0.2198],[-97.758,23.5932,0.286],[-97.7594,23.5912,0.0],[-97.7532,23.584,0.0],[-97.7571,23.5653,0.0],[-97.7581,23.5503,0.0],[-97.7632,23.5339,0.0],[-97.7632,23.5302,0.0],[-97.7617,23.5289,0.0],[-97.7625,23.5171,0.0],[-97.7659,23.5165,2.002],[-97.7687,23.5186,0.0],[-97.7734,23.5136,0.8738],[-97.7715,23.5221,0.0],[-97.7727,23.528,2.2665],[-97.7702,23.5392,0.0],[-97.7725,23.553,0.0],[-97.7712,23.5665,2.8718],[-97.7674,23.5707,2.5854],[-97.7653,23.5705,1.6258],[-97.7632,23.5738,0.1164],[-97.767,23.578,1.0956],[-97.7729,23.5927,0.6941],[-97.7719,23.6146,0.0],[-97.7732,23.6198,0.8891],[-97.7712,23.6269,0.6468],[-97.7654,23.6296,0.7648],[-97.7659,23.6317,0.0],[-97.7645,23.6319,0.0],[-97.7658,23.634,0.0],[-97.7686,23.6342,0.1711],[-97.7674,23.6359,0.0],[-97.7689,23.6388,0.0],[-97.7654,23.6413,0.0],[-97.7663,23.6506,0.6353],[-97.7613,23.6596,0.0067],[-97.7624,23.6671,0.0],[-97.7637,23.6672,0.0],[-97.764,23.665,0.0863],[-97.7686,23.6724,1.3083],[-97.7615,23.6762,-0.0248],[-97.7684,23.6886,0.5184],[-97.7679,23.6997,0.041],[-97.7637,23.703,0.0],[-97.767,23.7205,0.1061],[-97.7617,23.7362,0.0],[-97.7631,23.7437,0.0775],[-97.7596,23.7509,0.1232],[-97.7584,23.7589,-0.5085],[-97.7548,23.7595,0.1937],[-97.7515,23.7659,0.0],[-97.7553,23.766,0.2167],[-97.7598,23.7684,0.5504],[-97.7631,23.771,0.2394],[-97.7657,23.7773,0.0],[-97.7724,23.7799,0.1187],[-97.7788,23.7779,1.0759],[-97.7805,23.7811,0.0],[-97.7778,23.7843,1.5079],[-97.7705,23.7874,2.5069],[-97.7545,23.7812,0.37],[-97.7521,23.783,1.4907],[-97.7527,23.78,0.0],[-97.7462,23.779,1.1218],[-97.748,23.7777,0.0],[-97.7474,23.7768,0.1644],[-97.7438,23.7755,0.16],[-97.7432,23.7767,0.16],[-97.7431,23.7749,0.011],[-97.7377,23.7748,0.566],[-97.7372,23.7728,0.0],[-97.7362,23.7736,0.0],[-97.7315,23.7717,0.0],[-97.7338,23.7734,0.0],[-97.736,23.7968,0.5883],[-97.7373,23.9536,0.0],[-97.7238,24.1403,2.56],[-97.7113,24.2762,0.0],[-97.7177,24.277,0.498],[-97.7233,24.2434,0.0],[-97.7263,24.2379,0.1541],[-97.7278,24.2226,0.0794],[-97.7264,24.22,0.0],[-97.7253,24.2283,0.0],[-97.7237,24.2279,0.0],[-97.7243,24.223,0.0],[-97.7213,24.2212,0.0],[-97.7253,24.2129,0.2519],[-97.7269,24.2141,0.0],[-97.7278,24.221,0.0],[-97.7283,24.2186,0.0],[-97.7263,24.2062,0.1736],[-97.7296,24.193,0.0],[-97.7296,24.1838,0.0],[-97.7324,24.1758,0.0],[-97.7312,24.1643,0.0],[-97.7305,24.1754,0.1116],[-97.7267,24.1765,0.0],[-97.7256,24.1796,0.0],[-97.7251,24.1766,0.8289],[-97.7298,24.1692,0.0],[-97.7291,24.1602,0.3138],[-97.7303,24.1597,-0.0116],[-97.7323,24.1659,0.0],[-97.7332,24.1665,0.0],[-97.7337,24.1648,0.0],[-97.7318,24.1506,0.0],[-97.7342,24.142,0.0],[-97.7309,24.1387,0.0],[-97.7295,24.1501,0.0],[-97.7278,24.1496,0.0],[-97.7275,24.1464,0.0],[-97.7288,24.146,0.0],[-97.7304,24.1305,0.0],[-97.7335,24.1236,0.0],[-97.7311,24.1245,0.0],[-97.7307,24.1203,0.5017],[-97.7334,24.1172,0.0],[-97.7321,24.1157,0.0],[-97.737,24.1098,0.0],[-97.7366,24.1064,0.0],[-97.7337,24.104,0.0],[-97.7337,24.0969,0.3094],[-97.7382,24.093,0.0],[-97.7366,24.0887,0.0],[-97.7348,24.0909,0.0],[-97.7325,24.0905,0.0],[-97.7335,24.0876,1.4881],[-97.7313,24.0868,0.2156],[-97.7359,24.0817,0.0],[-97.7322,24.0785,0.0],[-97.7356,24.0756,0.0],[-97.7338,24.0749,1.9727],[-97.7369,24.0681,1.7578],[-97.7366,24.0639,0.599],[-97.7349,24.0626,0.0],[-97.7368,24.0596,1.1428],[-97.7343,24.0594,0.8006],[-97.7334,24.0575,1.0684],[-97.7377,24.0573,0.793],[-97.7357,24.0565,2.2929],[-97.7389,24.0536,0.0],[-97.7398,24.0478,0.0],[-97.7385,24.0424,0.6654],[-97.7356,24.0411,0.0],[-97.737,24.0392,0.0],[-97.7381,24.0254,1.2372],[-97.7349,24.0268,1.1882],[-97.7349,24.0211,1.8545],[-97.7356,24.02,1.6489],[-97.7372,24.0207,0.6915],[-97.7381,24.0241,1.2372],[-97.7399,24.0207,0.0],[-97.7374,24.0184,1.8484],[-97.7398,24.0158,0.0],[-97.7389,24.0137,1.1193],[-97.7415,24.0132,0.6004],[-97.7424,24.0083,0.0],[-97.7402,24.0043,0.0],[-97.7414,24.0004,0.209],[-97.7436,24.0004,0.0],[-97.7419,23.9816,0.0],[-97.7427,23.969,0.0],[-97.7451,23.9589,0.0],[-97.7516,23.9479,0.8362],[-97.7521,23.9443,0.0],[-97.7491,23.9343,0.0],[-97.7433,23.9311,0.5509],[-97.7407,23.9195,0.0],[-97.7416,23.9011,0.0],[-97.7377,23.8933,0.0],[-97.7387,23.8921,0.0],[-97.7414,23.8953,0.0],[-97.7419,23.8918,0.0],[-97.7392,23.8894,1.4127],[-97.7401,23.8811,0.0],[-97.7409,23.8794,0.0],[-97.7455,23.8795,0.0],[-97.7443,23.8727,0.0],[-97.7467,23.8684,0.6566],[-97.74,23.8618,0.0],[-97.74,23.8566,0.0],[-97.7431,23.8636,0.0],[-97.749,23.8685,0.0],[-97.7535,23.8618,1.0855],[-97.7491,23.8533,0.0],[-97.7453,23.8537,0.0],[-97.7432,23.8502,0.0],[-97.7424,23.8539,0.0],[-97.7392,23.8514,0.7972],[-97.7404,23.8471,0.0],[-97.739,23.8306,0.2623],[-97.7445,23.8227,0.0],[-97.744,23.8202,0.0],[-97.747,23.813,0.0],[-97.7468,23.8105,0.0],[-97.7446,23.8096,1.1261],[-97.7444,23.8069,0.0],[-97.7462,23.8045,0.5771],[-97.7502,23.8101,0.0],[-97.753,23.8212,0.0],[-97.7538,23.8313,0.0],[-97.7513,23.8378,0.0],[-97.7522,23.8452,0.0],[-97.7546,23.8483,0.0],[-97.7591,23.862,0.0],[-97.7565,23.8772,0.0],[-97.7608,23.881,0.0],[-97.7637,23.8994,0.0],[-97.7669,23.9037,0.0],[-97.7701,23.913,0.0],[-97.7701,23.9264,0.0],[-97.7676,23.9309,0.0],[-97.7674,23.9255,0.0],[-97.7656,23.9224,0.0],[-97.763,23.9255,0.0],[-97.7635,23.93,0.0],[-97.7666,23.9317,0.0],[-97.7685,23.9417,0.0],[-97.7667,23.9459,0.0],[-97.7635,23.9481,0.9202],[-97.7611,23.9539,0.0],[-97.7608,23.9604,0.0],[-97.7612,23.9644,0.0],[-97.7701,23.9764,0.0],[-97.7717,23.9874,0.0],[-97.7738,24.0097,0.0],[-97.7715,24.0288,0.0],[-97.774,24.0405,0.0],[-97.7744,24.0678,0.0],[-97.7751,24.0703,0.0],[-97.7784,24.0711,0.0],[-97.7895,24.0645,0.0],[-97.7956,24.0628,0.0],[-97.7918,24.059,0.0],[-97.7928,24.0537,0.0],[-97.7883,24.0482,0.0],[-97.7868,24.0415,3.2969],[-97.7934,24.0287,0.0],[-97.7925,24.0232,0.6695],[-97.7947,24.0276,0.0],[-97.7901,24.0457,0.0],[-97.8009,24.0607,0.0],[-97.8022,24.0764,4.2035],[-97.8041,24.0777,0.5796],[-97.8083,24.0742,0.8754],[-97.8084,24.0806,0.0],[-97.8043,24.0834,0.0],[-97.807,24.0896,0.0],[-97.8077,24.1,0.4557],[-97.8064,24.0957,0.0],[-97.8056,24.098,0.0],[-97.8072,24.1012,0.0],[-97.8132,24.1028,0.8966],[-97.8061,24.1023,0.6989],[-97.8044,24.0981,2.1227],[-97.8054,24.0927,4.991],[-97.8038,24.0894,0.0],[-97.800299999999993,24.0993,0.0],[-97.7895,24.1053,0.0],[-97.7882,24.1042,0.0],[-97.7894,24.1025,0.0],[-97.7879,24.0986,0.0],[-97.7903,24.0906,0.0],[-97.7982,24.0817,0.0],[-97.7969,24.0777,0.0],[-97.7976,24.0723,0.0],[-97.7927,24.0655,0.0],[-97.7886,24.0693,0.0],[-97.7843,24.079,1.264],[-97.7727,24.0855,0.4696],[-97.7718,24.0892,0.0],[-97.7746,24.1103,0.0],[-97.7726,24.1214,0.0],[-97.7692,24.1285,2.4196],[-97.7712,24.138,2.2349],[-97.7687,24.1458,4.6414],[-97.765,24.15,1.1078],[-97.766,24.1565,0.0],[-97.7626,24.1624,2.4824],[-97.7607,24.1739,0.0],[-97.7636,24.1756,0.0],[-97.7651,24.1795,0.0],[-97.766,24.1768,0.2202],[-97.7663,24.1779,0.1556],[-97.7667,24.1825,1.9432],[-97.7639,24.1898,0.0],[-97.7713,24.1924,0.0],[-97.7724,24.1976,0.0],[-97.7786,24.1967,2.5449],[-97.7841,24.193,1.6202],[-97.789,24.1957,0.0],[-97.793,24.2015,1.816],[-97.7941,24.2084,1.4909],[-97.7976,24.2104,0.5],[-97.7969,24.2117,0.5],[-97.7926,24.208,0.5],[-97.7921,24.2027,0.4233],[-97.7867,24.1958,2.0389],[-97.7815,24.1963,0.3949],[-97.7779,24.199,2.653],[-97.7703,24.1986,0.3828],[-97.7686,24.1974,0.3828],[-97.7674,24.1922,0.0],[-97.7651,24.1914,0.8789],[-97.7612,24.2232,1.1232],[-97.7567,24.2318,0.7979],[-97.7573,24.2468,1.9055],[-97.7499,24.2611,0.2069],[-97.7449,24.2644,0.0],[-97.7458,24.2654,0.0],[-97.7495,24.2636,0.6809],[-97.747,24.2689,0.0],[-97.7501,24.2704,0.1626],[-97.7535,24.2623,0.0],[-97.7497,24.3089,0.0],[-97.7477,24.3099,0.0],[-97.747,24.3058,0.0],[-97.7453,24.3067,0.0],[-97.7485,24.3228,-0.5],[-97.7473,24.3269,0.0],[-97.7454,24.3236,0.0],[-97.7467,24.3174,0.0],[-97.7449,24.3183,0.1185],[-97.743,24.3157,0.0],[-97.7441,24.3132,0.0],[-97.737799999999993,24.3077,0.0],[-97.7433,24.3176,0.077],[-97.7523,24.3488,-0.4632],[-97.7532,24.3731,0.4244],[-97.7501,24.414,1.9182],[-97.7509,24.418,1.9405],[-97.7495,24.4224,1.057],[-97.7499,24.4248,0.0],[-97.7539,24.426,0.0],[-97.7547,24.4286,0.0],[-97.7485,24.4355,0.3305],[-97.7506,24.4371,0.0],[-97.7505,24.439,0.978],[-97.7444,24.4436,0.0],[-97.7478,24.4523,0.0],[-97.7492,24.4504,2.5049],[-97.7692,24.4417,0.0],[-97.7691,24.4397,0.3911],[-97.7721,24.4369,1.834],[-97.7745,24.4249,4.2141],[-97.7901,24.4154,1.8165],[-97.7918,24.4136,0.0],[-97.7917,24.4098,0.2041],[-97.7949,24.414,0.0],[-97.8151,24.4042,0.0],[-97.796,24.4107,0.6886],[-97.794,24.4103,0.0],[-97.7926,24.4062,0.0],[-97.7883,24.4158,0.2687],[-97.7877,24.4119,0.0],[-97.7855,24.4115,0.0],[-97.7867,24.4146,0.0],[-97.7824,24.4173,1.0495],[-97.783,24.4102,0.0],[-97.7806,24.4166,0.0],[-97.7816,24.4195,0.2785],[-97.7786,24.4181,2.4157],[-97.7804,24.4094,2.4464],[-97.7856,24.4043,0.0],[-97.784,24.4006,0.8721],[-97.7912,24.3956,0.0],[-97.7909,24.391,0.7709],[-97.7888,24.3954,0.0],[-97.7862,24.3961,0.7698],[-97.7854,24.3938,0.0],[-97.7888,24.3895,1.1249],[-97.7876,24.3817,0.0],[-97.7858,24.3808,0.8406],[-97.788,24.3758,0.0],[-97.7934,24.371,0.0],[-97.7938,24.3677,0.0],[-97.7892,24.3574,0.385],[-97.7922,24.340699999999998,0.0],[-97.7903,24.3363,2.3526],[-97.7947,24.3254,0.0],[-97.7926,24.3238,0.3366],[-97.7944,24.3184,0.0],[-97.7957,24.3176,2.6354],[-97.7973,24.3222,0.0],[-97.7981,24.329,0.2434],[-97.7968,24.3307,0.0],[-97.7963,24.3403,0.0],[-97.8043,24.3381,0.0],[-97.809,24.3239,0.9747],[-97.8106,24.3236,1.2059],[-97.81,24.3264,2.2631],[-97.8134,24.3272,0.0],[-97.8149,24.3243,0.9356],[-97.8185,24.3234,1.3665],[-97.8165,24.3284,0.1822],[-97.8181,24.3291,0.5644],[-97.8217,24.3288,0.2674],[-97.8237,24.3253,2.3982],[-97.8245,24.3283,1.3476],[-97.8229,24.3302,2.1118],[-97.8084,24.3285,0.5136],[-97.808,24.3396,0.0],[-97.8132,24.3391,0.0],[-97.8139,24.3403,1.7347],[-97.8037,24.3441,0.2888],[-97.804,24.3474,1.8914],[-97.8099,24.3525,0.0],[-97.8162,24.3485,0.35],[-97.8154,24.3546,0.0],[-97.8187,24.3544,1.0008],[-97.8193,24.3567,1.0944],[-97.8229,24.3582,0.9011],[-97.8189,24.3578,0.3553],[-97.8184,24.3599,1.8211],[-97.817,24.3616,0.0],[-97.8166,24.3685,0.0],[-97.8101,24.3687,0.0],[-97.8088,24.3703,0.0],[-97.8098,24.3713,2.6216],[-97.8052,24.3746,0.0],[-97.812,24.3844,0.0],[-97.8106,24.3798,0.0],[-97.8169,24.3823,0.0],[-97.8209,24.3803,0.3759],[-97.8204,24.3854,2.405],[-97.8144,24.3853,0.0],[-97.8165,24.3887,0.641],[-97.8245,24.3922,0.0],[-97.8246,24.3895,0.3953],[-97.8294,24.3855,1.5525],[-97.8312,24.3879,0.2691],[-97.8317,24.3898,0.0],[-97.8266,24.3919,0.0],[-97.8267,24.3933,2.1745],[-97.8298,24.3944,0.1521],[-97.8284,24.3969,1.7459],[-97.8301,24.3981,0.0],[-97.8354,24.3993,0.0],[-97.8289,24.403199999999998,0.0],[-97.8259,24.4082,0.0],[-97.8393,24.4128,0.8909],[-97.8336,24.4154,0.0],[-97.8307,24.4129,0.0],[-97.8294,24.4156,0.3235],[-97.835,24.4188,0.0],[-97.836,24.4228,0.0],[-97.842,24.4309,0.0],[-97.842,24.435,0.0],[-97.849,24.4401,1.9256],[-97.8529,24.4458,1.988],[-97.8572,24.465,4.1413],[-97.8546,24.4731,0.7107],[-97.8445,24.4878,0.0],[-97.8355,24.4974,0.4149],[-97.8138,24.5137,0.0],[-97.8131,24.5157,0.0],[-97.8106,24.5156,0.0],[-97.8096,24.517,0.0],[-97.8119,24.5174,0.0],[-97.8107,24.5255,0.0],[-97.8125,24.5259,0.0],[-97.8158,24.515,0.1394],[-97.8222,24.5128,0.0],[-97.8252,24.5095,0.7761],[-97.8264,24.5118,0.0],[-97.8326,24.5055,0.0],[-97.8386,24.5029,0.0],[-97.8363,24.5001,3.3096],[-97.8416,24.4957,0.8688],[-97.8445,24.4961,0.0],[-97.8438,24.4989,0.0],[-97.8456,24.5003,1.0418],[-97.8453,24.5034,3.4228],[-97.8481,24.5049,0.1445],[-97.8483,24.5077,0.0],[-97.8573,24.5108,0.7066],[-97.8571,24.5129,0.7008],[-97.8618,24.5124,0.0],[-97.8644,24.5087,1.9814],[-97.868,24.5096,0.4169],[-97.8741,24.5078,0.4724],[-97.8752,24.5038,2.5399],[-97.8763,24.5064,1.3614],[-97.8752,24.5087,0.4724],[-97.8694,24.511,1.8707],[-97.8656,24.5094,0.6356],[-97.8645,24.5128,1.2318],[-97.8581,24.516,0.0],[-97.8584,24.5184,0.0],[-97.8615,24.5189,1.2064],[-97.861,24.5237,0.0],[-97.8678,24.5224,0.3038],[-97.8671,24.5262,0.0],[-97.8632,24.5286,0.0],[-97.8649,24.5311,0.6996],[-97.8627,24.5302,0.9266],[-97.8585,24.5233,0.0],[-97.8551,24.5249,0.0],[-97.8528,24.522,0.0],[-97.8496,24.5231,1.0478],[-97.8522,24.5255,1.1792],[-97.8511,24.5266,1.1792],[-97.8532,24.5329,0.0],[-97.8547,24.5332,0.0],[-97.8544,24.5294,0.0],[-97.8564,24.5284,0.0],[-97.8557,24.5308,0.3236],[-97.8598,24.53,0.0],[-97.8566,24.5325,0.4981],[-97.8569,24.5349,0.3196],[-97.8532,24.5369,3.0857],[-97.8556,24.5391,3.9738],[-97.8554,24.5442,4.3346],[-97.8593,24.5519,0.9213],[-97.8622,24.5475,0.7326],[-97.8638,24.549,1.5942],[-97.8602,24.5538,0.0],[-97.8672,24.571,0.0],[-97.8658,24.5709,0.0],[-97.8636,24.5657,0.0],[-97.8617,24.5653,0.0],[-97.8613,24.5594,4.2498],[-97.8582,24.5551,0.0],[-97.8547,24.5609,1.856],[-97.8517,24.5631,0.1752],[-97.8508,24.5618,1.4174],[-97.8549,24.5572,0.0],[-97.8508,24.5544,1.0697],[-97.8512,24.5515,0.0],[-97.8446,24.5401,3.0784],[-97.8453,24.5375,0.0],[-97.8431,24.5342,0.0],[-97.8446,24.5332,1.0636],[-97.8496,24.537,0.0],[-97.8472,24.5331,0.0],[-97.8418,24.531,0.0],[-97.8332,24.542,0.0],[-97.8351,24.5453,0.0],[-97.836,24.5421,0.0],[-97.8384,24.5425,0.0],[-97.84,24.5407,0.0],[-97.8425,24.5483,0.0],[-97.8385,24.5613,0.8962],[-97.8369,24.562,0.0],[-97.8334,24.5602,0.0],[-97.8323,24.5609,0.0],[-97.8331,24.5643,0.0],[-97.8351,24.5654,0.0],[-97.8403,24.5634,0.0],[-97.8414,24.5577,0.0],[-97.8435,24.5626,0.0],[-97.8462,24.5628,0.5471],[-97.8492,24.5683,2.8484],[-97.8414,24.5748,0.0],[-97.841,24.5792,0.0],[-97.8439,24.58,2.0796],[-97.8446,24.584,0.0],[-97.8469,24.5861,3.1373],[-97.8524,24.5888,0.0],[-97.8516,24.5949,5.59],[-97.8464,24.5943,4.5963],[-97.8436,24.5955,1.9534],[-97.8436,24.5998,5.0984],[-97.8415,24.5968,0.0],[-97.84,24.5971,4.07],[-97.8343,24.6002,0.9173],[-97.8333,24.6043,0.5672],[-97.8355,24.6098,1.7286],[-97.8418,24.6097,3.8618],[-97.8492,24.6136,6.0099],[-97.8579,24.6232,1.4669],[-97.8534,24.6214,1.4263],[-97.8441,24.6131,3.5604],[-97.8394,24.6109,1.16],[-97.8351,24.6112,4.6054],[-97.8301,24.605,0.0],[-97.8278,24.6043,0.7008],[-97.8255,24.6069,1.7558],[-97.8236,24.6049,2.3474],[-97.8257,24.6033,2.3894],[-97.8254,24.6016,2.3762],[-97.8312,24.6026,0.5599],[-97.8337,24.5988,0.9173],[-97.844,24.5928,1.4746],[-97.8437,24.5856,4.0214],[-97.8383,24.5784,0.0],[-97.8353,24.5779,0.0],[-97.8346,24.5805,0.0],[-97.8328,24.5807,0.0],[-97.8251,24.5794,0.6753],[-97.8324,24.5777,0.0],[-97.8363,24.5737,3.7772],[-97.8355,24.5687,0.0],[-97.8301,24.5653,0.0],[-97.8279,24.5616,0.0],[-97.8293,24.5574,0.0],[-97.828,24.5555,0.0],[-97.8347,24.5524,0.0],[-97.8346,24.5502,0.0],[-97.8298,24.5464,0.0],[-97.8208,24.549,0.0],[-97.8132,24.5487,0.0],[-97.7784,24.5594,1.9645],[-97.7689,24.5593,0.1916],[-97.7721,24.5533,0.9051],[-97.7688,24.5516,0.7534],[-97.7709,24.5514,0.0],[-97.7734,24.5431,0.0],[-97.7697,24.5434,0.0],[-97.7692,24.5418,0.4507],[-97.7711,24.5398,2.0111],[-97.7733,24.5415,0.7189],[-97.7738,24.5384,0.7467],[-97.7714,24.525,2.3262],[-97.7733,24.5131,0.1637],[-97.7717,24.5121,1.103],[-97.775,24.51,0.0],[-97.7732,24.4989,0.0],[-97.7722,24.5005,0.0],[-97.773,24.5068,0.9595],[-97.7719,24.5074,1.2187],[-97.7693,24.5028,0.0],[-97.7651,24.5016,0.0],[-97.7612,24.4977,0.6015],[-97.7609,24.4951,0.0],[-97.7644,24.4898,3.7372],[-97.7689,24.49,0.0],[-97.7668,24.4884,0.0],[-97.758,24.4878,0.8198],[-97.7457,24.49,1.1877],[-97.7435,24.4891,1.7061],[-97.7424,24.4861,0.0],[-97.7422,24.5013,3.3269],[-97.7376,24.5172,0.0],[-97.7317,24.5524,1.7296],[-97.7257,24.5666,0.058],[-97.7169,24.5763,0.0],[-97.7216,24.5758,0.0],[-97.7265,24.5672,0.0],[-97.7284,24.5668,0.0874],[-97.7284,24.5611,0.0],[-97.7324,24.5543,0.8086],[-97.7314,24.5571,0.1824],[-97.7326,24.5583,0.7511],[-97.7303,24.5612,1.4694],[-97.7213,24.595,0.0],[-97.7248,24.5893,0.1388],[-97.7271,24.5788,0.0],[-97.7246,24.5941,0.5229],[-97.7356,24.5951,1.0468],[-97.7389,24.5918,1.5266],[-97.7418,24.5926,1.4289],[-97.7357,24.5961,2.1173],[-97.7314,24.5968,0.7278],[-97.7256,24.5952,1.3882],[-97.7228,24.5978,0.8007],[-97.721,24.609,0.0],[-97.7152,24.6268,2.4708],[-97.7167,24.6284,0.7206],[-97.7125,24.6316,0.0],[-97.7108,24.6371,0.0],[-97.7079,24.659,0.6165],[-97.7144,24.6625,0.0],[-97.7147,24.6592,0.4062],[-97.7123,24.6572,1.1737],[-97.7163,24.6542,0.3715],[-97.7156,24.6605,2.0319],[-97.7258,24.6737,1.8019],[-97.7356,24.663,0.0],[-97.7357,24.6582,0.3396],[-97.7377,24.6544,0.5713],[-97.7453,24.6505,1.3534],[-97.7412,24.6536,0.521],[-97.7373,24.6598,0.4388],[-97.7327,24.6716,1.2714],[-97.7287,24.6745,1.3493],[-97.7218,24.6741,2.3345],[-97.7155,24.6769,0.8267],[-97.7156,24.6788,0.0],[-97.7196,24.6777,1.8788],[-97.7204,24.6813,0.2136],[-97.718,24.6796,0.3606],[-97.709,24.686,0.9779],[-97.7104,24.6878,0.0],[-97.7122,24.6875,0.2815],[-97.7126,24.6857,1.5419],[-97.7189,24.6825,1.0041],[-97.725,24.6846,1.3894],[-97.7264,24.6812,0.5817],[-97.7326,24.681,0.0],[-97.7357,24.6785,0.0],[-97.7333,24.6772,1.4123],[-97.7335,24.6744,1.4606],[-97.7418,24.6779,0.9453],[-97.7452,24.6757,0.3677],[-97.7495,24.6767,2.868],[-97.7489,24.6795,4.2685],[-97.7514,24.6846,0.833],[-97.7565,24.6865,0.0],[-97.757,24.6817,0.0],[-97.7614,24.6784,0.2456],[-97.7625,24.675,0.0],[-97.7599,24.673,1.8128],[-97.7545,24.6735,0.0],[-97.7542,24.6671,0.0],[-97.7573,24.6653,0.1322],[-97.7607,24.6676,0.9678],[-97.7595,24.67,0.7051],[-97.7642,24.6713,0.2988],[-97.7666,24.6704,0.0],[-97.7648,24.6771,4.2603],[-97.7584,24.6846,4.2597],[-97.759,24.6875,0.0],[-97.7618,24.6878,0.6598],[-97.759,24.6887,0.0],[-97.7497,24.6855,1.1952],[-97.7475,24.6824,3.557],[-97.7472,24.678,1.1704],[-97.7428,24.6793,2.2143],[-97.7388,24.6782,0.0],[-97.736,24.6801,0.0],[-97.7268,24.6933,0.0],[-97.7195,24.6984,0.0],[-97.7203,24.7054,0.7661],[-97.722,24.6992,0.0],[-97.7292,24.6965,0.8264],[-97.7261,24.7086,1.9158],[-97.7242,24.7104,0.5201],[-97.7229,24.7171,2.9417],[-97.7187,24.7253,0.0],[-97.7203,24.7336,0.4642],[-97.7232,24.7329,0.5207],[-97.7219,24.7311,0.0],[-97.7256,24.7296,0.8952],[-97.724,24.7335,0.6416],[-97.7193,24.7353,0.1571],[-97.7207,24.7374,0.0],[-97.7191,24.7511,0.0],[-97.7201,24.7519,0.9587],[-97.723,24.7499,0.6442],[-97.7244,24.751,0.0],[-97.7269,24.7495,0.2646],[-97.7277,24.7505,1.3606],[-97.7265,24.7525,1.5959],[-97.7205,24.7537,0.0],[-97.7177,24.7561,0.0],[-97.7139,24.7525,0.7475],[-97.7081,24.7501,0.0],[-97.7082,24.7546,0.0],[-97.7113,24.7597,0.0],[-97.7134,24.7586,0.1726],[-97.716,24.7609,0.0],[-97.7182,24.7607,0.0],[-97.7193,24.7638,0.0],[-97.7248,24.7619,0.0],[-97.7214,24.7613,1.7067],[-97.7203,24.7595,1.102],[-97.7246,24.7583,0.5584],[-97.7274,24.7605,0.0],[-97.729,24.7592,0.244],[-97.7313,24.7619,0.2105],[-97.7264,24.7635,0.0],[-97.7204,24.7681,0.1567],[-97.7162,24.7686,0.0],[-97.7143,24.7718,0.2275],[-97.7079,24.7708,0.0],[-97.7082,24.7726,0.0],[-97.7142,24.773,0.5123],[-97.7185,24.7702,3.5853],[-97.7214,24.7729,0.891],[-97.7161,24.7743,0.695],[-97.7161,24.7789,0.0],[-97.7212,24.7757,0.0],[-97.7267,24.7768,0.1101],[-97.7205,24.7802,0.0],[-97.7162,24.7862,0.998],[-97.7166,24.7875,0.0],[-97.7197,24.7877,0.22],[-97.7207,24.7859,3.7105],[-97.7229,24.7887,1.3585],[-97.7297,24.7897,0.1132],[-97.7424,24.7803,0.7299],[-97.7422,24.7777,0.7241],[-97.7411,24.7779,0.6017],[-97.7424,24.7746,0.0],[-97.7454,24.773,0.6414],[-97.7468,24.769,0.0],[-97.7494,24.77,0.0],[-97.743,24.7839,0.7821],[-97.7401,24.7843,0.9228],[-97.7406,24.7858,0.8888],[-97.738,24.7884,0.0],[-97.7263,24.7921,1.3425],[-97.7183,24.7979,0.0],[-97.7162,24.8024,0.6508],[-97.7088,24.8088,0.0],[-97.7088,24.8113,0.0],[-97.7097,24.8125,0.0],[-97.7112,24.8109,0.0],[-97.7159,24.8118,0.913],[-97.7177,24.8102,0.0],[-97.7189,24.8132,0.0],[-97.722,24.8149,0.8066],[-97.7184,24.818,0.0],[-97.7214,24.8208,0.0],[-97.7263,24.8157,0.0],[-97.7302,24.8143,0.2642],[-97.7302,24.8125,0.0],[-97.7387,24.8114,0.4843],[-97.7396,24.8128,0.0],[-97.7296,24.8192,2.5026],[-97.7291,24.8239,0.0],[-97.7325,24.8217,0.7755],[-97.734,24.8222,0.6729],[-97.7334,24.8264,0.0],[-97.7379,24.8237,0.7911],[-97.7468,24.8286,0.5535],[-97.7449,24.83,0.1958],[-97.7409,24.8273,1.3478],[-97.7408,24.8313,0.7503],[-97.7394,24.832,0.0],[-97.7425,24.8346,0.6354],[-97.7473,24.8351,0.6379],[-97.7497,24.8322,0.0904],[-97.7521,24.8324,1.5777],[-97.7481,24.8376,2.4731],[-97.745,24.8368,0.0],[-97.7426,24.8405,2.5885],[-97.744,24.8437,1.2919],[-97.7411,24.8445,2.4343],[-97.7373,24.8408,4.1246],[-97.7413,24.8418,0.4362],[-97.7407,24.838,0.0],[-97.7363,24.8362,0.8895],[-97.7356,24.8402,2.3174],[-97.7316,24.8445,0.9925],[-97.7323,24.8458,1.8822],[-97.7351,24.849,0.0],[-97.7377,24.8495,0.1373],[-97.7386,24.8477,2.1267],[-97.7359,24.8455,1.5965],[-97.7374,24.8445,0.9816],[-97.7394,24.8462,0.0],[-97.7452,24.8469,3.4268],[-97.7454,24.8505,0.0],[-97.7429,24.8536,0.0],[-97.737799999999993,24.8548,0.0],[-97.7332,24.8536,0.0],[-97.732,24.8551,1.1168],[-97.7332,24.8575,0.3226],[-97.7347,24.8571,-0.1494],[-97.7387,24.8607,-0.5],[-97.74,24.8593,0.5091],[-97.7486,24.8611,0.9839],[-97.7437,24.8637,-0.3246],[-97.7396,24.8634,0.1217],[-97.7388,24.8663,1.2805],[-97.7355,24.8648,0.3838],[-97.7304,24.8687,0.443],[-97.7284,24.868,0.0],[-97.7221,24.8708,3.1521],[-97.7231,24.8798,0.4727],[-97.7257,24.8767,1.3331],[-97.7254,24.88,3.0303],[-97.7274,24.8821,0.1011],[-97.7317,24.8834,1.193],[-97.7322,24.886,0.188],[-97.7345,24.8859,0.2323],[-97.7342,24.8882,0.9902],[-97.7235,24.8907,4.2325],[-97.7249,24.8939,1.4714],[-97.7237,24.8991,1.8271],[-97.7277,24.9025,0.1422],[-97.7335,24.9034,2.6266],[-97.7337,24.9055,4.8162],[-97.7207,24.9015,0.5405],[-97.72,24.898,0.2394],[-97.7178,24.8975,0.2331],[-97.7169,24.8999,0.0],[-97.719,24.9025,0.7108],[-97.7164,24.9035,0.585],[-97.7157,24.9022,0.585],[-97.7151,24.8977,0.0],[-97.7186,24.8924,0.2884],[-97.712,24.8829,0.1137],[-97.7116,24.8779,0.6854],[-97.7133,24.8779,0.0],[-97.7132,24.8758,0.0],[-97.7104,24.8741,1.6737],[-97.7098,24.8636,1.7603],[-97.7111,24.8575,0.0],[-97.7092,24.8566,0.0],[-97.707,24.8586,1.2461],[-97.7062,24.8629,1.1075],[-97.6936,24.8679,0.0],[-97.6946,24.8713,1.5384],[-97.6916,24.8713,0.0],[-97.6879,24.8756,0.355],[-97.6921,24.8791,0.1955],[-97.6829,24.8771,0.0],[-97.682,24.8746,0.0],[-97.6875,24.874,0.0],[-97.6867,24.8688,0.0625],[-97.6884,24.8694,0.0],[-97.6942,24.8645,0.0],[-97.6928,24.8641,0.0],[-97.6867,24.8669,0.0],[-97.679,24.8678,1.0288],[-97.6668,24.8749,0.0],[-97.6639,24.8793,0.9806],[-97.6644,24.8819,0.0644],[-97.666,24.8817,0.0],[-97.6704,24.8748,0.264],[-97.6748,24.8725,0.0],[-97.6803,24.8743,0.0],[-97.6766,24.8775,0.0],[-97.6736,24.8854,0.0],[-97.6774,24.8905,0.0],[-97.6771,24.8931,0.0],[-97.6559,24.8977,0.0],[-97.6557,24.899,0.0],[-97.6617,24.9037,0.1537],[-97.6676,24.9039,0.0],[-97.6698,24.9096,0.3225],[-97.6669,24.914,0.1792],[-97.6654,24.9118,0.2221],[-97.662,24.9108,0.0],[-97.6623,24.9087,0.0634],[-97.6586,24.905,0.0268],[-97.6557,24.9068,0.1097],[-97.6588,24.9105,0.2094],[-97.6546,24.9103,0.0447],[-97.6482,24.9016,0.0],[-97.6457,24.9039,0.0],[-97.6432,24.9122,0.0],[-97.6394,24.9134,0.0],[-97.6326,24.9198,0.0264],[-97.6249,24.9217,0.0],[-97.6196,24.9288,0.0],[-97.623,24.935,0.0],[-97.6268,24.9381,0.0],[-97.6338,24.9372,0.0],[-97.6414,24.945,0.0],[-97.642,24.9475,0.0],[-97.6453,24.9496,0.0],[-97.6472,24.9457,0.0],[-97.6547,24.9452,0.0],[-97.6599,24.9512,0.0],[-97.6613,24.9554,0.0],[-97.6652,24.9581,0.0],[-97.6676,24.958,0.5811],[-97.6696,24.9523,0.0],[-97.673,24.9532,0.0],[-97.6812,24.965,0.0],[-97.6803,24.9704,0.0],[-97.6817,24.9754,0.0],[-97.6992,24.9845,0.0],[-97.7034,24.9889,0.0],[-97.7024,24.9931,0.0],[-97.7042,24.9977,0.0],[-97.7005,24.9964,0.0],[-97.699,24.9932,0.0],[-97.6968,24.9947,0.0],[-97.703,25.0024,0.0],[-97.7105,25.0025,0.0],[-97.7138,25.0043,0.0],[-97.7278,25.0004,0.0],[-97.7336,24.9957,0.0],[-97.7394,24.9972,0.0],[-97.7435,24.9925,0.0],[-97.7397,25.0004,0.0],[-97.7151,25.0127,1.685],[-97.716,25.0165,0.8947],[-97.7135,25.0203,0.0],[-97.7177,25.0181,0.0],[-97.7254,25.0195,0.4229],[-97.7259,25.0209,2.0632],[-97.7214,25.0269,1.4734],[-97.7198,25.0328,0.0],[-97.7208,25.0351,0.0],[-97.7231,25.0367,0.131],[-97.7271,25.0337,0.0],[-97.7351,25.032,0.0],[-97.7395,25.0334,0.0284],[-97.7402,25.0355,0.0482],[-97.7439,25.0347,0.3922],[-97.7452,25.0359,0.6509],[-97.74,25.0374,2.7697],[-97.74,25.0395,2.1036],[-97.7381,25.0364,0.0],[-97.7305,25.0357,0.4221],[-97.7207,25.0396,0.0],[-97.7224,25.0429,0.8408],[-97.7268,25.0443,0.0],[-97.7226,25.056,3.4504],[-97.7109,25.0657,0.0],[-97.7045,25.074,0.0],[-97.7035,25.0807,0.0],[-97.6996,25.0891,0.0],[-97.7018,25.1024,0.0],[-97.705,25.108,2.1781],[-97.7067,25.1175,0.0],[-97.7023,25.1377,0.5651],[-97.692,25.1468,0.0],[-97.691,25.15,0.0],[-97.6921,25.1502,0.0],[-97.6891,25.1529,0.0715],[-97.6921,25.1547,0.0],[-97.6959,25.1517,0.0],[-97.6956,25.1502,0.608],[-97.7077,25.1452,0.0],[-97.7085,25.1461,0.0],[-97.7049,25.1476,2.2144],[-97.7049,25.1494,0.0],[-97.7108,25.1499,0.4797],[-97.7143,25.1482,0.0],[-97.714,25.1445,0.2802],[-97.7193,25.1386,0.0],[-97.7259,25.1431,0.8959],[-97.7254,25.1477,0.0],[-97.7271,25.1487,0.0],[-97.73,25.1402,0.0],[-97.7293,25.137,2.4167],[-97.7334,25.135,1.3179],[-97.7507,25.1366,1.7086],[-97.7515,25.1389,0.0],[-97.7541,25.1399,1.8797],[-97.7531,25.1423,0.0],[-97.7549,25.1434,1.2748],[-97.7567,25.1404,1.1072],[-97.7625,25.1384,0.0],[-97.761,25.1347,0.0],[-97.7555,25.1346,0.639],[-97.7544,25.133,0.0],[-97.7636,25.1333,0.761],[-97.7648,25.1297,1.7574],[-97.7635,25.1287,0.0],[-97.7596,25.1324,0.6741],[-97.7563,25.1299,0.0],[-97.7631,25.1249,0.0],[-97.7658,25.1271,1.1109],[-97.7665,25.1309,0.0171],[-97.7694,25.1318,0.7256],[-97.7677,25.1344,1.2893],[-97.769,25.1367,1.227],[-97.772,25.1323,0.0],[-97.7761,25.134,0.0],[-97.7813,25.1329,0.0],[-97.7813,25.1316,0.3451],[-97.7848,25.1339,1.9321],[-97.7779,25.144,2.775],[-97.7744,25.1445,5.1653],[-97.7668,25.1392,0.4997],[-97.7643,25.1415,0.0],[-97.7653,25.1453,0.0],[-97.7642,25.1467,0.0],[-97.7612,25.1475,1.172],[-97.7546,25.1537,0.0],[-97.7506,25.1528,0.7671],[-97.7498,25.1569,0.1805],[-97.7455,25.1545,1.1626],[-97.7408,25.1563,2.6117],[-97.7398,25.1643,3.8884],[-97.7422,25.1688,0.0],[-97.7441,25.1704,2.233],[-97.7466,25.1694,0.0],[-97.7482,25.1724,2.0949],[-97.7447,25.1717,0.0],[-97.7412,25.1757,0.0],[-97.746,25.1774,0.0],[-97.7511,25.1767,0.8658],[-97.7475,25.179,0.0],[-97.7461,25.183,0.0],[-97.7478,25.1841,0.0],[-97.7497,25.1816,0.0],[-97.7523,25.1828,0.3393],[-97.7509,25.1865,2.9629],[-97.7466,25.1905,1.8938],[-97.7361,25.1917,0.0],[-97.7369,25.1945,0.0],[-97.7422,25.1991,0.0],[-97.741,25.196,0.5007],[-97.7465,25.1954,2.7309],[-97.7467,25.1991,0.0],[-97.7516,25.1995,0.3106],[-97.7501,25.202,0.7348],[-97.7468,25.2008,0.489],[-97.7437,25.2037,0.0],[-97.7436,25.208,0.0],[-97.7409,25.2109,2.2633],[-97.7364,25.2091,1.546],[-97.7332,25.2102,0.327],[-97.7335,25.2063,0.6116],[-97.7369,25.2081,0.0],[-97.7327,25.2035,1.1528],[-97.7361,25.1998,0.9444],[-97.74,25.1987,0.0],[-97.7368,25.1961,2.1775],[-97.7333,25.1984,0.0],[-97.7327,25.1967,0.8603],[-97.7351,25.1947,0.0],[-97.7304,25.1907,0.0],[-97.7333,25.1876,0.6465],[-97.732,25.1837,0.0],[-97.7284,25.1834,0.0],[-97.7209,25.1861,2.3656],[-97.7228,25.1829,0.0],[-97.7259,25.1826,0.0],[-97.7279,25.1772,0.0],[-97.7294,25.1768,1.1406],[-97.7282,25.1751,0.7893],[-97.7283,25.1669,2.4754],[-97.7361,25.164,0.0],[-97.7345,25.1607,1.0721],[-97.7274,25.158,0.0],[-97.7176,25.1566,0.0],[-97.7039,25.1582,2.7201],[-97.6999,25.1562,0.3245],[-97.6903,25.1569,0.0],[-97.6882,25.1539,0.081],[-97.6748,25.162,0.0],[-97.6773,25.1653,0.1222],[-97.6707,25.1693,1.8199],[-97.6715,25.1757,0.0],[-97.6897,25.1836,1.613],[-97.7045,25.195,0.0],[-97.7059,25.1984,0.2949],[-97.7054,25.2065,1.1832],[-97.6982,25.2225,0.0],[-97.6999,25.2301,0.0],[-97.7028,25.2317,0.2099],[-97.7043,25.2358,0.0],[-97.7045,25.2403,0.0],[-97.7114,25.2433,0.1112],[-97.7231,25.2405,0.0],[-97.7284,25.2302,1.4177],[-97.7336,25.2311,0.9915],[-97.7367,25.2438,0.0],[-97.7474,25.2468,0.0],[-97.7545,25.2577,0.0],[-97.7631,25.2661,0.0],[-97.7648,25.2659,0.041],[-97.7643,25.2628,0.7468],[-97.7671,25.2612,0.1754],[-97.7718,25.263,0.092],[-97.7735,25.2594,0.1301],[-97.7792,25.2636,0.0],[-97.7842,25.2636,0.9069],[-97.7862,25.2591,0.1044],[-97.7897,25.2599,1.1148],[-97.7906,25.2587,2.7561],[-97.7904,25.2564,2.8275],[-97.7848,25.2569,0.5163],[-97.7836,25.2554,1.3015],[-97.7863,25.2546,0.699],[-97.7859,25.2519,0.6388],[-97.7884,25.2502,1.421],[-97.7918,25.2548,0.0],[-97.7955,25.254,1.2172],[-97.7966,25.2558,1.2615],[-97.7926,25.2616,0.337],[-97.79,25.2618,0.0],[-97.7817,25.2683,0.0806],[-97.7732,25.2694,0.0],[-97.7689,25.2788,0.1353],[-97.7629,25.2801,0.0],[-97.7449,25.2682,0.0],[-97.739,25.2659,2.1192],[-97.7337,25.2681,0.2197],[-97.7298,25.2665,0.0],[-97.7306,25.262,1.1637],[-97.7321,25.2609,0.0812],[-97.7353,25.2636,0.0],[-97.7353,25.2618,0.1931],[-97.7294,25.2537,0.0],[-97.7242,25.2538,1.8462],[-97.7192,25.2574,0.0],[-97.7172,25.261,0.0],[-97.7171,25.2675,0.0],[-97.7197,25.2813,0.0],[-97.703,25.3069,0.0],[-97.6919,25.3317,0.0],[-97.6905,25.3411,0.0],[-97.6932,25.3429,0.0],[-97.6915,25.3384,0.4295],[-97.6933,25.3328,0.0727],[-97.6986,25.3301,0.1028],[-97.7044,25.3187,1.2646],[-97.705,25.3087,1.3331],[-97.7161,25.3167,1.6968],[-97.7128,25.3201,0.0],[-97.7126,25.323,0.0],[-97.7217,25.3306,0.0613],[-97.7256,25.3313,1.1585],[-97.7246,25.3376,1.1982],[-97.7345,25.335,1.4517],[-97.7353,25.3334,2.3027],[-97.7363,25.3345,2.0101],[-97.7345,25.337,2.0133],[-97.728,25.3401,0.9863],[-97.7217,25.3385,0.1309],[-97.7204,25.3424,0.1158],[-97.7162,25.3462,1.0335],[-97.7144,25.3461,0.0],[-97.7127,25.3512,0.3181],[-97.7157,25.3567,0.3555],[-97.7191,25.3564,0.4728],[-97.7216,25.3586,0.5071],[-97.7237,25.3575,1.0175],[-97.7233,25.3605,0.7362],[-97.7192,25.3611,0.5577],[-97.7186,25.3586,0.1886],[-97.7154,25.3574,0.9471],[-97.7111,25.3587,0.46],[-97.7095,25.3605,0.4426],[-97.7105,25.3637,0.291],[-97.7038,25.3675,0.4072],[-97.7003,25.3655,0.2288],[-97.701,25.3691,0.4484],[-97.6976,25.372,0.0],[-97.6978,25.3751,0.3688],[-97.6933,25.3744,0.0],[-97.694,25.3812,0.5136],[-97.6925,25.3784,0.2777],[-97.6852,25.3759,0.3771],[-97.6855,25.374,0.3896],[-97.6841,25.3738,0.3382],[-97.673,25.3822,1.4011],[-97.6716,25.3806,1.9548],[-97.6746,25.3795,0.5881],[-97.6748,25.3781,0.9375],[-97.6703,25.3754,0.3226],[-97.6707,25.3725,0.2428],[-97.6617,25.3656,1.6587],[-97.6568,25.366,3.6884],[-97.6559,25.3649,0.0],[-97.6487,25.3687,0.0],[-97.6479,25.3766,0.0],[-97.6495,25.3809,0.4939],[-97.6458,25.3843,0.5951],[-97.6435,25.383,0.7506],[-97.6468,25.3786,0.7899],[-97.6432,25.3754,0.3467],[-97.6409,25.3775,2.0891],[-97.6413,25.3747,1.8784],[-97.6455,25.3744,0.3504],[-97.6449,25.372,1.3159],[-97.6438,25.3703,0.0],[-97.6395,25.3694,1.1748],[-97.6414,25.3659,2.2337],[-97.6437,25.3651,0.0165],[-97.6433,25.3638,0.0165],[-97.6404,25.3629,0.0],[-97.6368,25.3651,1.5784],[-97.6357,25.3619,3.9574],[-97.6395,25.3596,2.2991],[-97.6424,25.3603,0.1629],[-97.6439,25.3628,0.2123],[-97.6464,25.3611,0.4086],[-97.6443,25.3588,1.5035],[-97.6408,25.3593,2.2991],[-97.6392,25.3576,0.0],[-97.6281,25.3624,0.0],[-97.6206,25.3711,0.4359],[-97.618,25.3692,0.394],[-97.6157,25.3714,0.8481],[-97.6156,25.3671,0.9358],[-97.6186,25.3653,0.1469],[-97.6184,25.3627,0.6135],[-97.62,25.363,0.6135],[-97.6204,25.3587,0.9739],[-97.6238,25.3588,0.0],[-97.6226,25.3557,1.0594],[-97.6195,25.3566,0.6406],[-97.6196,25.3538,0.7327],[-97.6245,25.3523,0.0],[-97.6214,25.3509,1.1399],[-97.6206,25.3483,0.6458],[-97.6243,25.3456,0.7709],[-97.623,25.3426,0.5959],[-97.634,25.3399,0.8696],[-97.6322,25.3382,0.9885],[-97.6334,25.3352,6.0544],[-97.6375,25.3338,0.0938],[-97.636,25.332,0.0],[-97.6209,25.329,1.4997],[-97.6173,25.3299,0.3581],[-97.6165,25.3274,0.1349],[-97.6197,25.326,0.5002],[-97.6198,25.3243,0.8001],[-97.6173,25.3212,0.0],[-97.6133,25.3218,2.8288],[-97.6108,25.32,0.0],[-97.6042,25.326,0.5551],[-97.6054,25.3215,1.2935],[-97.6071,25.3213,0.9929],[-97.6079,25.3192,1.5797],[-97.6054,25.3171,2.8428],[-97.5999,25.3173,0.6629],[-97.6049,25.3142,1.4497],[-97.6062,25.3105,0.3885],[-97.6111,25.3097,2.5116],[-97.6105,25.3123,4.5825],[-97.6058,25.3147,1.4497],[-97.6111,25.3164,1.4339],[-97.6111,25.3181,0.629],[-97.6131,25.3191,0.2191],[-97.6153,25.319,0.1578],[-97.6121,25.3144,4.6973],[-97.6131,25.3102,0.3917],[-97.6107,25.3075,1.1378],[-97.6056,25.3086,0.0],[-97.595,25.3153,0.0],[-97.5904,25.3159,1.3023],[-97.5834,25.3202,-0.7052],[-97.5835,25.3178,1.2975],[-97.5867,25.3162,1.9607],[-97.584,25.3131,0.1229],[-97.5887,25.309,0.4217],[-97.5875,25.3079,0.0],[-97.5767,25.3177,0.0],[-97.5776,25.3204,0.5261],[-97.5739,25.322,0.0],[-97.5771,25.3226,1.068],[-97.5774,25.3256,1.619],[-97.573,25.3292,0.7357],[-97.5688,25.3264,-0.7531],[-97.5665,25.3266,1.4014],[-97.5663,25.323,0.8432],[-97.5688,25.3221,0.2511],[-97.5719,25.3252,-1.0],[-97.574,25.3253,0.5242],[-97.5706,25.3197,0.5468],[-97.5728,25.3198,0.4525],[-97.5724,25.3181,0.564],[-97.5744,25.3157,0.5199],[-97.5719,25.3137,0.0],[-97.5666,25.3153,1.1995],[-97.5656,25.3101,0.7873],[-97.571,25.3081,0.0],[-97.5698,25.3028,4.1793],[-97.5743,25.2978,0.033],[-97.5739,25.2962,0.0],[-97.5683,25.3014,0.309],[-97.5651,25.3021,2.1938],[-97.564,25.2987,1.4464],[-97.5679,25.2968,0.6028],[-97.5654,25.296,0.9431],[-97.5657,25.2935,0.7498],[-97.5678,25.2918,0.0],[-97.5628,25.29,0.0],[-97.569,25.2872,-0.1568],[-97.5703,25.2915,0.0],[-97.5699,25.284,0.0575],[-97.5614,25.2797,0.0],[-97.5531,25.2793,0.0],[-97.5491,25.2808,1.3499],[-97.5485,25.2797,0.0],[-97.5325,25.2886,0.1517],[-97.5267,25.3031,0.0],[-97.5269,25.3058,0.0],[-97.5223,25.3127,0.1832],[-97.522,25.3176,-0.0316],[-97.5249,25.3196,-0.0217],[-97.5228,25.3167,0.7722],[-97.5279,25.3074,0.902],[-97.5369,25.3107,0.0],[-97.5385,25.3075,0.0],[-97.5351,25.3053,0.0917],[-97.5368,25.305,-0.0678],[-97.5449,25.3089,0.0],[-97.5495,25.3093,-0.17],[-97.5502,25.3135,0.0],[-97.5479,25.3158,-0.081],[-97.5389,25.3201,0.3925],[-97.5462,25.3241,2.4338],[-97.5416,25.3288,0.0],[-97.5396,25.3374,0.6209],[-97.5414,25.3393,0.0],[-97.5428,25.3384,1.8751],[-97.5427,25.3345,1.8499],[-97.5486,25.3318,1.6607],[-97.551,25.3315,1.5309],[-97.5547,25.3343,1.1744],[-97.5545,25.3362,0.0],[-97.5439,25.3386,1.8751],[-97.5486,25.341,0.0],[-97.5495,25.3391,-0.0116],[-97.5522,25.3389,0.0],[-97.5481,25.3447,0.0],[-97.5485,25.3529,4.3787],[-97.5539,25.3529,2.0889],[-97.5566,25.3567,1.8757],[-97.553,25.3619,0.0],[-97.5511,25.3725,0.0237],[-97.5449,25.3782,-0.2744],[-97.5516,25.381,1.0428],[-97.5516,25.3795,2.0052],[-97.5561,25.3778,-0.0829],[-97.5573,25.3751,0.9519],[-97.5584,25.3776,0.7457],[-97.5571,25.3794,4.6107],[-97.5463,25.3858,4.3871],[-97.5471,25.3814,3.8322],[-97.5459,25.3802,1.1419],[-97.5432,25.3869,0.0772],[-97.5373,25.386,2.4086],[-97.5402,25.3807,0.0887],[-97.5304,25.3798,-0.0213],[-97.528,25.3813,1.2038],[-97.5254,25.3797,1.9486],[-97.5349,25.3745,3.8795],[-97.5346,25.3723,2.5903],[-97.5259,25.3734,-0.0898],[-97.5224,25.3711,0.0473],[-97.512,25.3692,1.2741],[-97.5087,25.3672,2.3013],[-97.5115,25.3666,0.0],[-97.5107,25.3653,0.0],[-97.5061,25.3648,0.4828],[-97.5041,25.3629,0.9854],[-97.5059,25.3604,2.7831],[-97.5106,25.3623,0.0],[-97.5152,25.3607,3.0359],[-97.5167,25.3616,0.0652],[-97.5144,25.3588,3.5335],[-97.5105,25.3602,1.3896],[-97.499,25.3556,0.9022],[-97.4923,25.3571,2.0262],[-97.4913,25.3547,2.3918],[-97.4937,25.354,-0.0438],[-97.4935,25.3526,0.035],[-97.4909,25.3509,0.0973],[-97.4866,25.3519,0.0],[-97.4817,25.3597,0.0],[-97.4833,25.3613,0.4835],[-97.4879,25.3601,2.5852],[-97.4926,25.3642,0.0],[-97.4943,25.3628,0.6774],[-97.4936,25.361,0.2274],[-97.4966,25.3604,2.5209],[-97.4941,25.3687,0.1187],[-97.4942,25.3744,0.7384],[-97.4956,25.3763,0.8221],[-97.5003,25.3681,2.805],[-97.5053,25.3697,2.2786],[-97.5055,25.3711,2.4301],[-97.5003,25.3741,0.0],[-97.5008,25.3784,0.0],[-97.4993,25.3829,0.3677],[-97.5001,25.3848,0.0692],[-97.5077,25.384,1.3829],[-97.5097,25.3855,1.893],[-97.5083,25.3873,2.2077],[-97.5006,25.3872,0.0],[-97.5008,25.3907,0.0],[-97.5039,25.3891,1.0025],[-97.511,25.3894,1.4467],[-97.5119,25.387,0.0],[-97.5106,25.3842,1.0995],[-97.5145,25.3797,3.0463],[-97.5202,25.3782,3.5105],[-97.5196,25.3818,2.7488],[-97.5146,25.3836,0.0],[-97.5131,25.3898,0.3052],[-97.5102,25.3922,0.0],[-97.5112,25.3952,0.0],[-97.5058,25.4007,0.29],[-97.5069,25.4101,0.0],[-97.5092,25.4034,9.3055],[-97.5125,25.4007,0.8731],[-97.5124,25.3958,0.4464],[-97.5144,25.396,0.3771],[-97.5181,25.4024,0.0],[-97.5234,25.4057,0.0],[-97.5295,25.4127,0.0],[-97.5295,25.4152,0.0],[-97.5365,25.4187,0.783],[-97.5396,25.4234,0.5064],[-97.5351,25.4307,0.0],[-97.5361,25.4327,0.2108],[-97.5347,25.4359,0.0],[-97.5375,25.4397,0.0],[-97.5396,25.4401,1.1303],[-97.5395,25.4377,1.7961],[-97.5425,25.4364,2.5078],[-97.5446,25.4357,1.5886],[-97.5465,25.4373,0.0],[-97.5557,25.4338,0.0],[-97.5582,25.4309,1.9816],[-97.5662,25.4306,0.4142],[-97.5748,25.434,0.6411],[-97.5632,25.4434,0.0497],[-97.5639,25.4456,0.1043],[-97.5671,25.4461,0.2442],[-97.5683,25.4436,2.5266],[-97.5712,25.4454,1.0445],[-97.5721,25.4423,2.8521],[-97.5772,25.4432,0.3905],[-97.577,25.4444,-0.0704],[-97.5719,25.448,0.4032],[-97.5686,25.447,0.2442],[-97.5579,25.4523,0.0],[-97.5552,25.4555,0.1041],[-97.5553,25.4584,0.1515],[-97.5563,25.4593,0.2932],[-97.5587,25.4574,0.1826],[-97.5619,25.4595,0.1758],[-97.5581,25.4602,0.2501],[-97.5592,25.4631,0.315],[-97.5513,25.4593,0.1272],[-97.5472,25.46,0.0],[-97.5441,25.4677,0.1716],[-97.5421,25.4672,0.0],[-97.5438,25.4724,0.1675],[-97.5303,25.4764,0.09],[-97.5235,25.4741,1.1769],[-97.5215,25.4683,0.8485],[-97.524,25.4642,0.3506],[-97.5217,25.4609,0.0],[-97.516,25.4594,1.044],[-97.517,25.4574,1.237],[-97.5203,25.4569,0.0825],[-97.5209,25.455,0.0],[-97.5182,25.453,0.0],[-97.5082,25.4538,0.1946],[-97.5068,25.4553,0.3148],[-97.5031,25.4538,1.5874],[-97.511,25.4493,2.3669],[-97.5098,25.4464,0.0],[-97.4955,25.4506,2.7716],[-97.4889,25.448,0.2838],[-97.4871,25.4441,0.0],[-97.4799,25.4447,0.3417],[-97.4742,25.4433,3.5658],[-97.4705,25.4398,0.8169],[-97.4658,25.4406,1.1399],[-97.466,25.4383,0.0],[-97.4695,25.4367,0.2162],[-97.4725,25.4383,6.0449],[-97.4744,25.4376,1.5536],[-97.4732,25.4344,0.1607],[-97.4764,25.4331,0.0837],[-97.4769,25.4252,0.0],[-97.4753,25.4247,0.0],[-97.4719,25.4269,0.0],[-97.473,25.4319,0.1855],[-97.4633,25.439,0.0],[-97.4639,25.4421,0.8489],[-97.4675,25.4449,0.0],[-97.464,25.4516,0.0],[-97.4653,25.4555,0.0],[-97.4703,25.4576,0.9178],[-97.4739,25.4637,0.0],[-97.473,25.4654,0.1217],[-97.4767,25.4764,0.7219],[-97.4815,25.4817,0.9962],[-97.4841,25.4883,0.4563],[-97.4888,25.4907,0.3542],[-97.4907,25.4939,0.5826],[-97.4937,25.5063,0.9342],[-97.4921,25.5097,0.6253],[-97.4986,25.5269,0.0],[-97.5114,25.5335,0.3561],[-97.5179,25.5253,3.1777],[-97.5248,25.5222,0.2616],[-97.5264,25.5302,0.0],[-97.5299,25.534,0.1173],[-97.5348,25.5315,0.2914],[-97.5383,25.5316,0.5064],[-97.5398,25.5335,0.2821],[-97.5376,25.5346,0.027],[-97.5385,25.5376,0.3638],[-97.5253,25.5412,1.5945],[-97.5188,25.5369,0.0439],[-97.5134,25.5377,1.5486],[-97.5112,25.5347,1.7329],[-97.4966,25.5276,1.5615],[-97.4889,25.5089,2.1294],[-97.4919,25.5068,1.6082],[-97.4884,25.4927,1.117],[-97.4829,25.4896,0.756],[-97.4771,25.4787,0.0],[-97.4754,25.4779,3.119],[-97.4691,25.4595,0.7719],[-97.4628,25.4563,1.5306],[-97.4623,25.4514,0.7287],[-97.4654,25.446,1.0331],[-97.4608,25.4411,2.5395],[-97.4625,25.4369,2.1512],[-97.4667,25.4326,0.2459],[-97.4654,25.4277,1.3805],[-97.4582,25.4283,0.3998],[-97.4504,25.433,0.3016],[-97.4546,25.4375,0.0],[-97.4597,25.4363,3.0744],[-97.4603,25.438,0.1311],[-97.4581,25.4407,2.5209],[-97.455,25.4393,0.1347],[-97.4517,25.4408,1.8629],[-97.4469,25.445,0.0],[-97.4463,25.4487,0.0238],[-97.4439,25.4499,0.1646],[-97.4419,25.4468,0.9772],[-97.445,25.444,0.8334],[-97.4434,25.4411,0.3879],[-97.4463,25.4392,1.0882],[-97.4423,25.4361,0.6598],[-97.4496,25.4372,0.0],[-97.446,25.4321,2.0621],[-97.4486,25.4312,1.7147],[-97.4458,25.4274,0.6458],[-97.4424,25.4267,0.1728],[-97.4404,25.429,0.0641],[-97.4373,25.4297,0.2235],[-97.4385,25.4255,0.3286],[-97.4344,25.4224,0.8033],[-97.4361,25.4211,0.1915],[-97.435,25.4187,0.0],[-97.4221,25.4156,0.1808],[-97.4175,25.4178,0.0561],[-97.4136,25.4175,0.0],[-97.4133,25.4206,-0.0278],[-97.4114,25.4224,0.2002],[-97.4075,25.4228,0.2442],[-97.4049,25.4176,1.2928],[-97.3975,25.4111,0.8548],[-97.3966,25.4069,0.0],[-97.393,25.4066,0.4593],[-97.3926,25.402,0.6999],[-97.3987,25.3978,0.2165],[-97.4067,25.3884,0.8715],[-97.4112,25.3863,0.3864],[-97.4084,25.3822,0.8071],[-97.4091,25.38,0.6609],[-97.4247,25.3786,1.8803],[-97.4281,25.3801,0.0379],[-97.448,25.3623,0.1845],[-97.4501,25.3624,0.0],[-97.4496,25.3559,0.0],[-97.4461,25.3561,0.0],[-97.4435,25.3636,-0.1233],[-97.4295,25.3723,-0.5405],[-97.4282,25.3746,-0.5493],[-97.4184,25.3764,0.2442],[-97.4254,25.3681,-0.0502],[-97.425,25.3622,-0.459],[-97.4168,25.3712,-0.1318],[-97.4101,25.374,0.0],[-97.4145,25.3684,0.0859],[-97.4144,25.364,-0.4268],[-97.4191,25.3587,-0.1807],[-97.4193,25.3563,-0.0556],[-97.4162,25.3563,0.2366],[-97.4161,25.3494,0.0],[-97.4184,25.3488,0.0],[-97.4167,25.346,0.0],[-97.4201,25.3435,0.0],[-97.422,25.3385,0.3771],[-97.4206,25.3355,-0.9606],[-97.4222,25.3347,0.8789],[-97.419,25.3251,-0.8454],[-97.4157,25.3226,-1.0839],[-97.4074,25.3203,-0.8684],[-97.4071,25.3237,1.0278],[-97.4094,25.3218,-0.4389],[-97.4105,25.3226,-1.1965],[-97.4092,25.3251,-1.5],[-97.4126,25.3232,-0.5073],[-97.4151,25.3245,-0.6404],[-97.4154,25.3274,-1.5],[-97.4167,25.3249,-0.4906],[-97.4178,25.3256,-1.3766],[-97.4203,25.3325,-1.5],[-97.419,25.3383,-1.0564],[-97.4152,25.3446,-0.2658],[-97.4097,25.3498,-1.3605],[-97.4111,25.3534,-0.4871],[-97.4129,25.3501,0.2157],[-97.4141,25.3508,-1.0012],[-97.4143,25.3548,-1.5],[-97.4105,25.3587,-1.3338],[-97.4014,25.3633,-1.1127],[-97.401,25.3682,-1.0239],[-97.3892,25.367,-1.5],[-97.3873,25.3692,0.1302],[-97.3839,25.365,-0.9469],[-97.3774,25.3676,0.5565],[-97.3776,25.363,-0.2184],[-97.3746,25.3584,1.9932],[-97.3816,25.359,-0.3932],[-97.3885,25.3492,-1.158],[-97.3959,25.3493,-1.0104],[-97.4026,25.346,-0.8564],[-97.4002,25.3412,-1.2099],[-97.3985,25.3411,-1.1961],[-97.3989,25.3386,-0.6222],[-97.405,25.3343,0.6867],[-97.4051,25.3319,-1.3363],[-97.4033,25.3295,-1.0224],[-97.4005,25.3292,-1.5821],[-97.4007,25.3321,-0.6592],[-97.3986,25.3341,-0.6326],[-97.3974,25.3306,-0.0252],[-97.4032,25.3216,0.1025],[-97.4103,25.3177,-0.1428],[-97.4116,25.3113,-1.5],[-97.4089,25.3124,-1.3773],[-97.4064,25.3107,-0.9861],[-97.4136,25.3035,-0.9031],[-97.4173,25.2953,0.9184],[-97.4176,25.2911,1.2239],[-97.4255,25.28,-0.0191],[-97.4295,25.2777,0.0525],[-97.433,25.2659,3.0087],[-97.441,25.2596,-0.0177],[-97.4399,25.2544,0.35],[-97.4447,25.2505,0.0],[-97.4466,25.2465,-0.1419],[-97.4464,25.2432,0.0],[-97.4432,25.2416,0.0],[-97.4251,25.2371,0.2865],[-97.4237,25.2383,0.3058],[-97.4217,25.2463,-0.0628],[-97.414,25.2633,0.0],[-97.3687,25.3476,0.4272],[-97.3275,25.4193,1.5394],[-97.2409,25.5624,0.8743],[-97.2078,25.6234,0.7112],[-97.2034,25.6299,0.9735],[-97.201,25.6299,0.0],[-97.2025,25.631,0.164],[-97.1748,25.704,0.6016],[-97.168,25.7304,0.9017],[-97.1703,25.7352,0.2035],[-97.1709,25.7323,0.6112],[-97.1831,25.7334,0.4144],[-97.1852,25.7313,0.7099],[-97.1854,25.73,-0.0165],[-97.1809,25.7312,0.2886],[-97.1712,25.729,0.4802],[-97.1766,25.7272,0.2837],[-97.173,25.7253,1.7152],[-97.179,25.7153,0.3008],[-97.1756,25.7132,1.8588],[-97.1757,25.7111,1.8499],[-97.1768,25.7126,0.5735],[-97.1822,25.7092,0.7777],[-97.1871,25.7041,0.2896],[-97.1887,25.6993,0.9908],[-97.192,25.698,1.1025],[-97.1958,25.693,0.3813],[-97.1978,25.6876,0.8515],[-97.1964,25.6858,2.7047],[-97.2008,25.6758,1.554],[-97.2062,25.6682,0.9304],[-97.2079,25.6628,2.1539],[-97.2101,25.6615,1.1695],[-97.2158,25.6491,0.3096],[-97.2185,25.6488,0.0049],[-97.2201,25.6422,1.9466],[-97.2234,25.641,0.1075],[-97.223,25.6472,-0.1335],[-97.2287,25.6498,0.1884],[-97.2299,25.6466,0.1668],[-97.233,25.6445,0.3407],[-97.2345,25.6449,0.5428],[-97.2344,25.6478,-0.1145],[-97.2405,25.6459,-0.1685],[-97.2412,25.6439,0.2899],[-97.2458,25.6445,0.3174],[-97.2487,25.6518,0.2343],[-97.2526,25.6531,0.4617],[-97.2548,25.6489,1.0247],[-97.2505,25.643,0.0887],[-97.2536,25.6388,0.0311],[-97.2541,25.635,0.0929],[-97.2506,25.6373,0.4616],[-97.2486,25.6368,0.4188],[-97.2498,25.6318,0.2628],[-97.2487,25.6269,0.2486],[-97.249,25.6228,0.4354],[-97.2539,25.6201,0.3604],[-97.2564,25.6206,0.4972],[-97.2604,25.6254,1.0087],[-97.2565,25.625,0.1897],[-97.2519,25.6287,-0.1328],[-97.2557,25.634,0.0929],[-97.2622,25.629,0.4759],[-97.2637,25.632,0.1099],[-97.268,25.6313,1.0596],[-97.2772,25.6361,0.1884],[-97.2795,25.6348,0.4023],[-97.2821,25.6298,0.7651],[-97.2871,25.6307,0.3454],[-97.2862,25.6413,0.028],[-97.2827,25.6431,-0.4319],[-97.2831,25.6453,0.2705],[-97.2868,25.644,0.0333],[-97.2877,25.6384,0.3443],[-97.2895,25.6398,0.242],[-97.288,25.6455,-0.1603],[-97.2906,25.6459,0.0378],[-97.2913,25.6496,0.0671],[-97.2894,25.653,0.2702],[-97.2716,25.6608,0.5537],[-97.2701,25.6597,0.0258],[-97.2675,25.6611,0.44],[-97.2647,25.664,0.275],[-97.2637,25.6702,-0.2274],[-97.2593,25.674,0.0408],[-97.26,25.6749,0.0408],[-97.2662,25.6731,3.6483],[-97.2651,25.6711,1.7511],[-97.2676,25.6696,0.3481],[-97.2683,25.6728,0.0514],[-97.2749,25.6749,-0.2854],[-97.2774,25.6706,-0.1512],[-97.2756,25.6668,0.3596],[-97.2775,25.6659,-0.246],[-97.2751,25.6652,-0.0044],[-97.2745,25.6623,2.5002],[-97.2768,25.6604,1.6649],[-97.2843,25.6602,0.9905],[-97.2792,25.6737,-0.1101],[-97.2803,25.6769,0.1474],[-97.2767,25.6785,0.4549],[-97.275,25.6766,-0.0698],[-97.2734,25.6785,-0.5088],[-97.2737,25.6834,-0.5364],[-97.2713,25.6897,0.4523],[-97.266,25.697,-1.2895],[-97.277,25.694,0.513],[-97.2782,25.696,0.7333],[-97.2717,25.6983,-0.3497],[-97.2679,25.7025,-0.4992],[-97.2676,25.7054,-0.2906],[-97.26,25.7104,-1.5],[-97.2534,25.7108,0.7074],[-97.2525,25.7045,-0.0944],[-97.2471,25.703,1.1958],[-97.2323,25.7051,-1.5],[-97.2317,25.706,0.518],[-97.2444,25.7054,1.7157],[-97.2478,25.7124,-1.0521],[-97.2501,25.7138,0.6089],[-97.2465,25.7148,-0.6126],[-97.2501,25.719,0.6092],[-97.2487,25.7199,0.8296],[-97.2465,25.7184,0.8434],[-97.2416,25.7189,1.5227],[-97.2431,25.7155,1.557],[-97.2258,25.7194,0.4545],[-97.2188,25.7156,1.2302],[-97.2173,25.7128,0.0583],[-97.2182,25.7092,0.4187],[-97.2147,25.708,0.3261],[-97.215,25.7033,-0.2935],[-97.2097,25.7054,-1.0],[-97.2058,25.713,0.9182],[-97.2069,25.7166,1.2096],[-97.2055,25.7174,0.9725],[-97.2027,25.7145,0.3575],[-97.2035,25.7107,1.0962],[-97.2003,25.7106,0.852],[-97.2047,25.7039,-0.4944],[-97.1975,25.7042,0.3674],[-97.1917,25.7087,0.323],[-97.1888,25.7137,0.3943],[-97.1861,25.7136,0.4294],[-97.1873,25.7175,0.7084],[-97.1854,25.7242,0.3907],[-97.1918,25.7259,0.4052],[-97.1943,25.7238,0.7902],[-97.1962,25.7242,0.3335],[-97.1966,25.7266,0.4426],[-97.1948,25.7292,0.1485],[-97.1983,25.7283,0.5839],[-97.1985,25.7246,0.5273],[-97.2012,25.7271,0.3937],[-97.2026,25.7235,0.9199],[-97.2041,25.7264,0.4528],[-97.2022,25.7308,0.2049],[-97.2048,25.7325,0.457],[-97.2009,25.7385,0.3211],[-97.2135,25.7365,0.2932],[-97.215,25.7457,-0.0662],[-97.223,25.7437,0.7168],[-97.2241,25.7413,0.6839],[-97.2314,25.745,0.1938],[-97.2312,25.7471,0.02],[-97.2375,25.7494,0.2421],[-97.227,25.755,-0.3221],[-97.2254,25.7591,0.6604],[-97.2224,25.7585,-1.0],[-97.2228,25.762,0.3541],[-97.2163,25.7625,0.1726],[-97.2214,25.7662,0.2837],[-97.2273,25.767,0.6826],[-97.2307,25.7652,0.6761],[-97.234,25.7585,0.542],[-97.239,25.757,0.8433],[-97.2425,25.7579,0.408],[-97.2382,25.7646,-0.1041],[-97.2457,25.7664,0.5968],[-97.247,25.7655,0.518],[-97.2472,25.7605,0.7716],[-97.2491,25.7594,0.4983],[-97.2543,25.7617,0.8852],[-97.2587,25.7669,1.0101],[-97.2613,25.7596,1.0644],[-97.2555,25.7581,1.106],[-97.2523,25.7547,0.6833],[-97.2558,25.7516,1.333],[-97.2592,25.7427,0.7993],[-97.266,25.7432,1.1385],[-97.278,25.7495,1.2326],[-97.2818,25.7466,1.9043],[-97.2887,25.7335,2.1244],[-97.2937,25.7316,2.8306],[-97.295,25.7354,1.3609],[-97.2914,25.7382,1.6196],[-97.2936,25.7335,1.2664],[-97.2893,25.7349,1.2132],[-97.2825,25.7485,1.2081],[-97.2776,25.7511,1.3116],[-97.2661,25.7445,1.8464],[-97.2603,25.7438,1.6257],[-97.2583,25.7511,1.4671],[-97.2538,25.755,0.6833],[-97.2567,25.7575,0.8967],[-97.2629,25.7587,0.7155],[-97.262,25.7649,0.4326],[-97.2582,25.7682,0.4008],[-97.2558,25.768,0.87],[-97.2546,25.7647,0.7984],[-97.2497,25.7608,0.8606],[-97.2484,25.7616,0.8606],[-97.2498,25.7655,0.3574],[-97.2461,25.7679,1.1137],[-97.2373,25.7657,0.6863],[-97.2363,25.7646,0.6277],[-97.2402,25.7594,0.217],[-97.2394,25.7585,0.1879],[-97.2365,25.7584,0.2734],[-97.2346,25.7603,0.2054],[-97.2336,25.7632,0.6475],[-97.2348,25.7656,0.4764],[-97.2296,25.7683,0.5813],[-97.2231,25.7692,0.8027],[-97.2124,25.7641,0.2709],[-97.2153,25.7771,0.1096],[-97.2175,25.7769,0.3171],[-97.2217,25.773,0.33],[-97.2251,25.7731,0.217],[-97.2265,25.7809,0.2815],[-97.2245,25.7846,0.2096],[-97.2268,25.7869,0.2186],[-97.2239,25.789,0.1238],[-97.2235,25.7857,0.1679],[-97.2201,25.7871,0.4435],[-97.2169,25.7861,0.0602],[-97.2156,25.7878,0.0779],[-97.2191,25.7898,0.0495],[-97.2151,25.7925,0.2028],[-97.2162,25.7942,0.5109],[-97.2047,25.7958,1.2666],[-97.2032,25.7972,0.5641],[-97.2007,25.7961,1.4769],[-97.1985,25.7993,0.3704],[-97.1957,25.7986,0.4311],[-97.1967,25.7953,0.4612],[-97.1936,25.7941,0.7296],[-97.1917,25.7953,0.2101],[-97.1903,25.8011,1.197],[-97.1857,25.8053,0.4362],[-97.182,25.8001,0.9768],[-97.1869,25.7906,0.2734],[-97.1855,25.7896,-0.5568],[-97.1831,25.7955,-0.2683],[-97.1781,25.801,1.0233],[-97.1748,25.8007,0.4224],[-97.1714,25.8029,0.0783],[-97.18,25.8036,0.5605],[-97.181,25.8055,0.3718],[-97.1789,25.8116,0.9223],[-97.168,25.8137,0.4218],[-97.1662,25.8146,0.3401],[-97.1666,25.8182,0.577],[-97.1559,25.8211,0.6997],[-97.1567,25.8154,0.9482],[-97.159,25.8139,0.4679],[-97.1575,25.8109,0.3262],[-97.1602,25.8013,-0.1483],[-97.159,25.7954,1.6646],[-97.1627,25.7842,0.4235],[-97.166,25.7646,0.349],[-97.1656,25.7546,1.2997],[-97.1624,25.7597,1.5477],[-97.1583,25.7841,0.8327],[-97.1461,25.8727,0.5266],[-97.1442,25.9125,0.561],[-97.1461,25.9536,0.1655],[-97.1558,25.9489,0.1806],[-97.1595,25.9491,0.379],[-97.1602,25.9514,0.3398],[-97.158,25.9612,0.0996],[-97.1686,25.9606,0.3943],[-97.1755,25.9658,0.4191],[-97.1775,25.9618,0.8094],[-97.1868,25.9584,0.415],[-97.1865,25.9549,0.3115],[-97.1886,25.9537,0.8378],[-97.1971,25.9579,0.2715],[-97.205,25.958,1.0526],[-97.2063,25.9631,0.7961],[-97.2086,25.9639,0.8994],[-97.2199,25.9573,0.8783],[-97.2266,25.9593,0.7878],[-97.2388,25.9557,1.6007],[-97.2475,25.948,0.8997],[-97.261,25.951,1.2979],[-97.2764,25.9522,3.2483],[-97.284,25.9593,1.408],[-97.2892,25.954,1.1849],[-97.2831,25.949,1.4312],[-97.2784,25.9479,2.864],[-97.2806,25.9441,4.5266],[-97.277,25.9397,3.5371],[-97.2768,25.9352,1.9351],[-97.2915,25.9364,4.5786],[-97.2956,25.9333,2.1759],[-97.2978,25.9339,1.9133],[-97.2995,25.937,4.2887],[-97.3032,25.937,4.8175],[-97.3044,25.9282,2.3953],[-97.3095,25.9263,3.9407],[-97.3136,25.931,4.9177],[-97.3182,25.9312,4.0076],[-97.3244,25.9247,2.1794],[-97.3246,25.9183,3.7247],[-97.3261,25.9175,3.7247],[-97.3309,25.9179,2.669],[-97.333,25.9262,3.0178],[-97.334,25.9205,4.3653],[-97.3379,25.9204,4.3315],[-97.3368,25.9297,4.0156],[-97.3427,25.9288,3.5889],[-97.3479,25.9313,4.1183],[-97.3496,25.9258,2.9821],[-97.3539,25.9201,3.6164],[-97.3612,25.9159,3.4065],[-97.3683,25.9155,3.5381],[-97.3681,25.9097,3.6702],[-97.3745,25.9088,3.5639],[-97.3742,25.9061,3.0228],[-97.3658,25.9028,3.5151],[-97.3665,25.8909,3.9428],[-97.358,25.89,4.937],[-97.3562,25.8882,4.0673],[-97.3588,25.8859,4.6675],[-97.3676,25.8846,4.7521],[-97.3738,25.8806,4.0057],[-97.3736,25.8784,5.6102],[-97.3642,25.8778,4.6464],[-97.3592,25.8802,4.3368],[-97.3593,25.8724,3.8684],[-97.3564,25.8679,4.4301],[-97.3586,25.8656,4.1862],[-97.3592,25.8692,3.4971],[-97.3618,25.869,4.1138],[-97.3686,25.8584,5.6735],[-97.3761,25.8558,5.4854],[-97.3752,25.8539,5.4876],[-97.366,25.8535,5.8869],[-97.3637,25.8506,5.0193],[-97.3705,25.85,5.8987],[-97.3726,25.84,5.6452],[-97.381,25.8394,5.7468],[-97.3869,25.8439,5.9143],[-97.3886,25.8397,5.1813],[-97.3936,25.837,8.3674],[-97.399,25.8389,6.5245],[-97.4062,25.8379,6.2572],[-97.4066,25.8404,6.5224],[-97.4005,25.8414,5.624],[-97.4007,25.8464,4.8623],[-97.3987,25.8503,6.4569],[-97.4002,25.8521,5.6867],[-97.4025,25.8518,5.1689],[-97.405,25.8453,7.2576],[-97.4079,25.8452,6.4643],[-97.4106,25.8496,6.1003],[-97.4079,25.8546,6.0431],[-97.4092,25.8575,5.6616],[-97.4078,25.8615,5.4474],[-97.4095,25.8623,5.9063],[-97.4124,25.8599,7.7924],[-97.4139,25.856,7.6379],[-97.414,25.8471,7.7322],[-97.412,25.8415,8.0438],[-97.4251,25.8405,6.4035],[-97.4356,25.8497,6.9267],[-97.441,25.8478,7.9652],[-97.444,25.8486,7.5378],[-97.4459,25.8512,6.9649],[-97.444,25.8549,6.0375],[-97.4451,25.8564,6.1372],[-97.4541,25.8543,7.4797],[-97.452,25.8587,7.0586],[-97.4482,25.8593,6.2884],[-97.4477,25.8634,6.9671],[-97.4446,25.8678,6.7849],[-97.4485,25.8722,5.502],[-97.4535,25.8674,5.7345],[-97.4567,25.8686,7.1777],[-97.4549,25.8785,7.227],[-97.4555,25.8841,9.7534],[-97.4627,25.8827,9.8188],[-97.4706,25.8754,9.9326],[-97.4745,25.8768,8.9282],[-97.4747,25.8797,8.3461],[-97.4684,25.884,10.632],[-97.469,25.8889,9.05],[-97.4845,25.8788,8.106],[-97.487799999999993,25.8792,8.3387],[-97.4863,25.8835,8.7584],[-97.4879,25.8855,8.7394],[-97.4941,25.8801,9.5377],[-97.4972,25.8799,10.4607],[-97.4964,25.8959,9.4552],[-97.4983,25.8991,11.7052],[-97.5058,25.8905,10.0943],[-97.5108,25.8875,10.7033],[-97.5213,25.8863,9.3412],[-97.5233,25.8892,9.145],[-97.5237,25.899,9.1777],[-97.5271,25.9026,9.0677],[-97.5285,25.9068,9.9117],[-97.5333,25.9084,8.6284],[-97.5337,25.9124,8.1106],[-97.5299,25.917,10.0588],[-97.53,25.9199,10.5366],[-97.5431,25.9201,9.184],[-97.5373,25.9272,12.075],[-97.5373,25.9308,11.13],[-97.5437,25.9234,10.4111],[-97.5452,25.9244,9.8515],[-97.5462,25.9342,14.5426],[-97.5523,25.9372,10.8732],[-97.5571,25.9361,11.6062],[-97.5591,25.932,8.8648],[-97.559,25.9273,8.9675],[-97.5617,25.9257,8.5325],[-97.568,25.9278,10.1058],[-97.5659,25.9319,9.096],[-97.567,25.9337,10.2524],[-97.5744,25.9351,9.4139],[-97.5796,25.9328,10.2779],[-97.5833,25.9332,11.6631],[-97.584,25.9357,14.3352],[-97.5822,25.9386,11.6026],[-97.5663,25.9449,11.9095],[-97.5679,25.9525,11.984],[-97.5744,25.954,12.9598],[-97.5729,25.946,12.4666],[-97.5751,25.943,12.1812],[-97.5781,25.9421,12.1311],[-97.5831,25.955,10.294],[-97.5821,25.9624,12.0838],[-97.5938,25.9616,11.3041],[-97.5982,25.9569,11.4471],[-97.6021,25.9574,11.4175],[-97.6106,25.966,12.8134],[-97.6078,25.9718,13.8837],[-97.6079,25.9768,13.7179],[-97.6167,25.9791,12.8617],[-97.6201,25.9844,13.1147],[-97.6199,25.9877,12.0047],[-97.6219,25.9892,12.4996],[-97.6304,25.9879,12.3403],[-97.6343,25.9895,13.1586],[-97.6342,25.9931,13.416],[-97.6318,25.9965,12.3569],[-97.6258,25.9952,12.7371],[-97.6235,25.9919,12.547],[-97.6202,25.9925,12.6483],[-97.6184,25.9951,14.0469],[-97.6184,26.0023,12.6974],[-97.62,26.0025,12.6974],[-97.6232,25.9972,12.667],[-97.6273,25.9965,12.0029],[-97.6284,25.9976,13.6485],[-97.6263,26.0031,13.9053],[-97.6271,26.0061,12.976],[-97.6304,26.0052,14.7484],[-97.6324,26.0009,13.9218],[-97.6357,26.0001,14.6618],[-97.6493,26.0104,14.3207],[-97.649,26.0126,13.153],[-97.6407,26.0119,14.2807],[-97.6376,26.014,14.4761],[-97.6371,26.0197,14.5182],[-97.6399,26.024,14.0246],[-97.6448,26.0278,13.9141],[-97.6464,26.0274,15.2768],[-97.6504,26.0237,14.7818],[-97.65,26.018,13.7231],[-97.6516,26.0159,13.6793],[-97.6577,26.02,13.779],[-97.6681,26.0194,14.2729],[-97.6674,26.0245,15.8972],[-97.6605,26.0322,15.9764],[-97.6626,26.0381,13.9798],[-97.6638,26.0376,14.9289],[-97.6645,26.0314,14.1649],[-97.6672,26.0289,14.2788],[-97.669,26.0294,14.1195],[-97.6709,26.034,14.4129],[-97.6748,26.0328,14.5755],[-97.6761,26.0305,14.5628],[-97.6732,26.0279,14.0789],[-97.6757,26.0258,14.8207],[-97.6876,26.0273,14.4831],[-97.6933,26.0324,14.3587],[-97.6937,26.0274,15.4924],[-97.6898,26.0221,15.1128],[-97.6916,26.0188,14.3532],[-97.6976,26.0239,15.3768],[-97.697,26.0307,14.7748],[-97.7022,26.0308,14.5654],[-97.7042,26.0354,15.8328],[-97.7071,26.0377,15.4965],[-97.7092,26.0346,15.0563],[-97.7095,26.0262,15.0193],[-97.7205,26.023,15.8339],[-97.7216,26.0241,17.836],[-97.7182,26.0289,15.2997],[-97.7214,26.0313,15.7528],[-97.7347,26.032,15.7563],[-97.7353,26.0284,16.9169],[-97.7428,26.0297,17.0082],[-97.748,26.0261,16.9972],[-97.7493,26.027,16.9972],[-97.7488,26.0303,16.3354],[-97.7522,26.0315,15.9021],[-97.7615,26.0256,16.0351],[-97.7642,26.0284,17.8329],[-97.7627,26.0416,15.3426],[-97.768,26.0473,17.1192],[-97.7766,26.0447,16.0615],[-97.776,26.0406,16.7078],[-97.7692,26.0365,17.3621],[-97.775,26.033,19.7483],[-97.7779,26.0292,17.7093],[-97.7818,26.0338,19.8877],[-97.7917,26.0338,18.3227],[-97.7973,26.0393,18.8048],[-97.7979,26.0431,17.6396],[-97.7956,26.0471,19.0586],[-97.7892,26.0478,17.8075],[-97.7888,26.0494,19.0291],[-97.7928,26.0532,18.2779],[-97.7989,26.0528,18.6032],[-97.8011,26.0602,18.4065],[-97.808,26.0581,19.99],[-97.8113,26.0553,18.8709],[-97.8123,26.0486,19.9673],[-97.811,26.0454,18.3205],[-97.8124,26.0441,18.4379],[-97.8165,26.0454,18.8071],[-97.8149,26.054,18.7932],[-97.8193,26.0566,20.0756],[-97.8258,26.0558,19.2016],[-97.8287,26.0503,18.5411],[-97.8343,26.0456,18.7335],[-97.8361,26.0509,22.0294],[-97.8392,26.0531,20.3484],[-97.8505,26.0519,20.3832],[-97.861,26.053,20.2773],[-97.8624,26.061,19.8645],[-97.8594,26.0664,18.9515],[-97.8614,26.07,20.0117],[-97.8641,26.0682,20.0602],[-97.869,26.0568,21.1029],[-97.8768,26.0646,19.9559],[-97.8871,26.0666,20.8944],[-97.8884,26.062,20.9522],[-97.891,26.0603,21.0307],[-97.901,26.0611,20.8172],[-97.9105,26.0565,20.6223],[-97.9196,26.058,20.9496],[-97.9271,26.0548,22.4305],[-97.9306,26.0645,21.8519],[-97.9336,26.0656,21.714],[-97.937,26.0619,20.4893],[-97.9314,26.0582,22.1199],[-97.9313,26.0553,22.7153],[-97.9336,26.053,21.3519],[-97.937,26.053,21.0154],[-97.9448,26.0602,20.3829],[-97.9511,26.0622,22.3053],[-97.9552,26.0614,22.3247],[-97.9623,26.053,21.1308],[-97.9659,26.0517,21.9272],[-97.97,26.0533,20.7736],[-97.9736,26.0576,22.4899],[-97.9786,26.0589,21.2027],[-97.9802,26.0672,22.9541],[-97.9875,26.0661,22.9684],[-97.9888,26.0606,24.2173],[-97.9919,26.0582,22.1832],[-97.9973,26.0647,22.7998],[-98.0026,26.0649,23.2749],[-98.0078,26.0621,22.6665],[-98.0119,26.0561,22.1403],[-98.0129,26.0581,19.9638],[-98.0107,26.0628,23.6443],[-98.012,26.0661,22.3005],[-98.014,26.0662,22.0665],[-98.0159,26.0616,20.6546],[-98.0211,26.0586,23.2934],[-98.0249,26.0655,24.963],[-98.0279,26.067,22.7259],[-98.0332,26.0616,21.1552],[-98.0344,26.0509,22.6923],[-98.0387,26.0414,21.4108],[-98.0459,26.0443,22.6767],[-98.0622,26.0463,22.5113],[-98.0729,26.0364,24.3925],[-98.0776,26.0366,23.9072],[-98.0802,26.0418,21.772],[-98.0718,26.0447,23.7011],[-98.0702,26.0521,24.5271],[-98.0753,26.0597,26.1985],[-98.0763,26.0675,24.3312],[-98.0811,26.0713,23.952],[-98.0857,26.0695,22.9545],[-98.0811,26.0662,26.2834],[-98.0816,26.0639,27.0423],[-98.0936,26.0586,25.2224],[-98.0983,26.0605,23.7733],[-98.1047,26.0676,25.9132],[-98.1274,26.062,26.7837],[-98.1313,26.0646,23.0449],[-98.1283,26.073,25.5645],[-98.1319,26.0743,25.9965],[-98.1366,26.0705,23.7685],[-98.1368,26.063,25.109],[-98.1396,26.0566,24.0471],[-98.1434,26.0506,28.8549],[-98.147,26.0491,25.7976],[-98.1494,26.0512,24.0521],[-98.1493,26.0553,24.4319],[-98.1517,26.0583,25.7199],[-98.1587,26.0536,29.8364],[-98.162,26.0541,25.5081],[-98.1623,26.0568,25.6496],[-98.158,26.0606,24.5971],[-98.1583,26.0637,24.5015],[-98.1613,26.0645,25.8849],[-98.1681,26.0629,29.6962],[-98.1723,26.0716,25.8535],[-98.1768,26.0753,25.8067],[-98.1797,26.0735,24.4985],[-98.1806,26.0662,25.7116],[-98.1768,26.0631,25.5899],[-98.1769,26.0607,25.6905],[-98.1794,26.06,26.619],[-98.1834,26.0637,25.814],[-98.1873,26.0643,26.7865],[-98.1924,26.0533,29.8575],[-98.1948,26.0531,28.419],[-98.1995,26.0563,24.1847],[-98.2048,26.0664,28.8553],[-98.2132,26.0692,27.259],[-98.2192,26.0759,26.0769],[-98.2293,26.0772,26.0474],[-98.2495,26.0722,26.9975],[-98.2516,26.0787,26.4502],[-98.2643,26.0849,26.8072],[-98.268,26.0928,25.4269],[-98.2772,26.0989,26.388],[-98.2847,26.1011,25.7014],[-98.2882,26.1043,26.2056],[-98.2882,26.1064,27.7436],[-98.2824,26.1079,28.1061],[-98.2705,26.1066,31.8454],[-98.272,26.1134,28.1414],[-98.2658,26.1171,28.7156],[-98.2661,26.1207,28.5242],[-98.2692,26.1204,27.0404],[-98.2716,26.1171,25.6189],[-98.275,26.1158,28.6145],[-98.2912,26.1208,28.3452],[-98.2969,26.1203,31.0897],[-98.2999,26.1178,30.5773],[-98.3036,26.11,32.2458],[-98.302,26.1067,32.0124],[-98.2976,26.1054,28.9183],[-98.2977,26.1034,29.678],[-98.2995,26.102,31.3628],[-98.3056,26.1028,29.2341],[-98.3101,26.1143,28.6986],[-98.3216,26.1183,29.0933],[-98.3356,26.1383,30.0369],[-98.3346,26.1412,32.7975],[-98.3267,26.1432,28.0],[-98.3352,26.146,31.8669],[-98.3384,26.15,29.5879],[-98.3388,26.1527,33.5458],[-98.3334,26.1591,31.1401],[-98.3356,26.1657,29.4201],[-98.3428,26.167,32.7605],[-98.3462,26.1657,30.5241],[-98.3486,26.1607,31.5699],[-98.3487,26.1536,33.8266],[-98.3521,26.1511,32.0462],[-98.3589,26.1594,31.9644],[-98.3576,26.1681,30.946],[-98.3598,26.1725,31.6607],[-98.3672,26.1685,32.7372],[-98.3642,26.1621,31.1178],[-98.3664,26.1577,31.0911],[-98.3829,26.1566,32.464],[-98.387,26.1577,31.3708],[-98.3931,26.1672,32.4185],[-98.4026,26.1716,32.7892],[-98.4017,26.1782,33.3234],[-98.4033,26.1817,31.0965],[-98.4168,26.1836,35.1481],[-98.4255,26.1914,33.1992],[-98.4418,26.1982,37.7847],[-98.4448,26.2011,32.9556],[-98.4444,26.205,32.7447],[-98.4396,26.2101,33.0248],[-98.4391,26.2145,35.8733],[-98.4418,26.2217,35.3411],[-98.4448,26.2243,34.0974],[-98.4498,26.2229,34.3417],[-98.4545,26.2167,33.9246],[-98.4563,26.2177,33.1008],[-98.4578,26.2248,36.292],[-98.4606,26.2261,33.1726],[-98.4705,26.2208,33.4569],[-98.4817,26.2194,32.509],[-98.483,26.2151,33.6874],[-98.4787,26.2093,34.1376],[-98.4775,26.2038,33.4809],[-98.4784,26.2016,35.4386],[-98.4814,26.2006,34.7871],[-98.4836,26.2021,33.2466],[-98.4818,26.2049,35.6968],[-98.4819,26.2087,34.2037],[-98.4862,26.2128,33.5925],[-98.4904,26.213,33.8328],[-98.5039,26.2084,34.502],[-98.5073,26.2093,36.249],[-98.5076,26.2124,35.9932],[-98.5006,26.2223,40.0009],[-98.5053,26.2231,36.2314],[-98.5126,26.2271,36.1596],[-98.5198,26.2239,37.9182],[-98.5214,26.2204,37.9437],[-98.5254,26.2215,33.2757],[-98.5267,26.2279,35.2191],[-98.5214,26.2324,35.7508],[-98.522,26.2355,35.4089],[-98.5254,26.2344,33.9906],[-98.5298,26.2271,34.4466],[-98.5356,26.2254,37.3867],[-98.5442,26.2442,39.6651],[-98.5574,26.2476,37.8631],[-98.5582,26.2444,33.8027],[-98.5528,26.2417,35.5217],[-98.547,26.2417,36.4204],[-98.5455,26.2378,37.8619],[-98.5473,26.2344,34.2101],[-98.5554,26.2322,39.679],[-98.5594,26.225,36.601],[-98.5621,26.2242,35.514],[-98.5646,26.2263,35.1188],[-98.5641,26.2359,36.268],[-98.5663,26.2416,34.6961],[-98.5696,26.2415,37.327],[-98.5736,26.2389,38.5425],[-98.5767,26.2338,35.297],[-98.5796,26.2345,35.7215],[-98.5851,26.2444,35.5708],[-98.5792,26.2512,39.9977],[-98.5828,26.2564,35.4279],[-98.5979,26.2578,36.1014],[-98.6078,26.2532,37.8209],[-98.612,26.2531,35.3685],[-98.6139,26.2479,39.7016],[-98.617,26.2464,38.2831],[-98.62,26.2554,35.6519],[-98.6231,26.2597,36.2375],[-98.6323,26.2519,40.6196],[-98.6337,26.2425,36.5797],[-98.6449,26.241,37.4397],[-98.6563,26.2356,37.8307],[-98.6696,26.2363,36.4375],[-98.6759,26.2404,36.5784],[-98.6791,26.245,40.3971],[-98.6778,26.2565,42.2599],[-98.6813,26.263,37.0259],[-98.6863,26.265,39.6751],[-98.7017,26.266,35.6059],[-98.7198,26.2721,36.315],[-98.7199,26.276,36.9681],[-98.717,26.278199999999998,39.2221],[-98.7105,26.2791,38.3581],[-98.7016,26.2775,37.6217],[-98.6997,26.2807,38.603],[-98.7023,26.2869,37.3611],[-98.7078,26.2892,38.5917],[-98.717,26.2859,37.5771],[-98.7224,26.2958,38.0334],[-98.7292,26.2991,39.2683],[-98.7344,26.2983,39.2859],[-98.7431,26.2936,44.5365],[-98.7509,26.296,38.0821],[-98.7564,26.3036,46.8311],[-98.7547,26.3079,38.0357],[-98.7508,26.3078,37.3868],[-98.7421,26.3027,38.0179],[-98.7381,26.304,37.2673],[-98.7361,26.3083,35.5],[-98.738,26.3134,38.6407],[-98.7447,26.3151,41.8906],[-98.7471,26.3185,37.9156],[-98.7507,26.3312,38.4318],[-98.7551,26.3312,40.0892],[-98.764,26.3259,40.5417],[-98.7693,26.3248,39.5199],[-98.7784,26.3259,38.9723],[-98.7892,26.3306,36.7518],[-98.788,26.3377,39.9288],[-98.7958,26.3476,41.3388],[-98.7986,26.3609,44.1802],[-98.8046,26.3676,43.2003],[-98.8144,26.3659,40.5613],[-98.8191,26.3708,41.6516],[-98.8248,26.3707,41.8807],[-98.8312,26.364,41.9748],[-98.843,26.3583,42.3918],[-98.8484,26.3594,41.1812],[-98.8508,26.364,45.1428],[-98.8608,26.3662,43.5069],[-98.8708,26.3619,45.0584],[-98.889,26.3572,47.7002],[-98.897,26.3531,41.901],[-98.9011,26.3602,44.6803],[-98.8993,26.3653,43.0418],[-98.9012,26.3708,42.6808],[-98.9127,26.372,50.6345],[-98.9183,26.375,44.1992],[-98.9232,26.38,47.888],[-98.9236,26.3921,43.3233],[-98.9267,26.3946,45.4264],[-98.9353,26.3856,48.9253],[-98.9341,26.3779,44.8524],[-98.9351,26.3722,46.8496],[-98.9367,26.3704,48.4492],[-98.9431,26.3693,46.3938],[-98.9496,26.3716,46.4428],[-98.9561,26.3771,46.4781],[-98.9534,26.3846,47.8583],[-98.9545,26.3945,47.1434],[-98.9633,26.3988,53.1103],[-98.9691,26.3988,45.9674],[-98.9737,26.4011,49.2451],[-98.9783,26.4001,48.1578],[-98.988,26.3914,48.508],[-99.0035,26.3935,48.1995],[-99.0108,26.3923,50.6886],[-99.0128,26.3931,48.1144],[-99.0219,26.4071,48.4509],[-99.0311,26.4124,49.179],[-99.0363,26.4135,49.5135],[-99.0439,26.4108,50.1158],[-99.0533,26.4023,49.2084],[-99.0623,26.3973,51.4108],[-99.0815,26.3966,52.5175],[-99.085,26.398,49.8501],[-99.0892,26.408,54.517],[-99.096,26.4118,50.7801],[-99.0998,26.4176,53.1401],[-99.1103,26.4257,49.2939],[-99.1137,26.4329,52.6761],[-99.1134,26.4352,50.1675],[-99.1071,26.4377,52.8295],[-99.1029,26.4418,52.2707],[-99.1025,26.4481,54.902],[-99.1001,26.4533,51.4919],[-99.1008,26.4581,56.9125],[-99.0936,26.4685,57.8887],[-99.0916,26.4756,56.9309],[-99.1045,26.4995,51.6082],[-99.1183,26.5164,52.2166],[-99.1284,26.5255,58.4319],[-99.1535,26.5307,53.6674],[-99.1669,26.536,55.9927],[-99.1711,26.5419,57.0108],[-99.1716,26.5482,53.387],[-99.1682,26.557,62.4923],[-99.1705,26.5606,86.4797],[-99.1788,26.6219,85.0],[-99.2019,26.6588,85.0],[-99.21,26.6927,85.0],[-99.209,26.7247,85.0],[-99.2396,26.7453,85.0],[-99.2408,26.7475,85.0],[-99.2424,26.7864,85.0],[-99.262,26.8149,85.0],[-99.2699,26.845,85.0],[-99.2803,26.8578,85.0],[-99.2946,26.865,85.0],[-99.3099,26.8642,85.0],[-99.3171,26.8655,85.0],[-99.3288,26.8796,85.0],[-99.3234,26.8996,85.0],[-99.3227,26.911,85.0],[-99.3285,26.9195,85.0],[-99.3445,26.9239,85.0],[-99.3521,26.9279,85.0],[-99.3684,26.9298,85.0],[-99.3773,26.933,85.0],[-99.3849,26.9388,85.0],[-99.3914,26.9481,85.0],[-99.3949,26.9622,85.6989],[-99.3917,26.9662,85.0],[-99.3816,26.9724,85.4998],[-99.3813,26.9793,85.0],[-99.3871,26.982,85.3377],[-99.3921,26.9873,85.0],[-99.403,26.9998,87.6609],[-99.4088,27.0099,86.553],[-99.4136,27.0119,86.6279],[-99.4259,27.0102,90.5236],[-99.4331,27.0108,86.2347],[-99.4445,27.0193,86.6937],[-99.4457,27.0219,87.4842],[-99.4437,27.0333,87.3751],[-99.4447,27.0412,87.2762],[-99.451,27.055,87.3845],[-99.4527,27.0641,88.5694],[-99.4482,27.0702,87.457],[-99.4356,27.079,94.2618],[-99.4287,27.0926,97.3337],[-99.4425,27.1068,90.2213],[-99.4322,27.121,89.1723],[-99.431,27.1252,94.5515],[-99.4319,27.1382,87.4511],[-99.4388,27.1453,88.1863],[-99.44,27.1511,95.9593],[-99.4301,27.1592,91.5452],[-99.4262,27.1761,89.1524],[-99.433,27.2018,91.7796],[-99.4327,27.2096,89.7981],[-99.4425,27.218,94.5015],[-99.4454,27.2232,92.7972],[-99.4415,27.2365,99.2615],[-99.4418,27.2508,95.4022],[-99.4503,27.2611,93.1937],[-99.462,27.2684,95.2334],[-99.4826,27.2594,94.7757],[-99.4909,27.2627,94.6459],[-99.4944,27.2665,97.7004],[-99.4966,27.2729,94.5112],[-99.487799999999993,27.2886,96.0406],[-99.4876,27.2942,95.7198],[-99.4946,27.3038,100.798],[-99.5034,27.3062,97.9956],[-99.512,27.3041,99.6265],[-99.5279,27.3048,108.8766],[-99.5365,27.3121,108.8161],[-99.5381,27.3165,100.954],[-99.5368,27.3226,106.5759],[-99.5216,27.3247,101.6538],[-99.5045,27.3388,101.6503],[-99.5079,27.3535,103.7655],[-99.503,27.3665,103.0172],[-99.4923,27.3806,109.8998],[-99.4928,27.392,109.9237],[-99.4895,27.3991,103.4152],[-99.4876,27.411,105.4314],[-99.4955,27.438,106.4662],[-99.4953,27.4466,111.6766],[-99.4926,27.4548,112.888],[-99.4832,27.4673,107.446],[-99.4824,27.4754,112.5623],[-99.4788,27.4795,107.9901],[-99.4813,27.4891,110.0968],[-99.4934,27.4976,107.842],[-99.5013,27.5001,109.8846],[-99.5231,27.4965,115.565],[-99.5282,27.4982,124.8271],[-99.525,27.5122,112.1184],[-99.5255,27.5221,112.1977],[-99.5225,27.533,111.5479],[-99.522,27.5443,119.6206],[-99.5187,27.5531,112.9666],[-99.5143,27.5566,110.9781],[-99.5115,27.5661,117.6828],[-99.5148,27.571,119.3504],[-99.529,27.5792,115.1106],[-99.535,27.59,112.9787],[-99.5403,27.6044,118.7623],[-99.5544,27.6141,136.5929],[-99.5566,27.6136,116.8264],[-99.558,27.6093,115.0771],[-99.5605,27.6073,115.198],[-99.578,27.6021,118.868],[-99.5842,27.6035,125.7334],[-99.5843,27.606,122.0045],[-99.579,27.608,119.0037],[-99.5768,27.611,119.0305],[-99.5771,27.6183,123.7133],[-99.5831,27.6209,117.9522],[-99.5915,27.6277,120.1195],[-99.5926,27.6355,118.5052],[-99.5959,27.6398,118.7435],[-99.6034,27.6419,122.1925],[-99.6159,27.6374,122.4935],[-99.6205,27.6429,125.8769],[-99.6241,27.6436,127.4505],[-99.6268,27.6399,124.999],[-99.6228,27.6335,123.2185],[-99.6278,27.6294,121.6699],[-99.6387,27.6267,121.5932],[-99.6487,27.6304,123.9674],[-99.6555,27.6293,124.376],[-99.6663,27.6364,121.5993],[-99.6652,27.6406,124.2974],[-99.6586,27.6466,125.1034],[-99.6586,27.6507,126.8604],[-99.6632,27.6569,123.4637],[-99.6685,27.6598,125.8999],[-99.6787,27.6586,131.337],[-99.6865,27.6615,127.727],[-99.6892,27.6639,125.2958],[-99.6901,27.6688,133.5439],[-99.696,27.6638,129.7285],[-99.6985,27.656,127.4401],[-99.7055,27.6553,131.8719],[-99.7105,27.6574,130.0251],[-99.7226,27.6674,125.8967],[-99.724,27.673,129.1299],[-99.7281,27.6791,126.5313],[-99.9264,27.5492,220.337],[-99.9192,27.4915,225.2999],[-99.7604,27.437,189.0192],[-99.7586,27.3896,195.0096],[-99.7477,27.2772,178.1412],[-99.6789,27.1024,122.384],[-99.6589,27.0882,123.7556],[-99.6501,27.0659,126.2057],[-99.7342,26.9206,128.6783],[-99.7701,26.9284,130.1007],[-99.7667,26.8898,126.5519],[-99.7646,26.894,132.6317],[-99.7592,26.8951,124.7583],[-99.7521,26.9,124.8746],[-99.7477,26.9002,128.7267],[-99.7461,26.9038,125.3618],[-99.7473,26.9097,125.6995],[-99.7443,26.9122,131.4031],[-99.7393,26.9074,122.3496],[-99.7315,26.9087,122.6268],[-99.724,26.9061,124.5511],[-99.7238,26.9036,123.9752],[-99.7279,26.9035,121.4037],[-99.726,26.9006,121.2633],[-99.7268,26.8989,121.1905],[-99.7211,26.8965,121.4019],[-99.7104,26.8968,126.4612],[-99.71,26.8993,125.1843],[-99.7137,26.9017,121.3415],[-99.7099,26.9059,121.5825],[-99.7069,26.9041,117.9097],[-99.7035,26.9055,118.4224],[-99.6979,26.8986,123.3747],[-99.6971,26.9067,122.6273],[-99.694,26.9093,121.9056],[-99.6911,26.9082,117.927],[-99.6855,26.899,123.4265],[-99.6872,26.8945,116.1427],[-99.681,26.8962,117.9798],[-99.6763,26.8945,116.5848],[-99.667,26.8944,117.8437],[-99.6634,26.9002,117.8663],[-99.6614,26.9008,119.3722],[-99.6538,26.8962,116.7318],[-99.6473,26.8944,114.1487],[-99.6467,26.8877,112.6937],[-99.6443,26.8856,112.9075],[-99.6369,26.8873,112.992],[-99.6347,26.8911,114.9038],[-99.63,26.8903,114.2042],[-99.6287,26.8886,113.1801],[-99.6308,26.8874,116.007],[-99.631,26.8839,112.6998],[-99.6288,26.8812,111.4133],[-99.6277,26.8839,117.6445],[-99.6252,26.883,112.6301],[-99.6285,26.8738,112.6011],[-99.6271,26.8705,113.7898],[-99.6211,26.8684,113.0116],[-99.6112,26.8735,111.7532],[-99.591,26.8625,110.2556],[-99.5899,26.8607,110.6028],[-99.5934,26.8545,108.8928],[-99.5885,26.8525,112.408],[-99.5844,26.8481,107.2688],[-99.5817,26.8342,108.8986],[-99.5835,26.832,110.3178],[-99.5808,26.8301,113.4196],[-99.5868,26.8248,111.2499],[-99.5893,26.8196,115.2167],[-99.5892,26.8146,114.9488],[-99.5912,26.8135,115.4323],[-99.595,26.815,115.6718],[-99.5989,26.8146,116.1405],[-99.5971,26.8096,117.6707],[-99.6038,26.8079,115.4575],[-99.6046,26.8001,119.7871],[-99.607,26.8,119.7232],[-99.6074,26.7967,119.6544],[-99.6129,26.7916,120.4015],[-99.6112,26.7825,121.6039],[-99.6151,26.7789,120.5835],[-99.6155,26.7752,123.1436],[-99.6219,26.7714,119.8828],[-99.6229,26.7692,120.5741],[-99.6161,26.7544,126.3334],[-99.6187,26.7377,126.1252],[-99.6186,26.7265,127.8707],[-99.6216,26.7232,126.8267],[-99.6297,26.7198,128.6898],[-99.6357,26.7108,130.0539],[-99.6495,26.7027,132.8033],[-99.6572,26.6951,135.024],[-99.6632,26.6829,137.5034],[-99.6631,26.6781,137.9292],[-99.6592,26.6704,139.6042],[-99.5383,26.6646,140.8472],[-99.3968,26.5966,166.37],[-99.4098,26.4428,113.6135],[-99.4142,26.4448,112.7694],[-99.4309,26.3513,124.0202],[-99.4012,26.3048,118.4805],[-99.3947,26.3062,115.8221],[-99.3858,26.3171,113.7394],[-99.38,26.3177,112.1394],[-99.377,26.3216,111.7122],[-99.3721,26.3219,109.9736],[-99.3642,26.3293,105.4178],[-99.26,26.2528,147.455],[-99.1978,26.2587,116.9784],[-99.171,26.0945,109.9851],[-99.167,26.0755,92.6092],[-99.1619,26.0703,89.8721],[-99.1601,26.0612,91.6644],[-99.1524,26.0624,86.5644],[-99.1434,26.0611,86.5487],[-99.1416,26.0598,82.6021],[-99.1423,26.056,84.976],[-99.1409,26.053,84.8407],[-99.1263,26.054,85.2776],[-99.124,26.0567,90.5027],[-99.1323,26.0647,87.7714],[-99.1309,26.0688,88.7623],[-99.1199,26.0665,85.5374],[-99.1147,26.076,84.4133],[-99.1086,26.079,86.5359],[-99.0977,26.0807,84.0008],[-99.095,26.0806,87.0492],[-99.0933,26.0785,82.5115],[-99.0964,26.0728,83.7714],[-99.0933,26.0705,82.5891],[-99.0765,26.0719,86.6732],[-99.0764,26.0763,82.2592],[-99.0745,26.0788,84.1965],[-99.0666,26.0778,83.3889],[-99.0625,26.0801,87.1361],[-99.0639,26.0863,81.3156],[-99.0625,26.090699999999998,82.4809],[-99.0551,26.0925,80.3267],[-99.045,26.0987,81.98],[-99.0373,26.0935,82.6405],[-99.025,26.0934,81.9785],[-99.0217,26.0984,80.9292],[-99.0239,26.1041,79.9416],[-98.9008,25.9683,103.921],[-98.8232,26.0476,115.3559],[-98.7463,26.038,91.9656],[-98.7467,26.0352,87.367],[-98.7405,26.0345,82.4693],[-98.7412,26.0374,80.2412],[-98.5851,26.0179,65.2356],[-98.5804,25.6373,149.6807],[-98.5818,25.4894,165.5992],[-98.4216,25.4894,157.7355],[-98.4231,25.4475,175.269],[-98.5689,25.342,135.3809],[-98.5819,25.3329,118.7138],[-98.5828,25.334,116.2864],[-98.5853,25.3323,114.4618],[-98.5843,25.3313,114.1058],[-98.8881,25.1095,116.5448],[-98.9238,25.0819,113.0757],[-98.925299999999993,25.0823,118.129],[-98.929,25.0773,113.7969],[-98.9337,25.0761,114.7284],[-98.9323,25.0788,115.1307],[-98.9343,25.0802,115.9073],[-98.9342,25.0728,114.8127],[-98.9377,25.0729,115.2496],[-98.9412,25.0709,115.8346],[-98.9462,25.0766,117.0753],[-98.9475,25.0739,116.1595],[-98.9552,25.0761,118.1168],[-98.9566,25.0733,118.257],[-98.9574,25.0758,119.04],[-98.9592,25.076,118.5666],[-98.9611,25.0732,119.3511],[-98.9683,25.0704,125.7934],[-98.9681,25.0733,118.3469],[-98.9708,25.074,122.9691],[-98.972,25.0728,118.685],[-98.9699,25.0719,119.7215],[-98.9764,25.0688,120.8185],[-98.9777,25.0693,121.4595],[-98.9777,25.0718,120.9805],[-98.982,25.0707,121.546],[-98.9825,25.074,123.533],[-98.9852,25.0744,124.0956],[-98.9854,25.0705,121.9596],[-98.9894,25.0674,122.5218],[-98.9911,25.0702,122.5951],[-98.9977,25.0713,126.9493],[-99.0001,25.0707,128.579],[-98.9991,25.0684,125.45],[-99.0002,25.0674,122.1982],[-99.0075,25.0673,125.4611],[-99.015,25.0701,125.3439],[-99.0191,25.0699,127.6277],[-99.0224,25.0733,130.9151],[-99.0175,25.0756,131.853],[-99.0196,25.0792,128.0328],[-99.0142,25.0806,127.6514],[-99.0167,25.0827,127.9458],[-99.0157,25.0861,127.99],[-99.0211,25.0892,128.827],[-99.0218,25.0937,129.4249],[-99.026,25.0926,130.3134],[-99.0295,25.0964,133.9128],[-99.0302,25.101,132.1221],[-99.0337,25.1071,133.7855],[-99.0292,25.1078,132.7608],[-99.0288,25.1104,133.8318],[-99.0336,25.1135,133.7861],[-99.035,25.12,134.94],[-99.04,25.1197,139.0641],[-99.042,25.123,139.2724],[-99.0479,25.1203,139.5591],[-99.0525,25.1271,144.9072],[-99.0542,25.1238,139.6497],[-99.0593,25.1213,144.5961],[-99.06,25.1177,140.991],[-99.0677,25.1161,144.6261],[-99.0683,25.1144,141.7487],[-99.0662,25.1138,141.5826],[-99.0673,25.1107,142.5239],[-99.073,25.1082,144.1045],[-99.0699,25.1045,145.4424],[-99.0706,25.1023,146.6548],[-99.0779,25.1014,148.8804],[-99.0773,25.0987,148.6548],[-99.0724,25.0977,147.7452],[-99.0715,25.0961,147.3105],[-99.0731,25.0934,149.9584],[-99.0788,25.0921,149.2526],[-99.075,25.0879,150.4702],[-99.0756,25.0853,151.0181],[-99.0803,25.0834,150.2307],[-99.0786,25.0798,152.6499],[-99.0813,25.0777,154.5026],[-99.0819,25.0737,156.9506],[-99.0855,25.0772,153.1349],[-99.089,25.0757,153.7838],[-99.0899,25.0783,154.1239],[-99.0977,25.078,155.0711],[-99.0942,25.0745,154.697],[-99.0977,25.0737,157.2032],[-99.1015,25.0694,156.2208],[-99.0958,25.067,159.2731],[-99.0955,25.065,159.0621],[-99.0976,25.0631,160.5216],[-99.1,25.0648,161.0397],[-99.1014,25.062,167.9628],[-99.104,25.0619,158.728],[-99.1063,25.0595,161.3944],[-99.1116,25.0591,159.9848],[-99.1138,25.0561,163.1613],[-99.1202,25.0573,166.9316],[-99.1249,25.0543,165.2138],[-99.1274,25.0559,165.7112],[-99.1309,25.0519,167.0626],[-99.1339,25.0535,165.2662],[-99.1335,25.0516,164.8094],[-99.1351,25.0504,167.4464],[-99.1426,25.0542,176.3422],[-99.1452,25.0527,167.2925],[-99.1488,25.055,165.9813],[-99.1561,25.0564,170.4164],[-99.1606,25.0553,168.899],[-99.1611,25.0484,170.4777],[-99.167,25.0463,174.2868],[-99.1629,25.0436,173.1947],[-99.1636,25.0349,173.1258],[-99.1565,25.0278,177.1938],[-99.1599,25.0258,176.1528],[-99.1649,25.0295,176.5872],[-99.1711,25.0248,179.2833],[-99.1717,25.0197,181.6515],[-99.1783,25.0177,182.1759],[-99.1809,25.0115,182.6693],[-99.1589,24.916,239.7619],[-99.2074,24.8614,374.806],[-99.182,24.776,379.1375],[-99.1887,24.7807,353.2312],[-99.2129,24.7717,327.4526],[-99.2949,24.8041,251.5468],[-99.2972,24.7941,254.631],[-99.3002,24.794,254.8126],[-99.3035,24.7914,256.9643],[-99.3068,24.792,255.7837],[-99.3107,24.7873,257.6132],[-99.3179,24.7898,258.4828],[-99.3248,24.7847,261.0917],[-99.3317,24.7762,263.175],[-99.3542,24.7717,268.5411],[-99.3644,24.7718,272.7256],[-99.3679,24.7656,273.4585],[-99.3722,24.7656,272.3883],[-99.373,24.7628,272.9039],[-99.3764,24.7614,273.7264],[-99.3824,24.7498,277.0758],[-99.3818,24.747,278.2867],[-99.386,24.7451,279.5639],[-99.3894,24.7398,280.257],[-99.3976,24.7399,284.1577],[-99.4066,24.7345,286.7306],[-99.4103,24.7361,286.8824],[-99.4149,24.7352,287.3075],[-99.4229,24.7368,290.1799],[-99.425,24.7301,291.6131],[-99.4307,24.7258,292.678],[-99.4358,24.7264,293.5782],[-99.4367,24.7252,293.1693],[-99.4426,24.7268,293.9469],[-99.4481,24.7322,297.4765],[-99.4508,24.7308,297.3189],[-99.4506,24.7285,297.9576],[-99.4527,24.7284,298.0988],[-99.4556,24.7253,306.5928],[-99.4595,24.7249,298.979],[-99.465,24.72,302.5549],[-99.467,24.7201,301.0672],[-99.471,24.7149,305.9501],[-99.4777,24.7126,307.578],[-99.4769,24.7116,307.2663],[-99.4822,24.7082,310.9985],[-99.4849,24.7035,311.0871],[-99.4868,24.7033,312.672],[-99.4882,24.6999,311.3179],[-99.4919,24.6977,315.8044],[-99.4913,24.6953,317.3911],[-99.4941,24.688,321.4157],[-99.4983,24.6842,322.6447],[-99.5007,24.6792,323.8928],[-99.5006,24.666,332.7325],[-99.4977,24.6577,342.0385],[-99.4982,24.6541,342.4292],[-99.496,24.651,344.6993],[-99.4981,24.6483,344.792],[-99.4995,24.6413,346.526],[-99.5128,24.6345,356.2262],[-99.5207,24.6341,361.6861],[-99.5282,24.6316,368.9728],[-99.5304,24.628,371.6999],[-99.536,24.6258,374.9993],[-99.5379,24.6224,379.385],[-99.5398,24.6268,382.4216],[-99.5451,24.6265,384.7137],[-99.5478,24.6243,390.3438],[-99.5452,24.6187,395.6544],[-99.5478,24.6153,401.7],[-99.5462,24.6131,398.872],[-99.5498,24.6116,404.4307],[-99.5532,24.6124,409.9049],[-99.5572,24.6087,417.8154],[-99.5583,24.6098,412.1089],[-99.5574,24.6124,414.5283],[-99.5685,24.6173,421.0804],[-99.5701,24.62,424.3639],[-99.5737,24.6203,433.4444],[-99.5761,24.6236,432.1224],[-99.5794,24.6222,435.3015],[-99.5858,24.6224,441.7406],[-99.5858,24.6244,441.4595],[-99.5926,24.6194,451.9103],[-99.597,24.6227,458.8417],[-99.6031,24.6213,461.7154],[-99.6094,24.6225,489.8595],[-99.7047,24.5759,1603.3142],[-99.733,24.554,1753.6658],[-99.7198,24.4837,1812.5557],[-99.6364,24.5067,1254.9493],[-99.6286,24.4922,1441.0135],[-99.6115,24.4528,1647.2843],[-99.5899,24.3961,1350.3977],[-99.5893,24.3508,1217.1721],[-99.5943,24.3309,1344.3486],[-99.6202,24.2784,883.5775],[-99.6431,24.2254,1774.6619],[-99.6478,24.2181,1849.7385],[-99.6571,24.118,2112.1863],[-99.5709,24.0394,1904.5114],[-99.5419,24.0336,1623.5402],[-99.5409,23.9973,1876.9116],[-99.52,23.9906,1365.4369],[-99.4869,23.9605,2092.3857],[-99.4569,23.8661,2651.8054],[-99.4938,23.8787,1745.936],[-99.5767,23.7755,1347.7823],[-99.6022,23.7629,1949.818],[-99.6195,23.7597,1639.0548],[-99.6834,23.7766,2112.3181],[-99.769,23.7845,2676.4138],[-99.8055,23.7843,2501.3628],[-99.8607,23.7745,3493.0918],[-99.8911,23.7038,2307.2686],[-99.9158,23.6651,1537.6287],[-99.9612,23.5569,1457.9318],[-99.9213,23.3792,1822.4066],[-99.9825,23.3924,1911.9816],[-100.0091,23.392,2061.0747],[-100.0472,23.396,1789.9285],[-100.0803,23.3957,1696.6226],[-100.1207,23.3578,1463.5668],[-100.145,23.3395,1423.1477],[-100.078,23.306,1546.8619],[-100.0796,23.2961,1670.6725],[-100.0856,23.287,1702.6145],[-100.1019,23.2311,1849.3124],[-100.1038,23.2315,1887.7271],[-100.1097,23.1997,1813.3616],[-100.1183,23.2005,1494.1187],[-100.119,23.1524,1447.2477],[-100.1102,23.1511,1719.3357],[-100.1156,23.126,1321.9465],[-100.0687,23.1212,1405.4858],[-100.069,23.0959,1278.8892],[-100.0114,23.0654,1625.267],[-100.0127,23.0589,1597.1797],[-100.0237,23.0605,1498.7615],[-100.0241,23.0591,1447.2471],[-100.0272,23.0587,1426.9608],[-100.027,23.0558,1404.708],[-100.0317,23.0534,1407.7843],[-100.0405,23.0518,1299.8539],[-100.0426,23.0527,1265.6399],[-100.0475,23.0506,1243.8635],[-100.0529,23.0459,1197.3895],[-100.0542,23.042,1179.0143],[-100.0621,23.0398,1148.3606],[-100.0661,23.0349,1132.5696],[-100.0669,23.0314,1128.0015],[-100.0618,23.012,1114.2898],[-100.0647,23.0124,1115.0028],[-100.0663,23.0104,1113.9009],[-100.0675,23.0081,1113.5637],[-100.0662,23.0018,1111.7117],[-100.07,23.001,1111.5803],[-100.0717,22.9974,1110.9447],[-100.0742,22.9967,1110.542],[-100.078,23.0018,1111.8521],[-100.0805,23.002,1111.8625],[-100.0863,23.0111,1116.824],[-100.0913,23.0114,1116.9563],[-100.0949,23.0138,1121.0801],[-100.0975,23.0131,1120.7004],[-100.0995,23.0079,1120.2224],[-100.0894,22.9688,1122.5044],[-100.1108,22.9757,1102.1462],[-100.1104,22.9167,1097.9089],[-100.0442,22.9179,1106.4634],[-100.0294,22.8244,1082.176],[-100.1019,22.7628,1151.6825],[-100.0941,22.7513,1140.6644],[-100.0223,22.7259,1099.7037],[-99.9585,22.7498,1022.3181],[-99.957,22.7517,1022.5375],[-99.8921,22.7484,1022.8284],[-99.8832,22.7482,1021.8396],[-99.8824,22.7499,1021.8967],[-99.8428,22.7306,1024.261],[-99.8479,22.6784,1024.8669],[-99.814,22.6608,1338.4617],[-99.8055,22.6578,1140.292],[-99.798,22.6667,1224.0466],[-99.7973,22.665,1127.0549],[-99.7947,22.6677,1206.9446],[-99.785,22.6685,1067.9161],[-99.7794,22.6674,1064.2593],[-99.7702,22.6623,1099.7294],[-99.7641,22.6621,1107.0946],[-99.7548,22.6566,1083.3259],[-99.7241,22.6596,1058.0933],[-99.7184,22.6646,1066.3317],[-99.7018,22.6732,1101.0204],[-99.6825,22.6811,1251.0518],[-99.5606,22.6412,962.1002],[-99.5347,22.6128,1298.1808],[-99.5137,22.6151,1025.6584],[-99.4945,22.6209,1326.2012],[-99.5153,22.6647,1276.7979],[-99.5168,22.6644,1286.2865],[-99.5256,22.6945,1281.2292],[-99.5279,22.6956,1361.1996],[-99.5443,22.7441,1343.3851],[-99.4968,22.7485,1296.0787],[-99.4924,22.7419,1240.7302],[-99.4792,22.7421,1038.1841],[-99.4771,22.7406,939.2659],[-99.4483,22.6734,1111.8069],[-99.4421,22.6636,1155.4036],[-99.4199,22.662,547.7603],[-99.3965,22.6708,525.5909],[-99.3884,22.6693,364.6977],[-99.3856,22.6703,330.1064],[-99.3854,22.6645,327.4687],[-99.3777,22.6461,335.7243],[-99.3732,22.6291,331.5745],[-99.3296,22.6349,599.9834],[-99.3214,22.6167,614.9429],[-99.3301,22.6148,382.0373],[-99.3286,22.6087,347.4645],[-99.314,22.6099,611.9638],[-99.2997,22.5743,622.1907],[-99.2887,22.5558,420.3372],[-99.2779,22.5237,407.5648],[-99.2724,22.5133,453.4012],[-99.2631,22.4698,505.361],[-99.26,22.4678,486.3745],[-99.2514,22.444,560.1614],[-99.2434,22.4334,563.5806],[-99.2368,22.4129,625.6645],[-99.1206,22.4066,272.8684],[-99.1126,22.4068,376.9756],[-99.0604,22.4153,288.8936],[-98.932,22.3928,741.8394],[-98.9301,22.3826,784.5903],[-98.9255,22.3717,776.7716],[-98.9194,22.3711,397.6585],[-98.9123,22.3738,86.37],[-98.902,22.3659,80.8036],[-98.899,22.3659,81.4748],[-98.8964,22.3623,79.7223],[-98.897,22.3591,77.9927],[-98.89,22.3551,74.7593],[-98.8806,22.3583,76.0729],[-98.8756,22.362,73.9229],[-98.8723,22.3674,70.5475],[-98.8591,22.3647,73.4914],[-98.8527,22.3684,69.7453],[-98.844,22.3661,65.9117],[-98.8347,22.3608,68.2027],[-98.8236,22.3587,63.1834],[-98.8215,22.3563,63.5842],[-98.8145,22.3583,63.8654],[-98.8112,22.3615,64.0266],[-98.7919,22.3619,59.9853],[-98.7864,22.366,57.1099],[-98.7809,22.3661,55.5977],[-98.7756,22.3642,55.0148],[-98.769,22.3669,53.6317],[-98.7564,22.3669,53.1109],[-98.7517,22.369,50.5869],[-98.7499,22.3766,51.2513],[-98.7459,22.3809,47.8075],[-98.7315,22.3813,46.5089],[-98.729,22.386,45.3331],[-98.7294,22.388,46.2822],[-98.7268,22.3882,45.9156],[-98.7264,22.3898,46.079],[-98.7229,22.3893,45.5067],[-98.7197,22.3917,44.7844],[-98.7183,22.3908,43.9979],[-98.7136,22.3956,45.0205],[-98.7082,22.3973,42.373],[-98.7047,22.4002,42.797],[-98.7019,22.4002,40.6347],[-98.7008,22.4026,41.6086],[-98.6969,22.4018,40.7402],[-98.6939,22.4042,40.0341],[-98.6903,22.4027,38.4032],[-98.6873,22.4051,40.0466],[-98.6796,22.4057,38.7704],[-98.6771,22.4089,38.5056],[-98.6739,22.4059,36.8839],[-98.6697,22.4047,36.5844],[-98.667,22.4062,35.2303],[-98.668,22.4045,36.5844],[-98.6658,22.4037,33.3223],[-98.6576,22.4074,35.3987],[-98.6556,22.407,34.384],[-98.6549,22.4092,35.1808],[-98.6533,22.4079,33.7614],[-98.6402,22.4114,33.2969],[-98.6382,22.4145,31.9328],[-98.6361,22.4137,31.955],[-98.6369,22.4122,34.6879],[-98.6349,22.4102,27.4073],[-98.6321,22.4102,29.3721],[-98.6326,22.4073,31.7519],[-98.6304,22.4072,29.3504],[-98.6296,22.404,29.9868],[-98.6277,22.403199999999998,28.8098],[-98.6263,22.4045,29.9868],[-98.6269,22.4022,28.8098],[-98.6212,22.4023,27.8305],[-98.6203,22.4045,29.8302],[-98.6138,22.4089,25.8702],[-98.6123,22.4073,29.1505],[-98.608,22.4072,24.628],[-98.6094,22.4064,27.777],[-98.6025,22.3993,26.7025],[-98.5988,22.4002,26.7388],[-98.5967,22.3971,26.4623],[-98.5945,22.3987,24.5933],[-98.5946,22.397,22.8667],[-98.5898,22.3944,22.3186],[-98.5835,22.3973,21.4207],[-98.5739,22.3943,21.4509],[-98.5713,22.3956,21.912],[-98.5714,22.3984,20.032],[-98.5685,22.4016,18.5039],[-98.5609,22.3995,17.4553],[-98.5461,22.4002,14.736],[-98.5413,22.4057,14.2599],[-98.5254,22.4068,12.6114],[-98.5208,22.4115,12.7774],[-98.5186,22.4108,13.1494],[-98.5153,22.4133,11.3703],[-98.5133,22.413,11.0078],[-98.5096,22.4164,11.6562],[-98.5119,22.422,7.8214],[-98.505,22.4295,11.5788],[-98.498,22.4267,10.0668],[-98.4937,22.4268,14.0227],[-98.4968,22.424,12.2429],[-98.4934,22.4237,12.8906],[-98.4921,22.4195,12.0349],[-98.4885,22.4243,10.562],[-98.4904,22.4278,10.8166],[-98.4852,22.4256,8.7611],[-98.4668,22.4288,9.8879],[-98.464,22.4255,11.3344],[-98.4666,22.4143,9.136],[-98.461,22.4122,6.3967],[-98.4486,22.42,10.2475],[-98.4426,22.4324,9.6598],[-98.4338,22.4329,7.3518],[-98.432,22.4316,8.7268],[-98.4311,22.4252,8.5771],[-98.4331,22.4136,4.0098],[-98.419,22.4127,3.7329],[-98.4095,22.3999,5.4669],[-98.4062,22.4009,9.5001],[-98.3993,22.4088,4.1403],[-98.3935,22.4214,5.6479],[-98.3886,22.4243,4.5442],[-98.3847,22.4223,5.9055],[-98.3825,22.4159,6.1625],[-98.3846,22.4033,3.6533],[-98.391,22.3958,3.271],[-98.3909,22.3926,3.0975],[-98.3878,22.3893,5.0095],[-98.3792,22.388,6.802],[-98.3746,22.3896,2.3849],[-98.3598,22.405,6.0812],[-98.3552,22.4074,4.2479],[-98.3529,22.4067,5.658],[-98.351,22.4024,2.513],[-98.3512,22.3991,2.7581],[-98.3552,22.3983,2.4317],[-98.3565,22.3951,2.4201],[-98.3554,22.391,5.2934],[-98.3523,22.3887,6.6109],[-98.3429,22.3897,3.1414],[-98.3333,22.3968,4.184],[-98.3277,22.3987,5.4189],[-98.3234,22.3967,2.4455],[-98.3188,22.3907,1.9068],[-98.3164,22.3933,2.2996],[-98.3165,22.4047,4.6208],[-98.3127,22.4143,1.7348],[-98.3153,22.4193,3.6527],[-98.3257,22.4239,4.7992],[-98.3274,22.4265,4.5856],[-98.3209,22.44,1.9018],[-98.3122,22.4452,2.7905],[-98.3136,22.4562,2.785],[-98.3193,22.4652,2.6691],[-98.3168,22.4686,3.6226],[-98.3088,22.4685,2.0076],[-98.301,22.4612,3.0416],[-98.2917,22.4678,2.5786],[-98.2874,22.467,4.8527],[-98.2836,22.4634,3.2433],[-98.2776,22.4489,1.3625],[-98.2729,22.4473,2.8971],[-98.2566,22.4534,1.613],[-98.2534,22.4665,2.4565],[-98.252,22.4692,1.9114],[-98.2479,22.4717,2.4],[-98.2403,22.4697,3.3008],[-98.2324,22.4613,2.4722],[-98.2297,22.4621,4.0585],[-98.2237,22.4695,2.6455],[-98.2198,22.4718,2.1778],[-98.2141,22.47,5.6468],[-98.207,22.464,1.7884],[-98.195,22.4696,1.8729],[-98.1926,22.4652,0.9392],[-98.1999,22.449,2.1321],[-98.1897,22.4418,0.5],[-98.1905,22.4296,1.1722],[-98.189,22.4253,1.6978],[-98.1735,22.4183,1.0544],[-98.1633,22.41,2.027],[-98.1516,22.4129,1.6276],[-98.1135,22.3953,1.6242],[-98.1113,22.3921,1.6478],[-98.1119,22.3782,3.9898],[-98.1062,22.3667,2.7746],[-98.1025,22.3667,2.631],[-98.0955,22.3727,1.8695],[-98.086,22.3702,1.9245],[-98.0743,22.3478,0.9299],[-98.0708,22.347,1.9632],[-98.065,22.3486,1.7238],[-98.0595,22.3464,1.7764],[-98.054,22.3555,1.8201],[-98.0387,22.3558,1.4793],[-98.0285,22.3584,1.8513],[-98.0246,22.3568,1.1581],[-98.0211,22.3528,1.5164],[-98.0129,22.3533,1.8172],[-98.0007,22.3482,0.0],[-97.9963,22.3485,4.0973],[-97.9927,22.3513,0.5549],[-97.99,22.3509,1.668],[-97.9852,22.3412,1.8267],[-97.9776,22.339,1.0416],[-97.9735,22.3336,1.7014],[-97.9704,22.3329,0.548],[-97.9705,22.3281,2.4189],[-97.9787,22.3173,1.1433],[-97.9791,22.3132,2.0022],[-97.9828,22.3111,3.9573],[-97.984,22.3047,1.3034],[-97.9953,22.3113,1.1432],[-97.9954,22.3137,0.2751],[-97.9989,22.3143,0.0],[-97.9976,22.3027,1.4906],[-97.9983,22.299,2.4949],[-98.0003,22.2974,5.3196],[-97.9927,22.2928,0.0],[-97.9869,22.3016,5.1787],[-97.9831,22.2989,0.0],[-97.9827,22.3026,0.5691],[-97.9788,22.3016,0.0],[-97.9715,22.2962,0.0],[-97.9695,22.2974,10.6791],[-97.9621,22.2941,6.2958],[-97.9567,22.2939,11.1462],[-97.9539,22.287,0.0],[-97.9425,22.2773,7.4803],[-97.9317,22.271,0.0],[-97.9318,22.2645,0.0],[-97.9354,22.2564,0.0],[-97.9346,22.2546,2.8822],[-97.9257,22.2507,5.8261],[-97.9186,22.2511,0.0],[-97.9168,22.2526,8.1322],[-97.9172,22.248,2.5996],[-97.9203,22.246,7.721],[-97.9179,22.24,1.1799],[-97.9024,22.2333,0.7561],[-97.8978,22.2297,0.0],[-97.8958,22.2238,2.5669],[-97.8545,22.2091,1.7751],[-97.8432,22.2088,2.1809],[-97.8395,22.2115,0.6114],[-97.8382,22.2334,1.5462],[-97.8333,22.2399,0.7511],[-97.8209,22.2492,2.0514],[-97.8002,22.2591,0.6701],[-97.7975,22.2622,4.3106],[-97.7961,22.2613,0.2149],[-97.784,22.2639,0.352],[-97.7938,22.277,2.8124]]],
[[[-97.8676,22.6199,0.6299],[-97.8639,22.6234,0.7157],[-97.8593,22.6248,0.3783],[-97.8599,22.6268,0.3442],[-97.8671,22.6237,0.0],[-97.8722,22.6187,0.0],[-97.8676,22.6199,0.6299]]],
[[[-97.8419,22.6798,0.0],[-97.8422,22.6807,0.4186],[-97.8432,22.6808,0.0],[-97.843,22.6785,0.0],[-97.8419,22.6798,0.0]]],
[[[-97.846,22.6812,0.4423],[-97.8477,22.6814,0.4799],[-97.8486,22.6803,0.5173],[-97.8466,22.6794,0.4487],[-97.846,22.6812,0.4423]]],
[[[-97.8466,22.6838,0.8131],[-97.8454,22.6826,0.3441],[-97.8435,22.6832,0.6811],[-97.8441,22.684,0.6291],[-97.8466,22.6838,0.8131]]],
[[[-97.843,22.6834,0.6811],[-97.843,22.682,0.0],[-97.8399,22.6806,0.1843],[-97.8413,22.6852,0.4349],[-97.8403,22.6866,0.2118],[-97.8428,22.6871,0.0],[-97.843,22.6834,0.6811]]],
[[[-97.8263,22.7085,0.2081],[-97.8297,22.7082,0.3714],[-97.8298,22.7072,0.3714],[-97.8272,22.7065,0.1565],[-97.8263,22.7085,0.2081]]],
[[[-97.8327,22.7105,0.0],[-97.8326,22.7087,0.0],[-97.8321,22.7087,0.0],[-97.8312,22.7112,0.0141],[-97.8327,22.7105,0.0]]],
[[[-97.7932,22.7945,0.022],[-97.7944,22.7933,0.0],[-97.7944,22.7926,0.0],[-97.791,22.7939,0.0678],[-97.7932,22.7945,0.022]]],
[[[-97.7922,22.8171,0.488],[-97.79,22.8171,0.039],[-97.7899,22.8129,0.0],[-97.7885,22.8142,0.0],[-97.791,22.8218,0.081],[-97.7936,22.8161,0.7628],[-97.7922,22.8171,0.488]]],
[[[-97.7869,22.8268,0.0953],[-97.7871,22.8258,0.0],[-97.7858,22.824,0.0],[-97.7852,22.8269,0.0953],[-97.7869,22.8268,0.0953]]],
[[[-97.7762,22.912,0.5129],[-97.7778,22.9101,0.5814],[-97.7735,22.9136,0.0],[-97.774,22.9139,0.0],[-97.7762,22.912,0.5129]]],
[[[-97.7624,23.5721,0.5176],[-97.7629,23.5708,0.0],[-97.7611,23.5704,0.0],[-97.7591,23.573,0.0],[-97.7627,23.5759,0.0],[-97.7619,23.5725,0.0],[-97.7624,23.5721,0.5176]]],
[[[-97.7632,23.5795,0.0],[-97.7608,23.5783,0.0],[-97.7586,23.5805,0.5251],[-97.7617,23.5846,0.4429],[-97.7675,23.587,0.0],[-97.7673,23.5838,0.0],[-97.7632,23.5795,0.0]]],
[[[-97.7637,23.6393,0.0],[-97.7625,23.6308,0.0],[-97.7599,23.638,0.0],[-97.7623,23.6444,0.0],[-97.7643,23.6424,0.0],[-97.7637,23.6393,0.0]]],
[[[-97.7955,24.0955,0.0],[-97.7993,24.0973,0.0],[-97.7999,24.0957,0.0],[-97.7985,24.0929,1.2568],[-97.795,24.0912,0.0],[-97.794,24.0926,0.0],[-97.7955,24.0955,0.0]]],
[[[-97.75,23.8235,0.0],[-97.7498,23.8164,0.0],[-97.748,23.8155,0.0],[-97.7463,23.8214,0.0],[-97.7499,23.827,0.0],[-97.75,23.8235,0.0]]],
[[[-97.748,23.8324,0.0],[-97.7451,23.8266,0.0],[-97.7415,23.829,0.0],[-97.7454,23.8326,0.0],[-97.7452,23.8368,0.0],[-97.7471,23.8405,0.0],[-97.7477,23.8401,0.0],[-97.748,23.8324,0.0]]],
[[[-97.744,23.8415,0.0],[-97.744,23.8373,0.0],[-97.7421,23.8361,0.0],[-97.7428,23.8405,0.0],[-97.744,23.8415,0.0]]],
[[[-97.7513,23.8779,0.0],[-97.7491,23.8871,0.0],[-97.7502,23.8974,0.0],[-97.7508,23.8882,0.0],[-97.754,23.8864,0.0],[-97.7529,23.8848,0.0],[-97.7542,23.8808,0.0],[-97.7535,23.8745,0.0],[-97.7513,23.8779,0.0]]],
[[[-97.7493,23.9212,0.0],[-97.747,23.922,0.9621],[-97.7451,23.9194,0.0],[-97.744,23.922,1.0888],[-97.7532,23.935,0.0],[-97.7574,23.921,0.0],[-97.7544,23.9142,0.0],[-97.7515,23.9158,0.0],[-97.7512,23.9219,0.0],[-97.7493,23.9212,0.0]]],
[[[-97.7555,24.0886,0.0],[-97.7601,24.0718,0.0],[-97.7597,24.0692,0.0],[-97.7567,24.0664,0.0],[-97.7544,24.0707,0.0],[-97.755,24.0772,0.0],[-97.7486,24.0824,0.0],[-97.7492,24.087,0.0],[-97.7512,24.0893,0.0],[-97.7543,24.09,0.0],[-97.7555,24.0886,0.0]]],
[[[-97.7399,24.0718,0.0],[-97.7381,24.0708,0.0],[-97.7372,24.072,0.555],[-97.7388,24.0803,0.0],[-97.737,24.0866,0.0],[-97.7388,24.0897,0.0],[-97.7406,24.0804,0.0],[-97.7399,24.0718,0.0]]],
[[[-97.7536,24.1048,0.0],[-97.7556,24.1015,0.0],[-97.7551,24.0976,0.0],[-97.7521,24.0987,0.0],[-97.7499,24.1025,0.0],[-97.7474,24.1119,0.0],[-97.7487,24.1153,0.3522],[-97.7509,24.1126,0.0],[-97.7513,24.1072,0.0],[-97.7536,24.1048,0.0]]],
[[[-97.7556,24.11,0.0],[-97.7605,24.1076,0.0],[-97.7618,24.1041,0.0],[-97.7608,24.097,0.0],[-97.7545,24.1055,0.0],[-97.7556,24.11,0.0]]],
[[[-97.7531,24.1405,0.0],[-97.7547,24.1429,0.0],[-97.7554,24.1354,0.0],[-97.7537,24.1363,0.0],[-97.7531,24.1405,0.0]]],
[[[-97.7592,24.144,0.0],[-97.7594,24.1396,0.0],[-97.7573,24.1378,0.0],[-97.756,24.144,0.0],[-97.7574,24.1445,0.0],[-97.7576,24.1468,0.0],[-97.7592,24.144,0.0]]],
[[[-97.7624,24.1565,0.0],[-97.7643,24.155,2.8124],[-97.7626,24.1514,0.0],[-97.7596,24.154,0.8272],[-97.7624,24.1565,0.0]]],
[[[-97.8043,24.3519,0.0],[-97.8012,24.3478,3.7621],[-97.8022,24.3428,0.0],[-97.7981,24.3413,0.0],[-97.7992,24.3514,0.0],[-97.8015,24.3545,0.0],[-97.8043,24.3519,0.0]]],
[[[-97.8153,24.3584,0.0],[-97.8165,24.3594,0.0],[-97.8186,24.3588,1.8211],[-97.8172,24.3564,0.0],[-97.8153,24.3584,0.0]]],
[[[-97.7922,24.3833,0.0],[-97.7917,24.3823,0.0],[-97.7894,24.3837,0.0],[-97.7914,24.3842,0.0],[-97.7908,24.3902,0.0],[-97.7921,24.3887,0.0],[-97.7922,24.3833,0.0]]],
[[[-97.8173,24.4023,0.0],[-97.817,24.401,0.0],[-97.8208,24.3944,0.0],[-97.8153,24.3977,0.0],[-97.8173,24.4023,0.0]]],
[[[-97.7945,24.399,0.0],[-97.7876,24.4013,0.4375],[-97.7881,24.4038,0.0],[-97.7941,24.4003,0.0],[-97.7945,24.399,0.0]]],
[[[-97.8415,24.5037,0.0],[-97.8369,24.5041,0.249],[-97.8382,24.5056,0.0],[-97.8418,24.5054,0.0],[-97.84,24.5077,0.0],[-97.8408,24.5118,1.515],[-97.8363,24.5172,0.0],[-97.8389,24.5164,0.0],[-97.8457,24.5082,0.0],[-97.8441,24.504,0.3693],[-97.8415,24.5037,0.0]]],
[[[-97.8505,24.5145,0.0],[-97.8464,24.5147,0.0],[-97.8506,24.519,0.0],[-97.8542,24.5176,0.0],[-97.8551,24.5126,0.0],[-97.8511,24.5111,0.0],[-97.8505,24.5145,0.0]]],
[[[-97.8374,24.5518,0.0],[-97.8371,24.5505,0.0],[-97.8354,24.5494,0.0],[-97.8362,24.5526,0.0],[-97.8374,24.5518,0.0]]],
[[[-97.722,24.3433,0.141],[-97.7226,24.3449,0.1342],[-97.7209,24.3467,0.0],[-97.7213,24.3438,0.1342],[-97.7195,24.3438,0.0578],[-97.7179,24.3501,0.0],[-97.7196,24.3568,0.0538],[-97.724,24.3454,0.0],[-97.7219,24.331,0.0],[-97.7202,24.3292,0.0],[-97.7193,24.3334,0.0936],[-97.7212,24.3364,0.0],[-97.7198,24.3379,0.0],[-97.722,24.3433,0.141]]],
[[[-97.7309,24.8293,0.7399],[-97.7215,24.8324,4.4172],[-97.7223,24.8357,1.9456],[-97.72,24.8363,0.0],[-97.722,24.8402,0.7482],[-97.7237,24.8393,0.0],[-97.7227,24.8385,2.0256],[-97.7242,24.8347,3.2225],[-97.7291,24.8344,2.3144],[-97.7317,24.831,3.4714],[-97.7346,24.8321,0.0],[-97.7384,24.8303,0.2408],[-97.7381,24.8259,0.6025],[-97.7366,24.8282,0.1497],[-97.7309,24.8293,0.7399]]],
[[[-97.7395,24.8348,2.0365],[-97.7381,24.8334,0.0],[-97.7373,24.8346,0.0],[-97.7389,24.8356,0.5407],[-97.7395,24.8348,2.0365]]],
[[[-97.7336,24.8348,0.0],[-97.7338,24.8334,0.0],[-97.7322,24.8333,0.0],[-97.7293,24.8354,2.3144],[-97.7288,24.8388,5.3978],[-97.725,24.8393,0.0],[-97.7268,24.8428,0.7834],[-97.7296,24.8426,0.0],[-97.73,24.8397,0.1298],[-97.7331,24.839,0.0],[-97.7336,24.8348,0.0]]],
[[[-97.695,24.6503,0.0],[-97.6957,24.6473,0.0],[-97.6932,24.6495,0.0],[-97.6933,24.6515,0.0],[-97.6953,24.6527,0.0],[-97.6982,24.6506,0.0],[-97.6956,24.6513,0.0],[-97.695,24.6503,0.0]]],
[[[-97.7032,24.672,0.0],[-97.7011,24.6724,0.2261],[-97.7018,24.6697,0.0],[-97.6994,24.6713,0.2323],[-97.6969,24.6785,0.355],[-97.6975,24.6811,0.0],[-97.6999,24.6771,0.0],[-97.6994,24.6739,0.0],[-97.7002,24.6728,0.6222],[-97.7018,24.6745,0.1623],[-97.7038,24.6731,0.9017],[-97.7032,24.672,0.0]]],
[[[-97.7106,24.6618,0.0],[-97.7065,24.6645,0.0],[-97.704,24.6791,0.0],[-97.7007,24.6827,1.3662],[-97.7002,24.6928,0.0],[-97.704,24.6894,0.681],[-97.7052,24.6826,0.0],[-97.7113,24.6762,0.1982],[-97.7114,24.6747,0.2363],[-97.7083,24.674,1.1271],[-97.7105,24.67,0.8927],[-97.7091,24.6693,0.8927],[-97.7141,24.6694,0.7299],[-97.7137,24.6756,0.0],[-97.7151,24.6725,0.0],[-97.7197,24.6713,0.4323],[-97.7195,24.6668,0.3954],[-97.7127,24.6657,0.4361],[-97.7074,24.6669,0.3097],[-97.7115,24.6642,0.2494],[-97.7106,24.6618,0.0]]],
[[[-97.699,24.6974,0.0],[-97.702,24.6975,0.0],[-97.7021,24.6942,2.1545],[-97.6976,24.6952,0.0],[-97.6973,24.6989,0.0],[-97.6994,24.7,0.2725],[-97.699,24.6974,0.0]]],
[[[-97.6984,24.712,0.0],[-97.6999,24.7051,0.0769],[-97.6967,24.6996,0.0],[-97.6967,24.702,0.2476],[-97.6984,24.712,0.0]]],
[[[-97.716,24.7052,0.0],[-97.7174,24.7081,2.1804],[-97.7127,24.708,0.0],[-97.7075,24.7131,0.8091],[-97.7082,24.7149,0.1489],[-97.7153,24.7096,1.3916],[-97.7167,24.7118,1.1853],[-97.7185,24.711,2.1484],[-97.7231,24.707,0.0],[-97.716,24.7052,0.0]]],
[[[-97.7011,24.7188,1.3407],[-97.7006,24.7201,0.0],[-97.7041,24.7202,2.68],[-97.7059,24.7176,0.0],[-97.704,24.7185,0.0],[-97.7011,24.7188,1.3407]]],
[[[-97.6961,24.7299,1.2484],[-97.6955,24.7317,0.7926],[-97.6932,24.7325,1.3069],[-97.6938,24.7304,0.0],[-97.692,24.7306,0.0],[-97.6902,24.7334,0.0],[-97.6966,24.7342,0.0],[-97.6986,24.7313,0.9716],[-97.7009,24.7312,0.0],[-97.702,24.7269,0.7477],[-97.6981,24.7241,0.7187],[-97.6964,24.7202,0.0],[-97.6902,24.7208,0.6072],[-97.6896,24.7248,0.9729],[-97.6973,24.7259,1.5903],[-97.6961,24.7299,1.2484]]],
[[[-97.7134,24.7383,5.4433],[-97.7097,24.7413,0.6835],[-97.7112,24.7431,1.6899],[-97.7137,24.743,0.6417],[-97.7143,24.745,0.0],[-97.7148,24.7411,2.4446],[-97.7188,24.7402,1.9639],[-97.7173,24.7347,0.3818],[-97.7197,24.7321,0.4642],[-97.7179,24.731,1.8844],[-97.7103,24.7328,0.0],[-97.708,24.7353,0.0],[-97.7094,24.7367,1.354],[-97.7149,24.7338,0.0],[-97.7158,24.7347,3.4555],[-97.7133,24.7357,1.7863],[-97.7134,24.7383,5.4433]]],
[[[-97.6923,24.7465,0.0],[-97.6954,24.7458,0.0],[-97.6936,24.741,0.5823],[-97.6961,24.7387,0.0],[-97.6953,24.7366,0.0],[-97.6949,24.7383,0.0],[-97.6914,24.7398,0.0],[-97.6944,24.7442,0.6222],[-97.6923,24.7465,0.0]]],
[[[-97.7079,24.742,0.0],[-97.7062,24.7407,1.9858],[-97.7046,24.7418,0.0],[-97.7048,24.744,1.0717],[-97.7079,24.7444,0.0],[-97.7079,24.742,0.0]]],
[[[-97.7125,24.7483,0.0],[-97.713,24.7507,0.0],[-97.7181,24.7469,0.0],[-97.7152,24.7458,3.2945],[-97.7125,24.7483,0.0]]],
[[[-97.7154,24.3653,0.0],[-97.7166,24.361,0.0],[-97.7194,24.358,0.0],[-97.7186,24.3566,0.0],[-97.7142,24.364,0.0714],[-97.7145,24.3663,0.0],[-97.7154,24.3653,0.0]]],
[[[-97.6852,24.4613,0.0],[-97.6812,24.4775,0.0],[-97.6862,24.4773,0.0],[-97.6859,24.4748,1.2517],[-97.6895,24.4715,0.0],[-97.6875,24.4688,0.0878],[-97.6903,24.466,0.4694],[-97.6896,24.4639,0.146],[-97.691,24.4639,0.0],[-97.6943,24.4593,0.3185],[-97.6916,24.458,0.3485],[-97.6922,24.4556,0.3386],[-97.6962,24.4553,0.0],[-97.6949,24.4528,0.0],[-97.692,24.453,0.4459],[-97.6966,24.4513,0.0],[-97.6965,24.4448,0.0],[-97.6938,24.4441,0.174],[-97.6968,24.4415,0.0],[-97.6968,24.4293,0.0],[-97.7,24.4276,0.0],[-97.6923,24.4247,0.0],[-97.6985,24.4244,0.0],[-97.6999,24.422,0.0],[-97.6976,24.4218,0.0],[-97.6989,24.4194,0.0],[-97.6974,24.4184,0.0],[-97.6995,24.4163,0.0],[-97.698,24.4109,0.0],[-97.6998,24.4047,0.066],[-97.6987,24.3997,0.0],[-97.6995,24.3921,0.0],[-97.7017,24.3878,0.1363],[-97.7011,24.3851,0.3428],[-97.7044,24.38,0.6662],[-97.7098,24.3776,0.0],[-97.714,24.3692,0.0],[-97.7132,24.3671,0.0],[-97.7087,24.3733,0.4098],[-97.708,24.3687,0.0],[-97.7062,24.3674,0.138],[-97.7066,24.3658,0.3723],[-97.7125,24.3657,0.0],[-97.7164,24.3551,0.0826],[-97.7139,24.3493,0.0],[-97.7158,24.3455,0.0],[-97.7146,24.3439,0.0],[-97.7159,24.3401,0.0],[-97.7145,24.3388,0.0],[-97.713,24.3419,0.0],[-97.7123,24.3387,0.0],[-97.7137,24.3347,0.1618],[-97.7159,24.3361,0.0],[-97.7171,24.3342,0.0],[-97.7167,24.3315,0.0507],[-97.715,24.3287,0.0],[-97.714,24.3294,0.069],[-97.7144,24.3325,0.0085],[-97.712,24.3353,0.089],[-97.711,24.3305,0.0507],[-97.7148,24.3227,0.0],[-97.7123,24.3215,0.0],[-97.7139,24.3212,0.0],[-97.7142,24.3182,0.182],[-97.7169,24.317,0.0872],[-97.7183,24.313,0.0],[-97.7148,24.3055,0.0],[-97.7195,24.299,0.0],[-97.7198,24.2796,0.0],[-97.7179,24.2825,0.0],[-97.7184,24.2901,0.0],[-97.7167,24.2921,0.0],[-97.7178,24.2783,0.0],[-97.7102,24.2801,0.0],[-97.7062,24.3241,1.199],[-97.6852,24.4613,0.0]]],
[[[-97.7049,24.4025,0.111],[-97.7039,24.4076,0.0],[-97.7056,24.41,0.0],[-97.7069,24.4006,0.0],[-97.7043,24.3959,0.0],[-97.7049,24.4025,0.111]]],
[[[-97.6947,24.4726,0.0],[-97.6906,24.4711,0.0],[-97.6869,24.4762,1.0206],[-97.6984,24.4765,1.1443],[-97.7018,24.4737,0.0],[-97.6947,24.4726,0.0]]],
[[[-97.6944,24.6053,0.0],[-97.6856,24.606,0.1421],[-97.6816,24.6055,0.0],[-97.6816,24.6039,0.0],[-97.6792,24.6051,0.0614],[-97.6842,24.6076,0.0],[-97.694,24.6079,0.0],[-97.6982,24.6071,0.0],[-97.7061,24.6013,0.0],[-97.7034,24.5996,0.0],[-97.7006,24.6027,0.1587],[-97.6944,24.6053,0.0]]],
[[[-97.6874,24.619,0.4058],[-97.6847,24.6147,0.0],[-97.6872,24.6207,0.0],[-97.6887,24.6203,0.0],[-97.6889,24.6159,0.0],[-97.6874,24.619,0.4058]]],
[[[-97.6825,24.6371,0.0],[-97.6874,24.6402,0.0],[-97.692,24.6463,0.0],[-97.6951,24.6453,0.0],[-97.6931,24.6452,0.0],[-97.6923,24.642,0.0],[-97.6903,24.6427,0.0],[-97.6859,24.6384,0.2496],[-97.6866,24.637,0.0],[-97.6842,24.6377,0.2496],[-97.6835,24.6359,0.0],[-97.6825,24.6371,0.0]]],
[[[-97.6343,24.7017,0.0],[-97.637,24.6972,0.0],[-97.6363,24.6927,0.0],[-97.6347,24.6927,0.135],[-97.6361,24.6962,0.0],[-97.6325,24.7021,0.0],[-97.6343,24.7017,0.0]]],
[[[-97.6355,24.7075,0.0],[-97.6375,24.7085,0.0],[-97.6378,24.7043,0.0],[-97.6363,24.7052,0.0],[-97.6355,24.7075,0.0]]],
[[[-97.6416,24.7188,0.0],[-97.6448,24.7182,0.0],[-97.6529,24.6975,0.0],[-97.6516,24.6971,0.0],[-97.6496,24.6999,0.0],[-97.6472,24.7083,0.0],[-97.6413,24.716,0.0],[-97.6416,24.7188,0.0]]],
[[[-97.6316,24.7164,0.0],[-97.6355,24.71,0.0],[-97.6344,24.7083,0.0],[-97.6302,24.714,0.0],[-97.6316,24.7164,0.0]]],
[[[-97.5484,24.9566,1.2584],[-97.5464,24.964,1.2455],[-97.5472,24.9667,1.1347],[-97.5481,24.9663,1.1347],[-97.5474,24.9697,0.774],[-97.5506,24.972,0.9351],[-97.5541,24.9693,0.5687],[-97.5562,24.9568,0.4679],[-97.5631,24.9566,-0.2673],[-97.5643,24.954,-0.2427],[-97.5615,24.9439,-0.1457],[-97.5646,24.9396,0.0],[-97.5637,24.9389,0.0],[-97.565,24.9339,0.0],[-97.5669,24.9334,0.0],[-97.5659,24.9319,-0.3183],[-97.5684,24.9206,0.3405],[-97.571,24.9198,0.0],[-97.5711,24.9173,0.0],[-97.573,24.9179,0.0],[-97.5743,24.9163,0.0],[-97.5722,24.9143,0.3491],[-97.5738,24.9077,0.0992],[-97.5714,24.9077,1.1246],[-97.5717,24.9062,0.6833],[-97.5785,24.905,0.1947],[-97.5814,24.9029,0.1137],[-97.5776,24.9013,0.0255],[-97.5765,24.9022,0.3337],[-97.5767,24.8992,0.5261],[-97.5805,24.8959,0.166],[-97.578,24.897,0.1885],[-97.577,24.8939,0.3359],[-97.5833,24.8911,0.1657],[-97.5857,24.8842,0.3443],[-97.5871,24.8841,0.3443],[-97.5802,24.8813,0.6611],[-97.5887,24.8813,0.34],[-97.5901,24.8793,0.0965],[-97.587,24.8784,0.482],[-97.5886,24.8768,0.2731],[-97.5866,24.8754,0.1482],[-97.5904,24.8761,0.0],[-97.5905,24.8746,0.0],[-97.5813,24.8714,0.5728],[-97.593,24.8702,0.1559],[-97.5892,24.8691,0.3617],[-97.5898,24.8664,-0.0813],[-97.5824,24.866,1.0201],[-97.5826,24.8649,0.4544],[-97.5938,24.863,-0.2024],[-97.5873,24.8576,0.6144],[-97.5852,24.8577,1.2915],[-97.5852,24.8563,0.684],[-97.5928,24.8598,0.2536],[-97.596,24.8586,0.0],[-97.5921,24.8554,0.0764],[-97.5901,24.8561,0.2716],[-97.5912,24.8515,0.2705],[-97.5958,24.8536,0.1158],[-97.5975,24.8522,0.1158],[-97.5969,24.8505,0.1856],[-97.5875,24.8497,1.1272],[-97.5857,24.849,1.2238],[-97.5862,24.8468,0.8473],[-97.5958,24.848,0.2954],[-97.5952,24.8466,0.5396],[-97.59,24.8464,0.6166],[-97.5892,24.8446,0.498],[-97.5929,24.8434,0.0835],[-97.5939,24.8402,0.6796],[-97.5933,24.8361,0.3677],[-97.5904,24.8364,0.5097],[-97.5944,24.8334,0.1888],[-97.5959,24.8289,0.0883],[-97.598,24.8274,0.0],[-97.5992,24.8208,0.0599],[-97.6005,24.8202,0.0],[-97.6006,24.8168,0.0],[-97.5976,24.8144,0.9747],[-97.5992,24.8138,0.0],[-97.6016,24.8161,0.0],[-97.6039,24.8143,0.0],[-97.6058,24.8094,0.0],[-97.6048,24.808,0.0],[-97.6047,24.8099,0.0],[-97.6019,24.8112,0.0622],[-97.6006,24.8101,0.1957],[-97.6029,24.8055,0.0],[-97.6017,24.802,0.5522],[-97.6069,24.7984,0.1675],[-97.6071,24.796,0.0],[-97.6048,24.795,0.2074],[-97.6092,24.7934,0.0],[-97.6098,24.7902,0.0],[-97.6057,24.7888,0.2214],[-97.6093,24.7865,0.0],[-97.6066,24.7836,0.4096],[-97.6101,24.7819,0.0],[-97.6109,24.7835,0.0301],[-97.6114,24.7809,0.0],[-97.6137,24.7802,0.1692],[-97.6173,24.775,0.0],[-97.6171,24.7729,0.0],[-97.6141,24.7759,0.0],[-97.6109,24.7751,0.1283],[-97.6154,24.7689,0.1192],[-97.6139,24.7645,0.0],[-97.6161,24.7677,0.0],[-97.6226,24.7641,0.0],[-97.6223,24.7597,0.0],[-97.6187,24.7573,0.0],[-97.6166,24.7589,0.291],[-97.6137,24.7564,0.784],[-97.6175,24.7549,0.0],[-97.6186,24.7495,0.0],[-97.6157,24.7494,1.4254],[-97.6193,24.7462,0.0],[-97.6161,24.7455,1.4934],[-97.6163,24.7432,0.828],[-97.6264,24.7452,0.0],[-97.6242,24.7425,0.1035],[-97.6264,24.742,0.0],[-97.6246,24.7403,0.0986],[-97.6325,24.7409,0.0],[-97.6369,24.7344,0.0],[-97.6336,24.7291,0.0],[-97.6311,24.7291,0.0],[-97.6334,24.7274,0.0],[-97.6331,24.7253,0.0],[-97.6268,24.7239,0.0],[-97.6288,24.7199,0.0],[-97.6272,24.7188,0.0],[-97.6302,24.711,0.0475],[-97.6294,24.7086,0.4059],[-97.6311,24.7067,0.195],[-97.6293,24.7024,0.3198],[-97.6318,24.7019,0.4337],[-97.6321,24.7003,0.1645],[-97.6301,24.6988,0.8288],[-97.633,24.6972,0.1706],[-97.6345,24.694,0.4111],[-97.6327,24.6935,0.7731],[-97.6336,24.6908,0.3386],[-97.636,24.6885,0.0],[-97.6329,24.6875,0.6448],[-97.6373,24.6842,0.0],[-97.6362,24.6808,0.0],[-97.6398,24.6771,0.0],[-97.642,24.6612,1.1445],[-97.646,24.6597,0.1205],[-97.648,24.6551,0.1904],[-97.6434,24.6509,0.0],[-97.6477,24.6473,0.0],[-97.6501,24.6473,0.0],[-97.6526,24.6443,0.0],[-97.6522,24.642,0.0],[-97.6494,24.6398,0.0723],[-97.6479,24.6405,0.428],[-97.6479,24.6284,1.7289],[-97.652,24.6266,0.0],[-97.6514,24.6256,0.0],[-97.6575,24.6253,0.0],[-97.6606,24.6195,0.0],[-97.6628,24.6043,0.0],[-97.6567,24.6006,0.3873],[-97.6632,24.5962,0.1206],[-97.6608,24.590699999999998,0.0403],[-97.6626,24.5887,0.0],[-97.6617,24.5869,0.1115],[-97.6654,24.5832,0.0],[-97.6628,24.582,0.1216],[-97.6635,24.5807,0.1216],[-97.6669,24.582,0.0],[-97.6691,24.5793,0.0777],[-97.6691,24.5727,0.0781],[-97.6669,24.5659,0.5115],[-97.6686,24.5639,0.0783],[-97.6674,24.5626,0.5686],[-97.6681,24.559,0.3036],[-97.6704,24.5553,0.0],[-97.6684,24.5536,0.6074],[-97.6702,24.5517,0.44],[-97.6762,24.551,0.0],[-97.6773,24.55,0.0],[-97.6751,24.5481,0.2546],[-97.6802,24.5458,0.0],[-97.6813,24.5398,0.0],[-97.6789,24.5379,0.0],[-97.6805,24.5363,0.0],[-97.6776,24.533,0.0],[-97.6904,24.5275,0.0],[-97.6891,24.5213,0.0],[-97.6861,24.5223,0.0],[-97.6921,24.515,0.0],[-97.6919,24.5105,0.0],[-97.6896,24.5091,0.0],[-97.6914,24.5085,0.0],[-97.6921,24.5053,0.0],[-97.6901,24.4969,0.0],[-97.6879,24.4945,0.0],[-97.682,24.494,0.4421],[-97.6829,24.4907,0.0369],[-97.6871,24.4883,0.0],[-97.6866,24.4863,0.2816],[-97.6907,24.4865,0.0],[-97.6899,24.4826,0.096],[-97.6923,24.4817,0.61],[-97.6921,24.479,0.3117],[-97.6869,24.479,0.7684],[-97.6844,24.481,0.8275],[-97.6807,24.4797,0.0],[-97.6766,24.5053,0.0],[-97.664,24.5617,1.5471],[-97.6219,24.7202,0.0],[-97.5759,24.8773,0.8128],[-97.5484,24.9566,1.2584]]],
[[[-97.6947,24.7553,0.9266],[-97.6929,24.7566,0.4028],[-97.6941,24.7588,0.0],[-97.7006,24.7548,0.3594],[-97.6993,24.7541,0.3594],[-97.6947,24.7553,0.9266]]],
[[[-97.704,24.7584,0.0],[-97.7007,24.7592,3.2822],[-97.7003,24.7639,0.0],[-97.6974,24.7631,0.6813],[-97.698,24.767,0.5819],[-97.7005,24.7675,0.0],[-97.701,24.7654,3.04],[-97.7042,24.7636,3.2823],[-97.7053,24.7611,0.0],[-97.704,24.7584,0.0]]],
[[[-97.6917,24.765,0.311],[-97.6932,24.7661,0.0],[-97.6969,24.7622,0.6813],[-97.6913,24.7616,0.0],[-97.6917,24.765,0.311]]],
[[[-97.714,24.7636,0.0],[-97.7113,24.7654,0.0],[-97.7117,24.7672,0.0],[-97.7153,24.7645,0.0],[-97.714,24.7636,0.0]]],
[[[-97.6878,24.7488,0.0],[-97.6896,24.7479,0.2862],[-97.6897,24.7442,0.6122],[-97.6838,24.7457,0.0],[-97.6857,24.7477,0.0],[-97.6878,24.7488,0.0]]],
[[[-97.6667,24.7573,0.0],[-97.6719,24.7612,0.0],[-97.6838,24.7592,0.0],[-97.6884,24.7646,0.0],[-97.6913,24.7585,0.0],[-97.6873,24.7622,0.5576],[-97.6875,24.7556,0.0],[-97.6813,24.7546,0.242],[-97.6787,24.7558,0.7622],[-97.6747,24.754,0.0],[-97.6756,24.752,0.0],[-97.6737,24.7508,0.1899],[-97.6733,24.7437,0.0],[-97.6755,24.7423,0.0],[-97.6726,24.7366,0.0],[-97.6749,24.7298,0.0],[-97.6715,24.7338,0.0],[-97.6735,24.7409,0.0],[-97.6727,24.7499,0.1194],[-97.6677,24.7552,0.0],[-97.6642,24.7529,0.0],[-97.6655,24.7493,0.1136],[-97.6638,24.7425,0.0],[-97.6657,24.7401,0.0],[-97.6629,24.7399,0.0],[-97.6635,24.7466,0.0],[-97.6605,24.7509,0.079],[-97.6667,24.7573,0.0]]],
[[[-97.6094,24.7882,0.0],[-97.6125,24.7892,0.0],[-97.6145,24.7861,0.0],[-97.6115,24.7844,0.0],[-97.6094,24.7882,0.0]]],
[[[-97.6154,24.7922,0.0],[-97.6129,24.7925,0.0],[-97.6112,24.7905,0.0],[-97.6095,24.7955,0.0],[-97.615,24.7976,0.0],[-97.6194,24.7853,0.0],[-97.622,24.7826,0.0],[-97.6216,24.78,0.0],[-97.6194,24.7808,0.0855],[-97.6154,24.7922,0.0]]],
[[[-97.6958,24.7752,0.0],[-97.6932,24.7805,0.0],[-97.694,24.7822,0.0],[-97.6964,24.7773,0.0],[-97.6958,24.7752,0.0]]],
[[[-97.6964,24.7961,0.0],[-97.7004,24.7995,0.0],[-97.7014,24.7987,0.0],[-97.6953,24.7937,0.0],[-97.6933,24.7963,0.0],[-97.6951,24.8007,0.0],[-97.7001,24.8031,0.0],[-97.6963,24.8007,0.0],[-97.6946,24.7962,0.0],[-97.6964,24.7961,0.0]]],
[[[-97.6981,24.8065,0.3301],[-97.6971,24.8089,0.0],[-97.7006,24.8072,0.2828],[-97.7045,24.8018,0.0],[-97.7036,24.8009,0.0],[-97.6981,24.8065,0.3301]]],
[[[-97.7116,24.8172,0.0],[-97.7156,24.8158,0.0],[-97.7122,24.8144,0.7042],[-97.7064,24.8161,0.0],[-97.7076,24.8173,0.0],[-97.7105,24.8162,0.0],[-97.7116,24.8172,0.0]]],
[[[-97.6934,24.8104,0.0],[-97.6945,24.8104,0.0],[-97.6905,24.8141,2.1302],[-97.6875,24.8137,0.0],[-97.6885,24.8154,0.5519],[-97.6921,24.8153,2.1302],[-97.6948,24.8126,0.0],[-97.696,24.8093,0.0],[-97.6941,24.8094,0.0],[-97.6935,24.8063,0.3547],[-97.696,24.8049,0.0],[-97.694,24.8044,0.0],[-97.6919,24.8061,0.0],[-97.6934,24.8104,0.0]]],
[[[-97.6853,24.8141,0.1872],[-97.6776,24.8142,0.0],[-97.6734,24.818,0.0],[-97.6746,24.8188,0.0],[-97.6865,24.8152,0.2434],[-97.6845,24.8103,0.0],[-97.6865,24.8083,0.0],[-97.6847,24.8079,0.0],[-97.6831,24.8099,0.0],[-97.6853,24.8141,0.1872]]],
[[[-97.6682,24.8073,0.0],[-97.6695,24.8067,0.0],[-97.6638,24.8068,0.0],[-97.6599,24.8127,1.7443],[-97.6575,24.8208,0.5942],[-97.6594,24.8295,0.0],[-97.661,24.8296,0.0],[-97.6618,24.8278,0.0],[-97.66,24.8262,0.0],[-97.6651,24.8201,0.1568],[-97.671,24.819,0.0],[-97.6678,24.8156,0.0442],[-97.6713,24.8114,0.2255],[-97.6782,24.8065,0.0],[-97.6835,24.8058,0.0],[-97.6806,24.8042,0.4922],[-97.678,24.8048,0.0],[-97.669,24.8112,0.0],[-97.6647,24.8176,0.1223],[-97.6621,24.8175,0.2833],[-97.6641,24.8134,0.64],[-97.668,24.8104,0.3066],[-97.6661,24.8075,0.1283],[-97.6682,24.8073,0.0]]],
[[[-97.6535,24.8897,0.0],[-97.6557,24.8858,0.0],[-97.6507,24.8904,0.0],[-97.6511,24.8926,0.0],[-97.6526,24.8927,0.0],[-97.6512,24.8908,0.0],[-97.6535,24.8897,0.0]]],
[[[-97.7095,24.8308,0.0],[-97.7086,24.828,0.0],[-97.7057,24.8289,0.0],[-97.7094,24.8408,0.0],[-97.7094,24.8365,0.1609],[-97.7109,24.8356,0.1609],[-97.7187,24.8377,0.4439],[-97.7157,24.8362,0.5045],[-97.7169,24.8335,0.8225],[-97.7137,24.8323,2.7326],[-97.7173,24.8291,0.0862],[-97.7191,24.8299,0.0862],[-97.7185,24.829,0.0862],[-97.717,24.8281,0.0],[-97.7109,24.8317,0.0],[-97.7095,24.8308,0.0]]],
[[[-97.7123,24.8424,0.0],[-97.6986,24.8452,0.0],[-97.6815,24.8515,0.0],[-97.6777,24.8575,0.0],[-97.6834,24.8528,0.1483],[-97.6896,24.8522,0.0],[-97.6903,24.8503,0.2688],[-97.7021,24.8461,0.4419],[-97.7083,24.8458,0.3619],[-97.7162,24.851,0.1098],[-97.7216,24.8526,0.0524],[-97.7242,24.851,0.2261],[-97.7268,24.8521,0.0],[-97.7181,24.8476,0.7816],[-97.7149,24.8426,0.0],[-97.7123,24.8424,0.0]]],
[[[-97.7024,24.8536,0.0],[-97.7025,24.8576,0.0],[-97.7045,24.8586,0.7564],[-97.7062,24.8551,0.0],[-97.7024,24.8536,0.0]]],
[[[-97.721,24.8538,2.5693],[-97.7171,24.8547,0.0],[-97.714,24.8626,3.7971],[-97.7138,24.8697,3.6634],[-97.7173,24.8716,0.9938],[-97.7203,24.8692,1.5629],[-97.7167,24.8661,3.0084],[-97.72,24.8663,0.2953],[-97.721,24.8628,1.8728],[-97.7182,24.8599,1.5247],[-97.7215,24.8572,0.1685],[-97.7208,24.8599,0.0],[-97.7242,24.8558,0.2073],[-97.7242,24.8542,0.123],[-97.721,24.8538,2.5693]]],
[[[-97.6091,24.804,0.0],[-97.6109,24.8009,0.0],[-97.6095,24.7983,0.0],[-97.6053,24.8031,0.0],[-97.6071,24.8047,0.0],[-97.6091,24.804,0.0]]],
[[[-97.5829,24.9436,0.3254],[-97.5845,24.9462,0.0],[-97.5849,24.934,0.0],[-97.5822,24.9388,0.5412],[-97.5829,24.9436,0.3254]]],
[[[-97.5753,24.9406,0.5807],[-97.5738,24.9442,0.4112],[-97.5778,24.9484,0.1541],[-97.578,24.9423,0.2451],[-97.5767,24.9397,0.0],[-97.5753,24.9406,0.5807]]],
[[[-97.5885,24.9547,0.2384],[-97.5881,24.953,0.0977],[-97.5855,24.9528,0.1048],[-97.5871,24.9559,0.0],[-97.5885,24.9547,0.2384]]],
[[[-97.6154,24.8957,0.0],[-97.6139,24.8961,0.0],[-97.6143,24.8941,0.0],[-97.612799999999993,24.8944,0.0],[-97.613,24.8966,0.0],[-97.615,24.8969,0.0],[-97.6154,24.8957,0.0]]],
[[[-97.6113,24.9084,0.0],[-97.6134,24.909,0.0],[-97.6149,24.9055,0.0],[-97.6169,24.907,0.1065],[-97.6163,24.9127,0.2656],[-97.6062,24.9234,0.0],[-97.602,24.9252,0.0],[-97.6008,24.9358,0.6456],[-97.5978,24.9367,0.0],[-97.5948,24.941,0.0],[-97.6001,24.9504,0.1302],[-97.6048,24.9525,0.0],[-97.6115,24.9523,0.0],[-97.6141,24.9409,0.0],[-97.6137,24.9347,0.0],[-97.6119,24.9317,0.0],[-97.6156,24.9295,0.0],[-97.6183,24.9184,0.0],[-97.6219,24.9207,0.0],[-97.6261,24.9145,0.0],[-97.6253,24.9033,0.0],[-97.6186,24.8992,0.0],[-97.6149,24.9005,0.0],[-97.6113,24.9084,0.0]]],
[[[-97.6096,24.9707,0.0],[-97.6111,24.9744,0.0],[-97.6135,24.975,0.0],[-97.6119,24.9704,0.0],[-97.6096,24.9707,0.0]]],
[[[-97.6813,24.9775,0.0],[-97.6799,24.9735,0.0],[-97.6769,24.9742,0.0],[-97.6774,24.9752,0.0],[-97.6813,24.9775,0.0]]],
[[[-97.5662,24.9688,-0.1434],[-97.5676,24.9705,-0.3648],[-97.5699,24.9702,0.3061],[-97.5687,24.9604,-0.602],[-97.5676,24.9607,-0.9449],[-97.5662,24.9688,-0.1434]]],
[[[-97.5881,24.9739,0.0],[-97.59,24.9728,0.0],[-97.591,24.9679,0.0],[-97.5899,24.9638,0.0],[-97.5861,24.9593,0.0],[-97.5814,24.9637,0.6024],[-97.5812,24.9678,0.0],[-97.5857,24.9738,0.0],[-97.5881,24.9739,0.0]]],
[[[-97.5626,24.9705,0.0576],[-97.5643,24.9742,-0.0172],[-97.5662,24.974,0.2059],[-97.5633,24.9689,-0.338],[-97.5626,24.9705,0.0576]]],
[[[-97.553,24.9742,-0.0951],[-97.5567,24.9742,0.1411],[-97.5599,24.9718,-0.0289],[-97.5564,24.9711,0.3872],[-97.551,24.9727,-0.2646],[-97.553,24.9742,-0.0951]]],
[[[-97.6703,24.9823,0.0],[-97.6716,24.9801,0.0683],[-97.6697,24.9767,0.0],[-97.6685,24.9792,0.0],[-97.6703,24.9823,0.0]]],
[[[-97.635,24.9787,0.2047],[-97.6361,24.9815,0.0],[-97.6465,24.991,0.0],[-97.6517,24.9985,0.0],[-97.6545,24.999,0.0],[-97.6595,24.9952,0.0],[-97.6615,24.9883,0.0],[-97.6589,24.9805,0.0],[-97.6565,24.9815,0.0],[-97.6579,24.9895,0.2753],[-97.6554,24.9924,0.0],[-97.6521,24.9914,0.0],[-97.651,24.988,0.0],[-97.6446,24.9842,0.1112],[-97.6438,24.9788,0.0],[-97.6473,24.9718,0.0],[-97.644,24.9739,1.472],[-97.6423,24.9785,0.0],[-97.6399,24.9795,0.0],[-97.6381,24.9788,0.095],[-97.6357,24.9734,0.0],[-97.6342,24.9758,0.0],[-97.635,24.9787,0.2047]]],
[[[-97.6118,24.994,0.0],[-97.6121,24.9897,0.2605],[-97.609,24.9854,0.0],[-97.6099,24.9885,0.0],[-97.6083,24.9877,0.0],[-97.6087,24.9922,0.2422],[-97.6118,24.994,0.0]]],
[[[-97.6834,24.9916,0.0],[-97.6865,24.9949,0.4394],[-97.6862,24.9973,0.0],[-97.6895,25.0004,0.3492],[-97.6903,25.0035,0.0],[-97.6917,25.0046,0.0],[-97.6961,25.0032,0.0],[-97.6976,24.9983,0.0],[-97.695,25.0019,0.3253],[-97.6917,25.0023,0.0936],[-97.6923,24.9998,0.2174],[-97.6888,24.9966,0.0],[-97.6903,24.99,0.0],[-97.6852,24.9927,0.0],[-97.6854,24.9896,0.0],[-97.676,24.9889,0.0],[-97.6744,24.9833,0.0],[-97.6728,24.9837,0.0],[-97.6727,24.9885,0.1633],[-97.6763,24.9924,0.0],[-97.6777,24.9933,0.0],[-97.6797,24.9914,0.0],[-97.6834,24.9916,0.0]]],
[[[-97.7411,24.1096,0.0],[-97.7395,24.1123,0.0],[-97.7363,24.1136,0.0],[-97.733,24.1198,0.0],[-97.7356,24.124,0.0],[-97.7323,24.1313,0.0],[-97.732,24.1385,0.0],[-97.7341,24.1401,0.0],[-97.7398,24.1181,0.0],[-97.742,24.1161,0.614],[-97.7429,24.1188,0.0],[-97.7447,24.1181,0.1312],[-97.7432,24.1134,0.1628],[-97.7456,24.1083,0.1825],[-97.7461,24.0983,0.0],[-97.7425,24.0953,0.0],[-97.7424,24.1005,1.6854],[-97.7376,24.1054,0.0],[-97.7411,24.1096,0.0]]],
[[[-97.7502,24.1333,0.6525],[-97.7515,24.135,0.0],[-97.7534,24.1298,0.0],[-97.7531,24.1268,0.0],[-97.75,24.1248,0.0],[-97.7492,24.1275,0.0],[-97.7502,24.1333,0.6525]]],
[[[-97.7379,24.1494,0.0],[-97.7396,24.1404,0.1544],[-97.738,24.1266,0.0],[-97.7381,24.1404,0.1544],[-97.7366,24.149,0.0],[-97.7376,24.1523,0.0],[-97.7379,24.1494,0.0]]],
[[[-97.7243,24.266,0.0],[-97.7231,24.2653,0.0],[-97.7226,24.2712,0.1648],[-97.7212,24.2709,0.1648],[-97.7196,24.2749,0.0],[-97.7202,24.2786,0.0],[-97.7288,24.2604,0.0801],[-97.7346,24.2393,0.0733],[-97.7397,24.2286,0.2605],[-97.7398,24.2204,0.0],[-97.7386,24.2206,0.0],[-97.7395,24.2243,0.0],[-97.7374,24.2255,0.0],[-97.7373,24.2274,0.077],[-97.7353,24.2269,0.0],[-97.7366,24.2294,0.0],[-97.7347,24.2362,0.0],[-97.733,24.2355,0.057],[-97.7306,24.2391,0.2122],[-97.7314,24.2445,0.3214],[-97.729,24.246,0.0],[-97.7283,24.2533,0.0],[-97.7243,24.266,0.0]]],
[[[-97.7457,24.2592,0.3358],[-97.7428,24.2592,0.1633],[-97.7429,24.2622,0.0],[-97.7457,24.2592,0.3358]]],
[[[-97.7445,24.2661,0.0],[-97.7429,24.2708,0.2124],[-97.7463,24.2819,0.0],[-97.7458,24.2909,0.0],[-97.7483,24.2882,0.0],[-97.7511,24.2769,0.0],[-97.7504,24.2755,0.0],[-97.7473,24.2818,0.0],[-97.7445,24.2661,0.0]]],
[[[-97.7317,24.2808,0.0],[-97.7306,24.282,0.0762],[-97.7362,24.2848,0.104],[-97.7407,24.2921,0.0],[-97.7418,24.2918,0.0],[-97.7406,24.285,0.1187],[-97.7415,24.2808,0.0],[-97.7363,24.2805,0.0],[-97.7333,24.2822,0.0712],[-97.7317,24.2808,0.0]]],
[[[-97.7336,24.2881,0.0],[-97.7308,24.289,0.0],[-97.7313,24.2918,0.0],[-97.7296,24.2944,0.21],[-97.7264,24.2947,0.0],[-97.7292,24.2993,0.0],[-97.7329,24.2937,0.0858],[-97.7336,24.2881,0.0]]],
[[[-97.7454,24.3011,0.0],[-97.7464,24.2982,0.0637],[-97.7471,24.2901,0.0],[-97.7447,24.2945,0.0],[-97.7454,24.3011,0.0]]],
[[[-97.7484,24.294,0.0],[-97.7453,24.3051,0.0],[-97.7469,24.3041,0.0],[-97.7498,24.2927,0.0851],[-97.7484,24.294,0.0]]],
[[[-97.7247,24.3103,0.0],[-97.7254,24.311,0.0],[-97.7274,24.3037,0.0],[-97.7258,24.2993,0.0],[-97.7264,24.3024,0.0],[-97.7247,24.3103,0.0]]],
[[[-97.72,24.3285,0.0],[-97.7222,24.3274,0.0],[-97.7208,24.3184,0.0],[-97.7209,24.3217,0.0],[-97.7187,24.3242,0.0],[-97.72,24.3285,0.0]]],
[[[-97.693,24.4796,0.0],[-97.6944,24.4818,0.2271],[-97.6964,24.4807,0.0],[-97.6951,24.479,0.0],[-97.693,24.4796,0.0]]],
[[[-97.7078,24.5908,0.0],[-97.7129,24.5887,0.4663],[-97.7162,24.582,0.0],[-97.7155,24.5779,0.0],[-97.7138,24.5782,0.0],[-97.7139,24.5825,0.0],[-97.7078,24.5908,0.0]]],
[[[-97.7097,24.6056,0.6259],[-97.7062,24.6064,0.0],[-97.7061,24.6047,0.0],[-97.7044,24.605,0.0],[-97.705,24.6078,0.287],[-97.7145,24.6098,0.4657],[-97.7166,24.6145,0.0],[-97.7154,24.6196,0.1521],[-97.71,24.6283,0.0],[-97.7112,24.6284,0.0],[-97.7159,24.6212,0.0],[-97.7182,24.6117,0.6449],[-97.719,24.6075,0.0884],[-97.7156,24.6064,0.0748],[-97.7182,24.6027,0.1425],[-97.719,24.606,0.0554],[-97.7215,24.5975,0.8007],[-97.7097,24.6056,0.6259]]],
[[[-97.6969,24.6586,0.0],[-97.6974,24.6605,0.0],[-97.7001,24.6586,0.1994],[-97.7009,24.66,0.0],[-97.6974,24.6669,0.1712],[-97.6983,24.6679,0.0],[-97.701,24.6657,0.0],[-97.701,24.6636,0.4217],[-97.7049,24.6623,0.0],[-97.7016,24.6613,0.2705],[-97.701,24.657,0.2747],[-97.7048,24.6472,0.0],[-97.7046,24.6581,0.0],[-97.7031,24.6586,0.0],[-97.7058,24.6602,0.0],[-97.7061,24.6461,0.0],[-97.7106,24.6318,0.3568],[-97.7096,24.6313,0.3568],[-97.7069,24.6387,0.1324],[-97.7031,24.6413,0.0],[-97.7046,24.6423,0.0],[-97.7036,24.6469,0.0],[-97.6986,24.6572,0.1994],[-97.6962,24.6564,0.0],[-97.6969,24.6586,0.0]]],
[[[-97.7342,24.8599,-0.3082],[-97.7271,24.8558,0.9428],[-97.7235,24.8595,4.2581],[-97.7247,24.8631,0.5653],[-97.7221,24.8664,1.9372],[-97.7254,24.8662,0.0],[-97.7261,24.8622,0.0],[-97.7296,24.8606,0.983],[-97.7312,24.863,0.5442],[-97.7317,24.8607,0.6569],[-97.7332,24.8607,0.6569],[-97.7339,24.8633,3.7897],[-97.7381,24.8635,0.1217],[-97.7342,24.8599,-0.3082]]],
[[[-97.7303,24.866,0.0],[-97.7303,24.8644,0.0],[-97.7287,24.8644,0.0],[-97.7296,24.8668,0.0],[-97.7303,24.866,0.0]]],
[[[-97.7233,24.8826,2.6519],[-97.7244,24.8866,1.1652],[-97.7267,24.8878,0.172],[-97.7291,24.8863,0.528],[-97.7277,24.8838,1.8144],[-97.7233,24.8826,2.6519]]],
[[[-97.7232,25.0226,0.0],[-97.7223,25.0207,0.0],[-97.7171,25.0238,0.0],[-97.7157,25.0257,0.095],[-97.7167,25.0291,0.0],[-97.7178,25.0292,0.0],[-97.7173,25.0264,0.0],[-97.7191,25.0243,0.0],[-97.7232,25.0226,0.0]]],
[[[-97.7366,25.1445,2.3198],[-97.7411,25.1435,0.0],[-97.7408,25.1422,0.0],[-97.7371,25.141,1.7244],[-97.7334,25.1429,0.0],[-97.7323,25.1479,1.0976],[-97.7385,25.1491,0.0],[-97.7366,25.1445,2.3198]]],
[[[-97.7486,25.1439,3.3555],[-97.7461,25.1476,0.5667],[-97.7415,25.1474,0.4246],[-97.7393,25.1495,0.0],[-97.7419,25.154,0.5141],[-97.746,25.1517,1.1969],[-97.755,25.152,1.7044],[-97.7555,25.1511,1.7044],[-97.7486,25.1483,0.0],[-97.7523,25.1458,0.0],[-97.7486,25.1439,3.3555]]],
[[[-97.7329,25.156,0.0],[-97.7347,25.1589,0.0],[-97.7386,25.1558,0.997],[-97.7374,25.1538,2.7043],[-97.7329,25.156,0.0]]],
[[[-97.7367,25.1691,0.0],[-97.7396,25.1685,3.9869],[-97.7375,25.1654,0.0],[-97.7341,25.1672,0.4338],[-97.7335,25.1701,0.0],[-97.7356,25.1678,0.5234],[-97.7367,25.1691,0.0]]],
[[[-97.7332,25.1745,0.0],[-97.7313,25.1816,0.8695],[-97.7343,25.1821,0.0],[-97.734,25.1776,0.1886],[-97.7399,25.1723,0.0],[-97.7379,25.1698,0.0],[-97.7353,25.1706,1.1369],[-97.7332,25.1745,0.0]]],
[[[-97.7357,25.1893,0.0],[-97.7394,25.184,2.6081],[-97.7441,25.1839,0.0],[-97.7424,25.1808,0.8727],[-97.7355,25.1815,0.4642],[-97.7357,25.1893,0.0]]],
[[[-97.7422,25.2049,0.0],[-97.7392,25.2014,0.0],[-97.736,25.2044,0.7785],[-97.7383,25.2061,0.0],[-97.7389,25.2032,2.0581],[-97.7404,25.2056,0.0],[-97.7422,25.2049,0.0]]],
[[[-97.7154,25.0492,0.0],[-97.7128,25.0463,0.0852],[-97.7101,25.0474,0.0],[-97.7083,25.0524,0.0],[-97.7069,25.0525,0.0],[-97.7083,25.0533,0.0],[-97.7124,25.0485,0.1367],[-97.7197,25.0525,0.0],[-97.7154,25.0492,0.0]]],
[[[-97.6988,25.1535,2.195],[-97.7003,25.1553,0.0],[-97.7035,25.1545,0.0],[-97.7007,25.1519,0.0],[-97.6988,25.1535,2.195]]],
[[[-97.7044,25.36,0.3719],[-97.7094,25.3568,0.4009],[-97.7098,25.3547,0.4042],[-97.7065,25.3535,0.1558],[-97.6918,25.3621,0.3095],[-97.6903,25.3653,0.1931],[-97.691,25.3675,0.3481],[-97.6935,25.369,0.2969],[-97.7044,25.36,0.3719]]],
[[[-97.4638,25.2216,0.0],[-97.4638,25.225,-0.0392],[-97.4676,25.2195,-0.2811],[-97.4666,25.2178,-0.0197],[-97.4648,25.2191,-0.038],[-97.4638,25.2216,0.0]]],
[[[-97.4578,25.232,0.0],[-97.4547,25.2346,0.0],[-97.4543,25.2387,0.0496],[-97.4523,25.2404,0.0],[-97.4652,25.2423,0.0],[-97.4633,25.2398,0.0],[-97.4605,25.2406,0.1466],[-97.4569,25.2395,-0.0829],[-97.4609,25.228,0.0],[-97.4578,25.232,0.0]]],
[[[-97.446,25.2584,0.2352],[-97.4501,25.2537,0.0],[-97.4524,25.2469,0.1274],[-97.4543,25.2454,0.0],[-97.454,25.2433,0.0],[-97.4487,25.2428,0.0],[-97.4474,25.2504,0.0],[-97.4431,25.2572,0.0],[-97.446,25.2584,0.2352]]],
[[[-97.4463,25.264,0.0343],[-97.446,25.2619,0.0],[-97.4429,25.2635,0.0],[-97.4443,25.2665,0.084],[-97.4463,25.264,0.0343]]],
[[[-97.4354,25.2665,0.1114],[-97.437,25.2714,0.3507],[-97.4408,25.2671,0.2433],[-97.4394,25.2655,0.0347],[-97.4354,25.2665,0.1114]]],
[[[-97.4448,25.2701,0.0],[-97.4428,25.2708,0.7594],[-97.4442,25.2733,0.4089],[-97.445,25.2715,1.2035],[-97.4448,25.2701,0.0]]],
[[[-97.4413,25.2728,0.8583],[-97.4402,25.2709,0.2879],[-97.4378,25.2723,0.038],[-97.44,25.2748,0.4321],[-97.4413,25.2728,0.8583]]],
[[[-97.4329,25.278,0.0],[-97.4339,25.2814,0.6024],[-97.4361,25.2801,0.5709],[-97.4359,25.277,0.0],[-97.4329,25.278,0.0]]],
[[[-97.4272,25.2839,0.0],[-97.4275,25.2809,0.0],[-97.4252,25.2846,0.0361],[-97.4272,25.2839,0.0]]],
[[[-97.4192,25.2922,0.0],[-97.4194,25.2942,0.0],[-97.4208,25.2956,0.0],[-97.4217,25.2911,0.0],[-97.4192,25.2922,0.0]]],
[[[-97.425299999999993,25.2932,0.0],[-97.4239,25.2938,0.0],[-97.4221,25.2981,0.0],[-97.4261,25.2959,0.3564],[-97.425299999999993,25.2932,0.0]]],
[[[-97.4265,25.3168,-0.0858],[-97.4311,25.3121,0.6062],[-97.433,25.3059,0.0],[-97.4298,25.3082,0.0],[-97.4293,25.311,0.0],[-97.4254,25.3151,0.0],[-97.4265,25.3168,-0.0858]]],
[[[-97.4196,25.3078,0.0],[-97.4173,25.3101,-0.1394],[-97.4159,25.3091,-0.7897],[-97.4146,25.3122,-1.0502],[-97.416,25.3115,-0.7821],[-97.4171,25.3129,-0.638],[-97.4164,25.3203,-1.2969],[-97.4198,25.3236,-0.5404],[-97.421,25.3206,-0.6312],[-97.4197,25.3102,-0.6205],[-97.4232,25.3045,0.0],[-97.4216,25.3042,0.0],[-97.4196,25.3078,0.0]]],
[[[-97.424,25.3292,-0.1461],[-97.4285,25.3334,0.0],[-97.4259,25.3393,0.0],[-97.4267,25.3478,0.0],[-97.425,25.3519,0.2864],[-97.4265,25.3534,0.0],[-97.4285,25.3423,0.5182],[-97.431,25.3416,-0.1374],[-97.4297,25.3374,1.2925],[-97.4324,25.3224,0.0271],[-97.435,25.3177,0.772],[-97.4409,25.3157,0.3182],[-97.4428,25.3135,1.3043],[-97.445,25.2995,0.0],[-97.4418,25.3033,-0.0034],[-97.4408,25.3121,0.0],[-97.4331,25.3159,0.0],[-97.4314,25.3189,0.0],[-97.4288,25.3292,-0.6159],[-97.4266,25.3289,0.1021],[-97.4266,25.3203,0.0],[-97.4257,25.3195,0.0],[-97.4218,25.3223,-1.119],[-97.424,25.3292,-0.1461]]],
[[[-97.405,25.3242,-1.0297],[-97.4028,25.3249,-1.0185],[-97.4024,25.3271,-1.3938],[-97.4052,25.329,-1.2659],[-97.407,25.328,-0.9768],[-97.405,25.3242,-1.0297]]],
[[[-97.4108,25.3275,-0.8077],[-97.4087,25.3286,-1.5],[-97.4097,25.3306,-1.2381],[-97.4083,25.3312,-1.3406],[-97.4073,25.3376,-1.5],[-97.4111,25.3363,-0.7891],[-97.4096,25.3336,-0.3388],[-97.4108,25.3275,-0.8077]]],
[[[-97.4787,25.2926,0.2391],[-97.4799,25.2953,-0.1809],[-97.4833,25.2947,-0.0556],[-97.4822,25.2922,-0.1083],[-97.4787,25.2926,0.2391]]],
[[[-97.4869,25.3108,-0.2032],[-97.4741,25.319,0.0],[-97.4773,25.3247,0.0],[-97.4793,25.325,-0.0316],[-97.476,25.3208,0.0],[-97.4768,25.3198,0.6327],[-97.4897,25.3174,0.0],[-97.4994,25.3074,-0.0269],[-97.5,25.3026,0.0],[-97.4969,25.3035,0.0],[-97.4945,25.307,0.0],[-97.4923,25.3033,0.0],[-97.4935,25.3014,0.1461],[-97.5043,25.2962,0.0],[-97.5072,25.2895,0.0],[-97.5126,25.2873,0.0],[-97.518,25.2886,0.0],[-97.5172,25.2866,0.0864],[-97.5103,25.2835,0.0],[-97.4978,25.2884,0.0047],[-97.4963,25.2933,0.0],[-97.4907,25.3002,0.0],[-97.4903,25.3054,0.0],[-97.4869,25.3108,-0.2032]]],
[[[-97.5234,25.3311,0.0],[-97.5223,25.3319,0.0],[-97.5249,25.3332,0.2626],[-97.5246,25.3322,0.2626],[-97.5234,25.3311,0.0]]],
[[[-97.5089,25.3392,0.0],[-97.5103,25.3392,-0.136],[-97.5092,25.3373,2.126],[-97.5047,25.3365,0.0],[-97.4997,25.3412,0.0],[-97.5008,25.3431,0.0],[-97.5013,25.3405,1.5062],[-97.505,25.3422,0.0],[-97.504,25.3408,1.2112],[-97.5052,25.339,0.2257],[-97.5089,25.3392,0.0]]],
[[[-97.5299,25.3153,1.4211],[-97.5304,25.3095,0.4059],[-97.5289,25.3097,0.8214],[-97.5276,25.3198,0.0],[-97.531,25.3212,-0.0928],[-97.5384,25.3193,0.3925],[-97.5372,25.3174,2.6697],[-97.5302,25.3166,0.0],[-97.5299,25.3153,1.4211]]],
[[[-97.5411,25.3257,0.0],[-97.5422,25.3266,1.3823],[-97.5442,25.3239,4.3853],[-97.542,25.3234,0.0],[-97.5411,25.3257,0.0]]],
[[[-97.5318,25.3229,2.056],[-97.5318,25.3217,-0.0928],[-97.5298,25.3234,0.0],[-97.5311,25.328,0.044],[-97.5298,25.3322,0.0],[-97.5324,25.3347,-0.1837],[-97.5342,25.3306,1.1197],[-97.5371,25.3299,2.1308],[-97.5339,25.3272,1.0737],[-97.5355,25.3246,3.5925],[-97.5372,25.3273,0.0],[-97.5401,25.3252,2.0581],[-97.5387,25.3213,0.2519],[-97.5365,25.3236,0.4138],[-97.5353,25.3218,0.1145],[-97.5325,25.325,0.2493],[-97.5308,25.3248,4.5264],[-97.5318,25.3229,2.056]]],
[[[-97.5352,25.3428,0.0],[-97.5385,25.338,0.6209],[-97.5379,25.3361,2.1987],[-97.5337,25.3354,-0.1837],[-97.531,25.3398,0.0],[-97.5311,25.3426,0.0],[-97.5333,25.3458,0.0],[-97.5349,25.3377,5.033],[-97.5352,25.3428,0.0]]],
[[[-97.4811,25.3351,0.0],[-97.4765,25.3364,2.0884],[-97.4773,25.3405,1.3962],[-97.475,25.3454,0.0],[-97.4767,25.3479,1.1908],[-97.4787,25.3488,0.0],[-97.4786,25.3469,3.8151],[-97.4817,25.3455,1.5411],[-97.4791,25.3424,1.9338],[-97.4809,25.3423,0.329],[-97.4898,25.3479,1.2003],[-97.4972,25.3486,0.1847],[-97.4939,25.3466,0.9147],[-97.4962,25.3421,2.3939],[-97.4935,25.3403,2.7201],[-97.4986,25.3376,3.8587],[-97.4865,25.3365,0.2169],[-97.4828,25.3342,0.8436],[-97.4811,25.3351,0.0]]],
[[[-97.5104,25.3406,2.3397],[-97.5076,25.342,0.0],[-97.5091,25.3445,0.0],[-97.5116,25.3432,4.9798],[-97.5194,25.3468,0.9513],[-97.5159,25.3423,2.7014],[-97.5104,25.3406,2.3397]]],
[[[-97.5246,25.3482,0.0],[-97.5242,25.3509,0.0],[-97.526,25.3538,0.0],[-97.5254,25.3482,0.0],[-97.5288,25.348,0.4664],[-97.5287,25.353,2.711],[-97.5301,25.3543,0.4092],[-97.5332,25.3528,1.2057],[-97.5319,25.3505,1.1135],[-97.5353,25.3475,0.6963],[-97.5348,25.3461,-0.0203],[-97.5312,25.3471,-0.1303],[-97.5261,25.3455,3.6376],[-97.5243,25.3459,0.0],[-97.5246,25.3482,0.0]]],
[[[-97.4987,25.3486,0.1847],[-97.4984,25.3515,0.0],[-97.5045,25.3559,0.1296],[-97.5093,25.3569,1.5405],[-97.5112,25.3543,6.4283],[-97.5129,25.3549,0.38],[-97.5094,25.3519,7.2052],[-97.5103,25.3456,2.3595],[-97.5066,25.3483,1.0517],[-97.501,25.3452,0.0],[-97.4973,25.3462,0.3072],[-97.5058,25.3492,-0.0214],[-97.5056,25.3517,0.0615],[-97.5017,25.3516,2.2233],[-97.5016,25.3493,2.7368],[-97.4987,25.3486,0.1847]]],
[[[-97.5437,25.3437,4.6514],[-97.5451,25.3426,4.0916],[-97.5438,25.3409,2.407],[-97.5395,25.3418,0.0],[-97.5394,25.3466,0.0],[-97.5358,25.3498,0.0113],[-97.5373,25.3538,0.0],[-97.5392,25.3536,1.1367],[-97.5415,25.3479,6.9787],[-97.5442,25.3465,2.7393],[-97.5442,25.3448,1.3907],[-97.541,25.3435,5.7649],[-97.5437,25.3437,4.6514]]],
[[[-97.5429,25.3546,2.1472],[-97.5365,25.3554,0.0],[-97.5367,25.3591,0.0],[-97.5428,25.3585,2.9132],[-97.5429,25.3546,2.1472]]],
[[[-97.5321,25.3597,0.7599],[-97.5312,25.3565,0.0],[-97.5277,25.3594,0.0],[-97.5295,25.3622,-0.1307],[-97.5321,25.3597,0.7599]]],
[[[-97.5475,25.3614,0.1156],[-97.545,25.3638,0.9917],[-97.542,25.3642,0.0],[-97.5416,25.3658,0.0],[-97.5448,25.3668,1.3886],[-97.5476,25.3712,1.2926],[-97.5497,25.3712,0.5705],[-97.5469,25.3665,3.0293],[-97.5507,25.367,0.7882],[-97.5497,25.3649,2.56],[-97.5514,25.3558,5.4497],[-97.545,25.3535,0.0],[-97.5452,25.358,0.0527],[-97.5463,25.3564,1.2335],[-97.5483,25.3568,1.2335],[-97.5475,25.3614,0.1156]]],
[[[-97.4819,25.3558,0.0],[-97.482,25.352,0.0],[-97.481,25.3504,0.0],[-97.48,25.3535,0.0],[-97.4819,25.3558,0.0]]],
[[[-97.4792,25.3555,0.2926],[-97.4771,25.353,0.0],[-97.4717,25.3558,0.0],[-97.4738,25.3584,0.0595],[-97.4739,25.357,3.0497],[-97.4765,25.3576,0.3337],[-97.4792,25.3555,0.2926]]],
[[[-97.4729,25.3589,1.3533],[-97.4712,25.3601,0.0],[-97.4729,25.3632,0.0],[-97.4749,25.3623,0.361],[-97.4729,25.3589,1.3533]]],
[[[-97.5301,25.3632,-0.0287],[-97.5226,25.3653,0.0],[-97.5222,25.369,-0.0767],[-97.526,25.3709,0.0375],[-97.5308,25.3692,-0.1966],[-97.5325,25.3667,1.5044],[-97.5322,25.3644,0.5951],[-97.5301,25.3632,-0.0287]]],
[[[-97.4782,25.3681,0.0],[-97.4788,25.3708,0.7666],[-97.4802,25.3711,0.7666],[-97.4824,25.3684,4.2364],[-97.4811,25.3666,0.0],[-97.4782,25.3681,0.0]]],
[[[-97.4917,25.3752,0.0],[-97.4928,25.374,0.7384],[-97.4918,25.366,0.0],[-97.49,25.37,0.523],[-97.4917,25.3752,0.0]]],
[[[-97.4841,25.3741,0.0],[-97.4853,25.3764,1.1562],[-97.489,25.3728,0.9846],[-97.4882,25.3681,0.0],[-97.4855,25.3698,0.3605],[-97.4841,25.3741,0.0]]],
[[[-97.4734,25.3768,6.2791],[-97.4743,25.3736,4.7781],[-97.4763,25.3731,4.7781],[-97.4726,25.3707,0.0],[-97.4686,25.3767,2.3585],[-97.4699,25.3799,0.0417],[-97.4725,25.3795,0.2395],[-97.4734,25.3768,6.2791]]],
[[[-97.4829,25.383,0.0],[-97.483,25.3864,1.1083],[-97.4877,25.3843,0.341],[-97.4861,25.3822,3.9666],[-97.4829,25.383,0.0]]],
[[[-97.472,25.3831,0.0],[-97.4702,25.3846,1.3176],[-97.4707,25.3874,0.2877],[-97.4754,25.3871,0.6233],[-97.4742,25.3831,0.0],[-97.472,25.3831,0.0]]],
[[[-97.4953,25.3921,0.0],[-97.4974,25.3865,0.3613],[-97.4966,25.3827,1.541],[-97.4945,25.3824,0.0],[-97.4914,25.3884,0.0],[-97.4953,25.3921,0.0]]],
[[[-97.4804,25.3894,7.6224],[-97.4822,25.3871,6.0149],[-97.4779,25.3854,0.0],[-97.4762,25.391,0.0],[-97.4772,25.3918,4.8383],[-97.4804,25.3894,7.6224]]],
[[[-97.4844,25.3896,0.0],[-97.4816,25.3939,0.0],[-97.4899,25.3913,2.894],[-97.4885,25.39,0.0],[-97.4844,25.3896,0.0]]],
[[[-97.5017,25.3924,1.3327],[-97.4997,25.3934,0.0],[-97.4996,25.3974,0.0],[-97.4951,25.404,4.1725],[-97.4954,25.4085,3.0139],[-97.5023,25.4051,8.0406],[-97.5017,25.3924,1.3327]]],
[[[-97.4796,25.3991,1.4761],[-97.4797,25.397,0.0],[-97.4778,25.3965,0.0],[-97.4726,25.3981,0.0],[-97.4696,25.4003,0.0],[-97.4695,25.4025,0.0],[-97.4721,25.4044,0.0517],[-97.4713,25.4027,1.3814],[-97.4742,25.4035,0.9718],[-97.4764,25.4001,4.5537],[-97.4796,25.3991,1.4761]]],
[[[-97.4765,25.4084,0.8084],[-97.4766,25.412,4.2827],[-97.4836,25.4062,3.9586],[-97.4824,25.4049,0.0],[-97.4765,25.4084,0.8084]]],
[[[-97.4394,25.332,0.0],[-97.4375,25.3346,0.0],[-97.4379,25.3373,0.0],[-97.44,25.3335,0.1997],[-97.4394,25.332,0.0]]],
[[[-97.4214,25.3535,1.1383],[-97.4242,25.3518,0.0],[-97.423,25.3475,0.0],[-97.4189,25.352,0.0],[-97.4188,25.355,0.7856],[-97.4215,25.3559,0.0],[-97.4214,25.3535,1.1383]]],
[[[-97.3953,25.3517,-0.3162],[-97.3939,25.3505,-0.1182],[-97.3916,25.3523,2.0517],[-97.3893,25.3518,-1.3429],[-97.3895,25.3551,-0.953],[-97.3921,25.3562,-0.7734],[-97.3943,25.3527,0.5796],[-97.395,25.3561,-1.173],[-97.3964,25.3545,-1.5],[-97.3953,25.3517,-0.3162]]],
[[[-97.4083,25.3557,-0.4073],[-97.4102,25.3547,-0.0858],[-97.4086,25.3534,-1.3767],[-97.4063,25.3564,-1.5],[-97.408,25.3569,-0.4073],[-97.4083,25.3557,-0.4073]]],
[[[-97.3824,25.3592,-0.4281],[-97.378,25.3603,-0.8962],[-97.3873,25.3627,-0.295],[-97.3886,25.3551,-0.953],[-97.3861,25.3555,-0.9702],[-97.3852,25.3607,0.3185],[-97.3824,25.3592,-0.4281]]],
[[[-97.435,25.3664,0.64],[-97.4417,25.362,-0.201],[-97.4422,25.3588,0.0],[-97.4407,25.3584,0.0],[-97.4367,25.3623,-0.2743],[-97.4325,25.3636,0.0],[-97.4293,25.3672,0.0],[-97.4307,25.3685,0.0],[-97.435,25.3664,0.64]]],
[[[-97.4441,25.3864,1.5091],[-97.4458,25.3872,0.0016],[-97.4487,25.3784,0.0],[-97.4444,25.38,0.0],[-97.4441,25.3864,1.5091]]],
[[[-97.4589,25.3822,0.9163],[-97.4609,25.3819,1.2483],[-97.4595,25.3796,0.0],[-97.4554,25.3847,0.0],[-97.455,25.395,0.0],[-97.4625,25.3905,0.6597],[-97.4574,25.3872,1.595],[-97.4589,25.3822,0.9163]]],
[[[-97.4435,25.3949,4.476],[-97.4462,25.395,1.7007],[-97.4456,25.3925,1.065],[-97.442,25.3908,1.1705],[-97.4363,25.3939,0.0],[-97.4364,25.3965,0.0],[-97.4376,25.3957,0.8436],[-97.4435,25.3949,4.476]]],
[[[-97.4605,25.4025,0.8692],[-97.4623,25.4021,0.0],[-97.4601,25.3995,0.0],[-97.4537,25.3986,0.0],[-97.4494,25.4006,0.0],[-97.449,25.4021,0.0],[-97.4501,25.4043,0.0662],[-97.4523,25.4013,2.2156],[-97.459,25.4035,4.563],[-97.4605,25.4025,0.8692]]],
[[[-97.4388,25.4034,2.1518],[-97.4366,25.4016,0.0],[-97.4287,25.4041,0.0],[-97.4261,25.4068,0.0],[-97.4258,25.4109,0.0919],[-97.4303,25.4059,5.9686],[-97.4351,25.407,2.735],[-97.4354,25.405,3.9037],[-97.4388,25.4034,2.1518]]],
[[[-97.4213,25.4109,3.5431],[-97.4249,25.4126,0.0256],[-97.4239,25.4098,0.0449],[-97.4204,25.4091,0.0],[-97.4186,25.4097,0.0],[-97.4183,25.4144,0.0286],[-97.4191,25.4145,0.0528],[-97.4213,25.4109,3.5431]]],
[[[-97.2732,25.6512,0.235],[-97.2673,25.6547,0.1753],[-97.2673,25.6564,0.2155],[-97.2786,25.6556,0.2447],[-97.2817,25.6543,0.3009],[-97.2824,25.6523,1.0099],[-97.2818,25.6506,0.6535],[-97.2796,25.6518,0.2908],[-97.2779,25.6508,0.6699],[-97.2728,25.6548,0.359],[-97.2718,25.6542,0.7571],[-97.2732,25.6512,0.235]]],
[[[-97.2509,25.6571,0.4773],[-97.2519,25.6548,1.0767],[-97.2504,25.6541,1.0767],[-97.2444,25.6623,-0.1665],[-97.2464,25.6635,0.5585],[-97.2484,25.6626,-0.1429],[-97.2509,25.6571,0.4773]]],
[[[-97.2616,25.6641,0.0584],[-97.2599,25.6672,0.6827],[-97.2549,25.6697,-1.1915],[-97.2557,25.6709,-1.2556],[-97.2575,25.6685,0.2233],[-97.2618,25.6676,0.4303],[-97.2632,25.6646,0.4106],[-97.2616,25.6641,0.0584]]],
[[[-97.5256,25.0197,0.0],[-97.5079,25.0661,0.9115],[-97.484,25.122,0.0],[-97.4461,25.2044,-0.0068],[-97.4294,25.2326,0.1871],[-97.4336,25.2365,0.0],[-97.436,25.2359,0.0],[-97.4475,25.2401,0.0],[-97.4501,25.2387,0.0],[-97.4523,25.2303,-0.1662],[-97.4597,25.2229,0.2543],[-97.4601,25.221,0.0],[-97.4577,25.2175,0.4232],[-97.4635,25.214,-0.183],[-97.463,25.206,-0.2555],[-97.4697,25.2001,0.0744],[-97.4717,25.1953,-0.2317],[-97.4691,25.1885,-0.1323],[-97.4724,25.1874,-0.3111],[-97.4723,25.1855,0.0],[-97.478,25.1799,0.1372],[-97.4792,25.1733,-0.2962],[-97.4841,25.1692,0.049],[-97.4857,25.1584,0.0],[-97.49,25.1575,0.0],[-97.4893,25.1538,0.0],[-97.4912,25.1526,0.0],[-97.4914,25.1441,-0.205],[-97.4961,25.1355,-0.295],[-97.502,25.1315,-0.5965],[-97.4999,25.1297,-0.312],[-97.4995,25.1248,-0.9495],[-97.5021,25.1222,-1.8021],[-97.5062,25.1332,-0.0557],[-97.5121,25.1264,0.0],[-97.5155,25.1142,0.0],[-97.5188,25.1099,0.0287],[-97.5173,25.1092,0.0],[-97.5153,25.1116,-0.0846],[-97.5127,25.1107,-0.2952],[-97.507,25.1047,-0.1636],[-97.5138,25.1072,0.0209],[-97.5177,25.1053,0.0],[-97.5172,25.1017,0.2824],[-97.5148,25.0983,-0.1259],[-97.506,25.0988,0.0464],[-97.5045,25.0973,-0.3907],[-97.5108,25.0949,-0.0604],[-97.5125,25.0921,-0.16],[-97.5119,25.0898,-0.2614],[-97.5176,25.0897,0.0573],[-97.5165,25.0877,-0.4262],[-97.5183,25.0855,-0.122],[-97.522,25.089,0.0],[-97.5234,25.0881,0.031],[-97.5243,25.0861,0.0],[-97.5227,25.0832,0.0],[-97.5185,25.0812,-0.0061],[-97.5172,25.0782,-1.2263],[-97.5164,25.0688,-0.5015],[-97.5173,25.0674,-0.607],[-97.5219,25.0677,-1.1066],[-97.5235,25.0652,0.0175],[-97.5291,25.0657,-0.0106],[-97.5268,25.0579,0.0],[-97.521,25.0589,-0.1535],[-97.5142,25.0556,-0.2656],[-97.5162,25.0509,0.0242],[-97.5187,25.0493,0.2256],[-97.5221,25.0511,0.0],[-97.5303,25.0503,-0.0984],[-97.5322,25.053,0.0],[-97.5389,25.0549,-0.1128],[-97.5388,25.0528,-0.352],[-97.5318,25.0479,0.0461],[-97.5322,25.0456,-0.393],[-97.5354,25.0438,0.1119],[-97.5361,25.0389,0.3948],[-97.5383,25.0391,0.1991],[-97.5383,25.0334,0.2001],[-97.5339,25.0346,-0.9561],[-97.5314,25.0312,-0.7871],[-97.5246,25.0283,0.3219],[-97.5255,25.0252,0.8542],[-97.5316,25.0273,-0.1377],[-97.5352,25.0267,0.4621],[-97.5396,25.0258,-0.2045],[-97.544,25.0225,-0.0487],[-97.5426,25.0214,0.1099],[-97.543,25.0154,0.1857],[-97.5406,25.012,0.2371],[-97.5539,25.0196,0.0],[-97.5548,25.018,-0.0075],[-97.5372,25.0084,0.1353],[-97.5349,25.0055,0.1086],[-97.5312,25.0053,0.0],[-97.5256,25.0197,0.0]]],
[[[-97.5813,25.0368,0.0],[-97.5821,25.036,0.0],[-97.5726,25.0302,0.0],[-97.5738,25.032,0.0],[-97.5813,25.0368,0.0]]],
[[[-97.5511,25.0415,0.0106],[-97.5547,25.0349,0.0],[-97.5532,25.03,0.0],[-97.5491,25.028199999999998,-0.1315],[-97.5483,25.0341,-0.0553],[-97.5495,25.0376,-0.0244],[-97.5482,25.0388,0.0816],[-97.5511,25.0415,0.0106]]],
[[[-97.5426,25.0515,0.2224],[-97.5421,25.0583,-0.244],[-97.539,25.0644,-0.0135],[-97.5328,25.0686,0.0578],[-97.5357,25.071,-0.2398],[-97.5422,25.0663,-0.1268],[-97.5456,25.0596,0.0631],[-97.5469,25.0554,0.0712],[-97.5458,25.0453,-0.0051],[-97.5431,25.0469,0.2571],[-97.5426,25.0515,0.2224]]],
[[[-97.5236,25.0994,0.0],[-97.5239,25.1009,0.0],[-97.5257,25.1003,-0.0271],[-97.5301,25.0932,0.0],[-97.5283,25.0925,0.0185],[-97.5236,25.0994,0.0]]],
[[[-97.4961,25.1401,-0.085],[-97.4973,25.1427,0.051],[-97.499,25.1427,0.0243],[-97.5012,25.1355,-0.0355],[-97.4997,25.1347,0.0401],[-97.4961,25.1401,-0.085]]],
[[[-97.5024,25.1469,0.0],[-97.507,25.1374,-0.2376],[-97.5064,25.1346,0.0],[-97.5022,25.143,0.0],[-97.5024,25.1469,0.0]]],
[[[-97.4962,25.1507,0.0],[-97.5003,25.1465,-0.2696],[-97.4996,25.1456,-0.2696],[-97.4945,25.1461,-0.1618],[-97.4962,25.1507,0.0]]],
[[[-97.4946,25.1621,0.0424],[-97.4903,25.1624,0.0],[-97.4908,25.1652,-0.0086],[-97.4935,25.1644,0.1353],[-97.4914,25.1683,0.0],[-97.4912,25.1734,0.0],[-97.4888,25.1763,0.0575],[-97.4866,25.1851,0.0],[-97.4767,25.2,-0.0425],[-97.4747,25.2046,-0.0994],[-97.4763,25.2058,-0.1384],[-97.4901,25.1826,0.0],[-97.5009,25.1518,0.0],[-97.4946,25.1621,0.0424]]],
[[[-97.483,25.1847,0.0941],[-97.485,25.1844,0.0],[-97.4868,25.1767,0.0],[-97.483,25.1784,0.0],[-97.483,25.1847,0.0941]]],
[[[-97.4706,25.215699999999998,0.0],[-97.4748,25.2071,-0.0272],[-97.473,25.2055,-0.6941],[-97.4704,25.2072,0.0],[-97.4672,25.216,0.0],[-97.4706,25.215699999999998,0.0]]],
[[[-97.5359,25.088,-0.594],[-97.5388,25.0795,0.0],[-97.5378,25.0739,0.0],[-97.5361,25.079,0.2069],[-97.5331,25.0804,0.0],[-97.5292,25.0882,-0.0316],[-97.5324,25.0918,0.0967],[-97.5359,25.088,-0.594]]],
[[[-97.5792,25.2951,0.9697],[-97.5826,25.2948,0.0],[-97.5751,25.2939,2.8097],[-97.5761,25.2961,-0.0286],[-97.5792,25.2951,0.9697]]],
[[[-97.5912,25.3137,0.7844],[-97.5932,25.3112,1.5888],[-97.5977,25.3097,0.2669],[-97.5917,25.3084,0.0],[-97.5898,25.3111,6.6281],[-97.5912,25.3137,0.7844]]],
[[[-97.5475,24.978,0.56],[-97.5483,24.9811,0.1147],[-97.5518,24.983,-0.1936],[-97.5492,24.9833,-0.2581],[-97.5489,24.987,-0.1701],[-97.5531,24.989,0.2698],[-97.5549,24.9868,0.3218],[-97.5533,24.9815,0.2366],[-97.5475,24.978,0.56]]],
[[[-97.5353,24.995,0.0],[-97.532,25.0029,0.6479],[-97.5343,25.0044,0.1638],[-97.5345,25.0018,1.1053],[-97.5384,25.0034,0.3195],[-97.5392,25.0053,0.6229],[-97.5433,25.0057,0.0],[-97.5447,24.9994,0.3826],[-97.5462,24.9991,0.3826],[-97.5432,24.9921,0.4584],[-97.5476,24.986,-0.1598],[-97.5467,24.983,-0.3938],[-97.5424,24.9813,0.6947],[-97.5421,24.9794,0.2538],[-97.5436,24.9784,0.4973],[-97.5457,24.966,0.0],[-97.5405,24.9801,0.2538],[-97.5353,24.995,0.0]]],
[[[-97.5983,24.9922,0.1857],[-97.5988,24.9952,0.8686],[-97.6017,24.9958,0.0],[-97.6026,24.9944,0.0],[-97.6009,24.9915,0.0],[-97.5983,24.9922,0.1857]]],
[[[-97.5634,25.0257,0.0],[-97.5678,25.0284,0.0],[-97.5694,25.0285,0.0],[-97.559,25.0212,0.0],[-97.5634,25.0257,0.0]]],
[[[-97.6923,25.2311,0.0609],[-97.6925,25.2296,0.0],[-97.6944,25.2302,0.0],[-97.6812,25.2479,0.0],[-97.6844,25.246,0.0],[-97.6976,25.2274,0.0],[-97.695,25.2256,0.0355],[-97.6923,25.2267,0.0],[-97.6678,25.2456,0.0187],[-97.6681,25.2472,0.0826],[-97.662,25.2551,0.0747],[-97.6623,25.2589,0.0],[-97.6729,25.2544,0.0],[-97.6765,25.2496,0.2044],[-97.6797,25.2504,0.0],[-97.678,25.2479,0.0],[-97.67,25.2541,0.0],[-97.6711,25.2498,0.0121],[-97.6749,25.2493,0.1224],[-97.675299999999993,25.2466,0.0288],[-97.6839,25.2424,0.1304],[-97.6835,25.2395,0.0363],[-97.6923,25.2311,0.0609]]],
[[[-97.6066,25.2744,0.0377],[-97.592,25.2795,0.0575],[-97.5899,25.2851,-0.0517],[-97.5991,25.2853,0.5338],[-97.6001,25.2839,0.0],[-97.5952,25.2821,1.2944],[-97.5931,25.2827,0.63],[-97.5934,25.2814,0.0899],[-97.6021,25.2769,0.0],[-97.6336,25.2707,0.0],[-97.6563,25.2601,0.0],[-97.6458,25.2601,0.0],[-97.6066,25.2744,0.0377]]],
[[[-97.6108,25.2877,1.6771],[-97.609,25.2904,1.2021],[-97.6105,25.2925,0.0],[-97.613,25.2895,0.7551],[-97.6108,25.2877,1.6771]]],
[[[-97.6137,25.2997,0.877],[-97.6194,25.3007,0.0],[-97.6129,25.2984,0.0],[-97.6079,25.3015,0.0],[-97.6045,25.3014,0.0],[-97.6017,25.3032,0.0],[-97.6021,25.3045,0.04],[-97.6051,25.3027,1.8681],[-97.6113,25.3038,0.0],[-97.6118,25.3008,3.2104],[-97.6137,25.2997,0.877]]],
[[[-97.6208,25.3088,6.3731],[-97.6184,25.3129,6.4431],[-97.6187,25.3173,0.0236],[-97.6213,25.3147,1.3885],[-97.6272,25.3216,0.1894],[-97.629,25.32,0.18],[-97.6282,25.3172,0.8882],[-97.6309,25.3143,0.3323],[-97.6279,25.3116,0.9849],[-97.6352,25.3077,0.0],[-97.6275,25.3053,0.0],[-97.6208,25.3088,6.3731]]],
[[[-97.6533,25.3185,0.0],[-97.6456,25.3136,0.0],[-97.6459,25.3184,0.6448],[-97.6506,25.3179,0.2438],[-97.6533,25.32,0.0],[-97.6533,25.3185,0.0]]],
[[[-97.6318,25.3229,0.0],[-97.6305,25.3249,0.0],[-97.6316,25.3254,0.8235],[-97.6401,25.3249,1.1035],[-97.6356,25.3223,1.9979],[-97.6318,25.3229,0.0]]],
[[[-97.6435,25.3431,0.4297],[-97.6457,25.3414,0.3871],[-97.6451,25.339,0.0],[-97.6387,25.3371,0.0],[-97.6402,25.3379,0.0],[-97.641,25.3428,0.0],[-97.6435,25.3431,0.4297]]],
[[[-97.6761,25.3682,0.0],[-97.6703,25.3686,0.0],[-97.6766,25.3743,0.0],[-97.6866,25.3726,0.3184],[-97.6837,25.3687,0.196],[-97.6761,25.3682,0.0]]],
[[[-97.5343,25.3625,0.0],[-97.5349,25.3643,0.0],[-97.5396,25.3659,0.8507],[-97.5389,25.3611,0.6837],[-97.5355,25.3608,0.0],[-97.5343,25.3625,0.0]]],
[[[-97.5457,25.3746,6.3976],[-97.5472,25.3723,0.5326],[-97.5439,25.3681,0.0],[-97.5408,25.3744,0.011],[-97.5435,25.377,3.4999],[-97.5457,25.3746,6.3976]]],
[[[-97.5364,25.3726,0.1769],[-97.5333,25.3779,-0.4197],[-97.5354,25.3798,1.0542],[-97.538,25.3782,3.9834],[-97.5409,25.3801,1.2315],[-97.5423,25.3815,2.5695],[-97.54,25.3846,0.2875],[-97.5429,25.3854,1.9366],[-97.5446,25.3798,1.1419],[-97.5392,25.3769,0.0622],[-97.5386,25.3751,2.1476],[-97.5415,25.3717,1.3723],[-97.5411,25.3704,0.0],[-97.5376,25.3708,0.0],[-97.5364,25.3726,0.1769]]],
[[[-97.5437,25.439,2.2251],[-97.5414,25.4383,0.2721],[-97.5409,25.4385,0.2721],[-97.5422,25.4409,0.4564],[-97.5437,25.439,2.2251]]],
[[[-97.4564,25.4109,2.6111],[-97.4501,25.4085,0.0],[-97.4421,25.4135,0.0],[-97.444,25.4162,0.2316],[-97.4475,25.4177,0.0],[-97.452,25.411,1.1826],[-97.4564,25.4124,0.0],[-97.4564,25.4109,2.6111]]],
[[[-97.4673,25.4145,6.515],[-97.4748,25.4127,1.8996],[-97.4726,25.4103,0.0],[-97.4695,25.4097,0.0],[-97.4644,25.4113,0.0],[-97.4613,25.4131,0.0],[-97.4587,25.4193,0.2008],[-97.4623,25.4172,0.0985],[-97.463,25.4152,5.5984],[-97.4673,25.4145,6.515]]],
[[[-97.4675,25.4208,4.479],[-97.4655,25.4189,0.0],[-97.4638,25.4214,0.0],[-97.4583,25.423,1.4938],[-97.4579,25.4272,0.3998],[-97.4598,25.4273,0.3998],[-97.4607,25.4244,3.4168],[-97.4642,25.4259,0.5416],[-97.4636,25.4244,3.8801],[-97.466,25.424,0.6837],[-97.4675,25.4208,4.479]]],
[[[-97.4558,25.4259,0.2072],[-97.452,25.421,0.1982],[-97.4451,25.4182,0.0],[-97.4405,25.4218,0.0],[-97.4405,25.4234,0.0],[-97.4506,25.4286,2.328],[-97.4525,25.4287,0.5753],[-97.4473,25.4236,4.7043],[-97.4523,25.4232,2.4069],[-97.4558,25.4259,0.2072]]],
[[[-97.5109,25.4169,0.0],[-97.5102,25.4159,0.0],[-97.5123,25.4142,0.0862],[-97.5102,25.4136,0.0],[-97.5088,25.4163,0.0],[-97.5109,25.4169,0.0]]],
[[[-97.4946,25.4235,5.3176],[-97.4966,25.421,3.7333],[-97.4953,25.4165,0.0],[-97.4969,25.4125,0.0],[-97.4947,25.4122,0.0],[-97.4931,25.414,5.2745],[-97.4944,25.4185,0.0634],[-97.4921,25.4254,0.0],[-97.4934,25.4262,0.0],[-97.4946,25.4235,5.3176]]],
[[[-97.503,25.4346,0.0],[-97.4856,25.4346,0.0],[-97.4771,25.4382,0.239],[-97.4757,25.441,0.0],[-97.4799,25.4429,2.6995],[-97.4811,25.4406,2.8805],[-97.4879,25.4424,1.724],[-97.4894,25.4382,6.9587],[-97.4935,25.4377,2.0805],[-97.4948,25.4379,2.0805],[-97.4906,25.4412,2.387],[-97.4914,25.4419,0.938],[-97.4947,25.44,3.3223],[-97.5168,25.4411,3.6305],[-97.5159,25.4365,3.9422],[-97.5182,25.4338,5.1941],[-97.5207,25.4319,8.093],[-97.5297,25.4332,3.069],[-97.532,25.4277,0.1639],[-97.529,25.4252,0.0],[-97.5259,25.4256,1.3834],[-97.5089,25.4307,0.0],[-97.5106,25.4336,0.26],[-97.503,25.4346,0.0]]],
[[[-97.5403,25.4481,0.8924],[-97.5426,25.446,0.3465],[-97.5402,25.4442,1.7706],[-97.533,25.4448,0.0],[-97.5213,25.4505,0.0],[-97.525,25.4538,0.0801],[-97.525,25.4523,1.346],[-97.5333,25.4475,5.8065],[-97.5359,25.4504,0.9941],[-97.5403,25.4481,0.8924]]],
[[[-97.5369,25.4621,0.1102],[-97.5353,25.4601,0.0],[-97.5251,25.4665,0.17],[-97.5265,25.4725,0.0],[-97.531,25.4693,0.5696],[-97.5354,25.471,0.1007],[-97.5322,25.4635,0.4321],[-97.5369,25.4621,0.1102]]],
[[[-97.2095,25.6651,-0.0347],[-97.2092,25.6679,0.1044],[-97.2121,25.667,0.3327],[-97.2107,25.6642,-0.0347],[-97.2095,25.6651,-0.0347]]],
[[[-97.2423,25.6707,0.4374],[-97.2387,25.6746,-0.5036],[-97.2431,25.6758,-0.2237],[-97.2371,25.6806,-1.5],[-97.2376,25.6837,-0.9557],[-97.2455,25.6774,0.507],[-97.247,25.6709,0.291],[-97.246,25.6694,-0.2914],[-97.2423,25.6707,0.4374]]],
[[[-97.216,25.6871,-0.2062],[-97.2229,25.6838,0.1429],[-97.2305,25.6747,-0.0307],[-97.2221,25.683,0.6454],[-97.2161,25.6853,-1.2086],[-97.216,25.6871,-0.2062]]],
[[[-97.2309,25.683,0.1647],[-97.2334,25.6834,0.4845],[-97.2344,25.6823,0.0848],[-97.2311,25.6823,0.1647],[-97.2309,25.683,0.1647]]],
[[[-97.2296,25.686,-0.0422],[-97.2311,25.685,0.1075],[-97.2265,25.685,-0.079],[-97.2252,25.6869,-0.0037],[-97.2255,25.6875,-0.1176],[-97.2296,25.686,-0.0422]]],
[[[-97.2013,25.6942,-0.0709],[-97.201,25.6958,0.2264],[-97.2008,25.697,0.2264],[-97.204,25.6942,0.7444],[-97.2013,25.6942,-0.0709]]],
[[[-97.2047,25.6972,0.3701],[-97.2059,25.6974,0.3701],[-97.2082,25.6952,-0.037],[-97.2041,25.6956,0.214],[-97.2047,25.6972,0.3701]]],
[[[-97.2222,25.6934,0.7673],[-97.2166,25.6914,-0.0412],[-97.2146,25.6923,-0.0638],[-97.2147,25.702,-0.5694],[-97.2192,25.6976,-0.2691],[-97.2256,25.6946,-0.3101],[-97.2306,25.695,-0.226],[-97.2332,25.6936,0.7049],[-97.2292,25.6912,0.8601],[-97.2222,25.6934,0.7673]]],
[[[-97.2113,25.698,0.1948],[-97.2132,25.6983,-0.3536],[-97.2117,25.6951,-0.1107],[-97.1986,25.7011,0.316],[-97.2015,25.7012,0.6478],[-97.2113,25.698,0.1948]]],
[[[-97.1948,25.7004,0.5519],[-97.1971,25.7006,-0.2126],[-97.1993,25.6979,0.3443],[-97.1976,25.6971,0.654],[-97.1948,25.7004,0.5519]]],
[[[-97.2268,25.6998,0.7155],[-97.2249,25.6992,-0.1766],[-97.2244,25.6998,-0.1766],[-97.225,25.7005,-0.6498],[-97.2268,25.6998,0.7155]]],
[[[-97.1949,25.7034,0.2005],[-97.1921,25.7037,0.1831],[-97.1921,25.7043,0.3599],[-97.1945,25.7046,0.3192],[-97.1949,25.7034,0.2005]]],
[[[-97.1906,25.7062,0.3183],[-97.1894,25.7053,0.2731],[-97.1785,25.7129,0.5168],[-97.1814,25.7133,0.6465],[-97.1906,25.7062,0.3183]]],
[[[-97.1844,25.7147,0.4069],[-97.1817,25.7145,-0.0829],[-97.1837,25.7169,0.0467],[-97.1844,25.7147,0.4069]]],
[[[-97.1845,25.7198,0.9188],[-97.1841,25.7176,0.1763],[-97.182,25.7192,0.0201],[-97.1835,25.7207,0.6558],[-97.1807,25.7202,0.0201],[-97.181,25.7234,0.1836],[-97.184,25.7267,-0.4465],[-97.1847,25.7257,0.1742],[-97.1845,25.7198,0.9188]]],
[[[-97.1885,25.7316,0.2806],[-97.1863,25.7321,0.7227],[-97.1844,25.7352,0.2822],[-97.1877,25.7338,0.3052],[-97.1866,25.7362,0.2012],[-97.1901,25.7362,0.2086],[-97.2015,25.7329,0.3099],[-97.1992,25.7312,0.2968],[-97.1885,25.7316,0.2806]]],
[[[-97.1948,25.7406,0.2768],[-97.1976,25.7386,0.2311],[-97.1902,25.7394,0.2759],[-97.1915,25.7415,0.0683],[-97.1948,25.7406,0.2768]]],
[[[-97.2029,25.7423,0.4046],[-97.2004,25.7414,0.1828],[-97.2005,25.7429,0.0997],[-97.1956,25.7444,-0.5235],[-97.2026,25.7446,0.01],[-97.2029,25.7423,0.4046]]],
[[[-97.2095,25.7422,0.6719],[-97.2078,25.745,0.1813],[-97.2118,25.7437,0.6556],[-97.2116,25.7418,0.205],[-97.2095,25.7422,0.6719]]],
[[[-97.1873,25.7432,0.3377],[-97.1869,25.745,0.5188],[-97.189,25.7453,0.3637],[-97.1894,25.7441,0.3637],[-97.1873,25.7432,0.3377]]],
[[[-97.188,25.7544,-0.3181],[-97.1882,25.7556,-0.433],[-97.1912,25.7548,0.1404],[-97.1895,25.7537,-0.8145],[-97.188,25.7544,-0.3181]]],
[[[-97.2125,25.7753,0.2137],[-97.2134,25.774,0.2749],[-97.21,25.7665,0.3226],[-97.2084,25.7695,-0.2675],[-97.2125,25.7753,0.2137]]],
[[[-97.1964,25.7732,0.6749],[-97.2055,25.7723,0.718],[-97.204,25.775,0.1276],[-97.2047,25.7769,0.6349],[-97.2058,25.778199999999998,0.3122],[-97.2088,25.7777,0.3887],[-97.2069,25.7749,0.3509],[-97.208,25.7713,0.6337],[-97.2067,25.7701,0.343],[-97.1989,25.7686,-0.2869],[-97.1922,25.7714,-0.757],[-97.1927,25.7728,0.1067],[-97.1964,25.7732,0.6749]]],
[[[-97.1724,25.7823,-0.0886],[-97.1765,25.783,-0.4221],[-97.1789,25.7784,-1.0],[-97.1766,25.7788,-1.0],[-97.1757,25.7814,-1.0],[-97.1724,25.7823,-0.0886]]],
[[[-97.2061,25.7854,0.2365],[-97.201,25.7846,0.4592],[-97.2004,25.7869,0.152],[-97.2089,25.7895,0.2284],[-97.2142,25.7867,0.1515],[-97.2156,25.7835,0.4105],[-97.2137,25.7828,0.2011],[-97.2094,25.7853,0.2117],[-97.2061,25.7854,0.2365]]],
[[[-97.1888,25.792,0.2437],[-97.1905,25.786,0.2995],[-97.1947,25.7826,0.0427],[-97.1942,25.7808,0.125],[-97.1916,25.7817,0.002],[-97.1887,25.7859,0.6246],[-97.1888,25.792,0.2437]]],
[[[-97.1748,25.7939,0.6241],[-97.1734,25.7944,0.6899],[-97.1731,25.7928,0.8387],[-97.174,25.7891,0.0505],[-97.172,25.7893,-0.1895],[-97.1724,25.7947,0.6899],[-97.1775,25.7977,0.1358],[-97.1797,25.7965,-0.0213],[-97.1773,25.7959,0.5097],[-97.177,25.7944,0.7698],[-97.1748,25.7939,0.6241]]],
[[[-97.1681,25.8032,0.5916],[-97.1687,25.796,-0.2467],[-97.1668,25.7977,-0.5427],[-97.166,25.8032,-0.0407],[-97.1623,25.8098,0.2636],[-97.1631,25.8098,0.2636],[-97.1681,25.8032,0.5916]]]]}
,"properties": {"GID_1": "MEX.28_1","GID_0": "MEX","country": "México","province": "Tamaulipas","VARNAME_1": "NA","NL_NAME_1": "NA","TYPE_1": "Estado","ENGTYPE_1": "State","CC_1": "NA","HASC_1": "MX.TM","ISO_1": "MX-TAM","name": "Tamaulipas.province","area_km2": 78263.84,"hist_schema_id": "Elevation0-9000","hist_area_km2": {"0": 8512.3,"25": 7273.49,"50": 5522.92,"75": 6275.87,"100": 5649.11,"125": 5465.91,"150": 4382.56,"175": 3457.7,"200": 2752.67,"225": 2238.53,"250": 1867.69,"275": 1730.29,"300": 1512.8,"325": 1355.07,"350": 1109.26,"375": 918.2,"400": 829.82,"425": 738.99,"450": 642.43,"475": 576.93,"500": 531.75,"525": 465.15,"550": 426.33,"575": 417.35,"600": 402.78,"625": 388.43,"650": 373.41,"675": 366.77,"700": 358.47,"725": 341.84,"750": 330.3,"775": 310.24,"800": 292.79,"825": 260.77,"850": 226.03,"875": 210.03,"900": 194.53,"925": 170.96,"950": 164.29,"975": 149.82,"1000": 141.19,"1025": 435.61,"1050": 392.81,"1075": 270.53,"1100": 265.06,"1125": 235.66,"1150": 212.68,"1175": 198.89,"1200": 215.73,"1225": 197.36,"1250": 196.37,"1275": 186.87,"1300": 179.39,"1325": 178.93,"1350": 172.08,"1375": 195.57,"1400": 186.4,"1425": 186.25,"1450": 186.05,"1475": 184.5,"1500": 182.86,"1525": 177.1,"1550": 177.7,"1575": 181.66,"1600": 184.63,"1625": 181.37,"1650": 174.36,"1675": 163.7,"1700": 155.57,"1725": 157.48,"1750": 145.77,"1775": 142.92,"1800": 143.1,"1825": 140.77,"1850": 138.97,"1875": 136.91,"1900": 128.76,"1925": 124.2,"1950": 117.4,"1975": 110.57,"2000": 107.34,"2025": 99.53,"2050": 94.35,"2075": 90.96,"2100": 88.22,"2125": 80.47,"2150": 75.84,"2175": 67.93,"2200": 60.61,"2225": 55.36,"2250": 51.07,"2275": 44.37,"2300": 41.02,"2325": 34.93,"2350": 34.83,"2375": 33.17,"2400": 28.96,"2425": 27.72,"2450": 31.21,"2475": 28.8,"2500": 28.79,"2525": 27.37,"2550": 24.96,"2575": 24.3,"2600": 23.19,"2625": 22.04,"2650": 21.38,"2675": 18.55,"2700": 18.51,"2725": 17.6,"2750": 16.63,"2775": 16.96,"2800": 15.25,"2825": 14.08,"2850": 12.14,"2875": 11.9,"2900": 10.54,"2925": 10.47,"2950": 9.79,"2975": 9.11,"3000": 8.35,"3025": 8.17,"3050": 7.69,"3075": 6.54,"3100": 5.73,"3125": 4.45,"3150": 3.84,"3175": 2.95,"3200": 2.27,"3225": 1.59,"3250": 0.91,"3275": 0.68}}}