{"type":"Feature","properties":{"GID_1":"MEX.25_1","GID_0":"MEX","country":"México","province":"Sinaloa","VARNAME_1":"NA","NL_NAME_1":"NA","TYPE_1":"Estado","ENGTYPE_1":"State","CC_1":"NA","HASC_1":"MX.SI","ISO_1":"MX-SIN","name":"Sinaloa.province"},
"geometry":{"type": "MultiPolygon","coordinates": [[[[-107.9748,24.7385,1.424],[-107.9752,24.7422,1.9612],[-107.9716,24.7473,1.1611],[-107.9727,24.7534,0.0],[-107.9745,24.7553,2.0241],[-107.9774,24.756,0.0],[-107.9798,24.7513,2.0418],[-107.9842,24.749,0.4809],[-107.9873,24.7485,3.0657],[-107.9921,24.752,0.0],[-107.9893,24.7438,2.0925],[-107.9816,24.7427,1.4658],[-107.9798,24.7393,1.1621],[-107.9777,24.7389,2.1749],[-107.979,24.731,1.8975],[-107.9755,24.7294,0.5679],[-107.9706,24.7303,1.9087],[-107.9712,24.7251,0.0],[-107.9648,24.7255,2.1255],[-107.9673,24.7275,1.5479],[-107.9681,24.7322,0.7728],[-107.9748,24.7385,1.424]]],
[[[-107.9958,24.7621,2.0482],[-107.9967,24.7641,0.0],[-108.0069,24.7648,0.0],[-108.0066,24.7596,0.5742],[-107.9997,24.757,0.0],[-107.9993,24.7549,1.3016],[-107.9937,24.7533,0.0],[-107.9958,24.7621,2.0482]]],
[[[-107.9758,24.7884,0.0],[-107.9746,24.7881,0.5908],[-107.9747,24.7891,0.5582],[-107.9767,24.7894,0.5168],[-107.9758,24.7884,0.0]]],
[[[-107.971,24.7882,1.1298],[-107.9703,24.7898,0.0],[-107.9726,24.7901,1.2869],[-107.9725,24.7887,1.1298],[-107.971,24.7882,1.1298]]],
[[[-107.9788,24.7936,3.1303],[-107.9806,24.792,1.2203],[-107.9787,24.7896,0.4553],[-107.9771,24.7914,3.0857],[-107.9788,24.7936,3.1303]]],
[[[-107.9763,24.7922,0.0],[-107.9758,24.7915,0.0],[-107.9754,24.792,0.0],[-107.9759,24.7926,0.0],[-107.9763,24.7922,0.0]]],
[[[-107.9783,24.7972,0.5216],[-107.9786,24.7944,1.8097],[-107.9782,24.7933,3.1303],[-107.977,24.7981,0.5216],[-107.9783,24.7972,0.5216]]],
[[[-107.9794,24.7987,0.5952],[-107.9798,24.7984,0.5952],[-107.9791,24.7977,0.5952],[-107.9786,24.7982,0.5216],[-107.9794,24.7987,0.5952]]],
[[[-107.6477,24.463,0.0],[-107.6488,24.4622,0.0],[-107.6472,24.4614,1.6327],[-107.6467,24.4621,0.0],[-107.6477,24.463,0.0]]],
[[[-107.5504,24.4648,0.0],[-107.5492,24.4656,0.3031],[-107.5494,24.4671,0.0],[-107.5514,24.4656,0.0],[-107.5504,24.4648,0.0]]],
[[[-107.5375,24.476,0.6368],[-107.5359,24.4758,0.0],[-107.5373,24.4769,0.6368],[-107.5403,24.4762,1.2186],[-107.5399,24.4757,1.2186],[-107.5375,24.476,0.6368]]],
[[[-107.6612,24.4795,0.7074],[-107.6597,24.4737,0.0],[-107.6594,24.4792,1.8204],[-107.6601,24.4805,0.6779],[-107.6612,24.4795,0.7074]]],
[[[-107.5549,24.4756,2.0391],[-107.5533,24.478,2.3081],[-107.5572,24.4819,3.4241],[-107.5588,24.4808,1.811],[-107.5563,24.48,1.7935],[-107.555,24.4768,2.0391],[-107.5583,24.4715,0.6403],[-107.5557,24.4722,1.9824],[-107.5549,24.4756,2.0391]]],
[[[-107.5424,24.4773,0.7756],[-107.5409,24.4767,0.8593],[-107.5412,24.4776,0.7756],[-107.5435,24.478,1.4654],[-107.5424,24.4773,0.7756]]],
[[[-107.5638,24.4783,1.3367],[-107.5697,24.4812,0.0],[-107.5698,24.48,0.0],[-107.5678,24.4785,0.0],[-107.5638,24.4783,1.3367]]],
[[[-107.5484,24.4935,0.0],[-107.5494,24.4928,0.5255],[-107.5488,24.4908,0.0],[-107.5483,24.493,0.0],[-107.5484,24.4935,0.0]]],
[[[-107.582,24.4914,2.1879],[-107.5772,24.4912,1.091],[-107.5779,24.4955,2.0514],[-107.5809,24.4964,2.0727],[-107.5841,24.4951,0.6398],[-107.5853,24.49,0.8237],[-107.582,24.4914,2.1879]]],
[[[-107.5759,24.4913,1.091],[-107.5751,24.4921,1.9259],[-107.5754,24.4924,1.9259],[-107.5764,24.4918,1.091],[-107.5759,24.4913,1.091]]],
[[[-107.573,24.4939,0.9101],[-107.5727,24.495,0.9101],[-107.5743,24.4948,1.1006],[-107.5746,24.4924,1.9259],[-107.5737,24.4928,1.9259],[-107.573,24.4939,0.9101]]],
[[[-107.5464,24.4804,1.5511],[-107.5519,24.483,1.819],[-107.5512,24.4813,0.5576],[-107.5487,24.4814,1.9274],[-107.5438,24.4771,1.4654],[-107.5464,24.4804,1.5511]]],
[[[-107.5572,24.4824,1.0063],[-107.5551,24.4904,0.0],[-107.5565,24.4935,0.0],[-107.5582,24.486,1.6317],[-107.5599,24.4847,0.6448],[-107.5572,24.4824,1.0063]]],
[[[-107.563,24.5028,1.4636],[-107.5635,24.5037,1.0477],[-107.5645,24.5039,0.0],[-107.5646,24.5031,1.0477],[-107.563,24.5028,1.4636]]],
[[[-107.5523,24.5066,1.3939],[-107.551,24.5075,0.0],[-107.5542,24.5078,0.0],[-107.5537,24.5072,0.0],[-107.5523,24.5066,1.3939]]],
[[[-107.5756,24.5114,2.0751],[-107.5722,24.5112,2.274],[-107.5745,24.5139,0.4184],[-107.5771,24.5143,1.4259],[-107.5756,24.5114,2.0751]]],
[[[-107.8269,24.5403,2.2216],[-107.8256,24.5422,0.0],[-107.8297,24.5414,2.2724],[-107.8334,24.544,0.5788],[-107.8208,24.53,1.5809],[-107.8159,24.5271,0.0],[-107.8037,24.5361,0.0],[-107.8081,24.5347,0.0],[-107.8264,24.5374,1.8866],[-107.8269,24.5403,2.2216]]],
[[[-107.8354,24.547,0.0],[-107.8366,24.5484,1.692],[-107.8376,24.5491,1.6546],[-107.835,24.546,0.0],[-107.8354,24.547,0.0]]],
[[[-107.5901,24.5067,1.7137],[-107.5913,24.5057,2.0182],[-107.5901,24.5046,0.8798],[-107.5892,24.5055,1.7137],[-107.5901,24.5067,1.7137]]],
[[[-107.8449,24.559,0.0],[-107.8469,24.5604,0.7284],[-107.849,24.5578,2.1427],[-107.8449,24.5555,1.215],[-107.8449,24.559,0.0]]],
[[[-107.8517,24.5596,0.2259],[-107.8523,24.5596,0.2259],[-107.8505,24.5586,0.0],[-107.8506,24.5596,1.7181],[-107.8517,24.5596,0.2259]]],
[[[-107.8612,24.5659,1.8174],[-107.861,24.5683,0.1655],[-107.8635,24.5664,1.8159],[-107.8652,24.5692,0.5193],[-107.871,24.5708,3.0461],[-107.8729,24.5749,1.9986],[-107.8758,24.575,2.313],[-107.8726,24.57,0.0],[-107.8526,24.5598,0.2259],[-107.8612,24.5659,1.8174]]],
[[[-107.877,24.6093,2.6346],[-107.8809,24.6137,1.8552],[-107.8893,24.6159,0.3128],[-107.8901,24.6144,0.7699],[-107.8834,24.6062,0.0],[-107.8765,24.6057,1.1311],[-107.877,24.6093,2.6346]]],
[[[-107.9254,24.6114,0.0],[-107.9261,24.6124,0.0],[-107.9282,24.6129,0.0],[-107.9271,24.6115,1.3184],[-107.9254,24.6114,0.0]]],
[[[-107.7097,24.4913,0.0],[-107.7089,24.4979,0.0],[-107.725,24.5006,1.1284],[-107.7297,24.4982,4.6848],[-107.7301,24.4925,0.0],[-107.7276,24.4915,0.0],[-107.7261,24.4955,1.5485],[-107.7196,24.4937,0.0],[-107.7153,24.4946,2.7377],[-107.7097,24.4913,0.0]]],
[[[-107.5539,24.4949,1.8012],[-107.5528,24.4976,0.0],[-107.5561,24.4983,0.7218],[-107.5549,24.4966,3.5422],[-107.5577,24.495,0.0],[-107.5539,24.4949,1.8012]]],
[[[-107.557,24.4975,0.7218],[-107.5637,24.498,1.2191],[-107.5625,24.4954,0.0],[-107.5577,24.496,1.4008],[-107.557,24.4975,0.7218]]],
[[[-107.5903,24.5001,2.2599],[-107.5923,24.5005,0.0],[-107.5929,24.4998,0.7973],[-107.5917,24.4994,2.2599],[-107.5903,24.5001,2.2599]]],
[[[-107.5716,24.5047,2.2493],[-107.5794,24.5065,2.1081],[-107.5844,24.5049,1.089],[-107.5828,24.5032,3.9138],[-107.5866,24.5027,0.9695],[-107.5895,24.4998,0.7012],[-107.5822,24.5009,3.1235],[-107.58,24.5046,2.8687],[-107.5777,24.5055,0.0],[-107.5799,24.5036,3.2848],[-107.5793,24.5023,2.2106],[-107.5708,24.502,1.9569],[-107.5703,24.4998,0.0],[-107.5646,24.4973,1.2191],[-107.5654,24.4999,0.0],[-107.5699,24.5036,3.4411],[-107.57,24.5054,2.2493],[-107.5716,24.5047,2.2493]]],
[[[-106.4042,23.1797,0.1362],[-106.4039,23.1787,0.0],[-106.4033,23.1803,0.1362],[-106.4045,23.1802,0.1362],[-106.4042,23.1797,0.1362]]],
[[[-106.4395,23.1851,0.0787],[-106.4407,23.1848,0.1871],[-106.4408,23.1838,0.1871],[-106.4394,23.1844,0.0787],[-106.4395,23.1851,0.0787]]],
[[[-106.4367,23.1877,0.0615],[-106.4368,23.1872,0.0615],[-106.4361,23.1869,0.0],[-106.4361,23.1876,0.0615],[-106.4367,23.1877,0.0615]]],
[[[-106.3955,23.2087,0.5886],[-106.3964,23.2099,0.3312],[-106.3972,23.2079,0.0],[-106.3961,23.2079,0.5886],[-106.3955,23.2087,0.5886]]],
[[[-106.3975,23.2098,0.1065],[-106.3995,23.2093,0.0],[-106.3994,23.2087,0.0],[-106.398,23.2089,0.1065],[-106.3975,23.2098,0.1065]]],
[[[-106.4654,23.2258,0.0],[-106.4659,23.2233,0.2362],[-106.4636,23.2257,2.8467],[-106.4637,23.2277,0.0],[-106.4638,23.2274,0.0],[-106.4654,23.2258,0.0]]],
[[[-106.4645,23.2289,1.3087],[-106.4626,23.2312,5.9616],[-106.4634,23.2361,0.0],[-106.4673,23.2392,0.2296],[-106.4713,23.2341,6.9423],[-106.4656,23.2315,17.4146],[-106.4645,23.2289,1.3087]]],
[[[-106.4055,23.2079,0.0],[-106.4051,23.2074,0.0],[-106.4045,23.2081,0.0],[-106.405,23.2082,0.0],[-106.4055,23.2079,0.0]]],
[[[-106.4745,23.2581,12.0989],[-106.4793,23.2569,2.8948],[-106.479,23.2511,6.5963],[-106.4747,23.252,2.6933],[-106.4732,23.2568,40.85],[-106.4745,23.2581,12.0989]]],
[[[-106.7516,23.6149,1.0],[-106.7539,23.6154,1.0],[-106.7549,23.6144,1.3787],[-106.7533,23.6136,1.0],[-106.7516,23.6149,1.0]]],
[[[-106.7944,23.6779,0.0],[-106.7947,23.6795,0.6124],[-106.7947,23.6747,0.0],[-106.7944,23.6779,0.0]]],
[[[-107.0609,24.0041,1.1558],[-107.0623,24.0022,0.0],[-107.0597,23.9998,0.4706],[-107.0602,24.0043,1.1558],[-107.0609,24.0041,1.1558]]],
[[[-107.2045,24.1089,0.3889],[-107.2005,24.1069,0.0],[-107.1991,24.1079,0.8251],[-107.2003,24.1099,0.8281],[-107.2045,24.1089,0.3889]]],
[[[-107.1644,24.1359,0.4354],[-107.1667,24.1363,0.0],[-107.1671,24.1349,0.0],[-107.1653,24.1335,0.0],[-107.1644,24.1359,0.4354]]],
[[[-107.353,24.2206,1.0412],[-107.355,24.2229,1.1503],[-107.3556,24.2232,1.7264],[-107.3549,24.2202,0.0],[-107.353,24.2206,1.0412]]],
[[[-107.366,24.2279,1.6129],[-107.3699,24.2265,0.0],[-107.3658,24.226,2.3773],[-107.36,24.2223,0.7148],[-107.3577,24.2229,3.5574],[-107.3583,24.2259,0.0],[-107.361,24.2275,2.5349],[-107.366,24.2279,1.6129]]],
[[[-107.4108,24.242,1.98],[-107.4111,24.2433,1.4955],[-107.4139,24.2447,0.0],[-107.411,24.2419,1.98],[-107.4108,24.242,1.98]]],
[[[-107.5137,24.3396,1.8653],[-107.5138,24.3371,1.6131],[-107.5114,24.3387,0.0],[-107.5112,24.3426,0.5576],[-107.5136,24.3415,2.0544],[-107.5137,24.3396,1.8653]]],
[[[-107.5093,24.3435,1.689],[-107.5108,24.3415,1.6544],[-107.5098,24.3384,0.0],[-107.5084,24.3433,1.689],[-107.5093,24.3435,1.689]]],
[[[-107.3705,24.2242,1.3774],[-107.3914,24.2294,0.8205],[-107.3988,24.2337,2.9317],[-107.4036,24.239,0.4412],[-107.4059,24.2392,1.6458],[-107.4066,24.2379,2.0705],[-107.4067,24.2343,2.7223],[-107.405,24.232,0.0],[-107.3302,24.1892,4.1435],[-107.2071,24.1103,0.0],[-107.2065,24.1148,0.5987],[-107.2123,24.1171,1.5522],[-107.2174,24.124,0.0],[-107.2273,24.1275,0.5679],[-107.2333,24.1315,2.6374],[-107.2398,24.1389,0.2941],[-107.2483,24.1429,1.4718],[-107.2562,24.1513,1.2325],[-107.2589,24.1506,1.9206],[-107.2635,24.1545,3.0187],[-107.2689,24.1554,3.119],[-107.2741,24.1583,3.267],[-107.2782,24.1618,3.0614],[-107.2817,24.1679,3.0455],[-107.3041,24.1785,2.5743],[-107.3073,24.1824,4.9122],[-107.3051,24.183,0.0],[-107.3165,24.1933,4.5596],[-107.3598,24.2176,1.7728],[-107.3652,24.2236,3.2147],[-107.3705,24.2242,1.3774]]],
[[[-107.3881,24.2396,2.0782],[-107.3922,24.2406,0.0],[-107.3922,24.2387,2.6246],[-107.3935,24.2388,0.8153],[-107.3969,24.2433,1.8715],[-107.3998,24.2418,0.0],[-107.3851,24.2333,0.0],[-107.3881,24.2396,2.0782]]],
[[[-107.5123,24.3502,2.1899],[-107.5141,24.3514,1.3149],[-107.5173,24.3499,2.2283],[-107.5241,24.3531,1.225],[-107.5247,24.3508,1.6615],[-107.5243,24.3489,2.1561],[-107.5159,24.3454,0.0],[-107.5119,24.3469,0.0],[-107.5123,24.3502,2.1899]]],
[[[-107.5118,24.3637,0.0],[-107.5081,24.364,2.675],[-107.5109,24.3661,0.8833],[-107.5147,24.3644,1.1796],[-107.5118,24.3637,0.0]]],
[[[-107.5138,24.3667,1.3897],[-107.5114,24.3667,0.8833],[-107.5112,24.3674,0.743],[-107.5137,24.3683,2.3387],[-107.5138,24.3667,1.3897]]],
[[[-107.5235,24.3732,0.6619],[-107.5238,24.3715,1.2762],[-107.5219,24.3712,0.0],[-107.5226,24.3723,0.6619],[-107.5235,24.3732,0.6619]]],
[[[-107.5159,24.3812,1.9405],[-107.5136,24.3814,0.505],[-107.5142,24.3833,0.8011],[-107.5145,24.3833,0.8011],[-107.5159,24.3812,1.9405]]],
[[[-107.1633,24.1276,0.4405],[-107.1667,24.1249,0.0],[-107.1661,24.1229,0.0],[-107.1609,24.1259,1.415],[-107.1606,24.128,0.9511],[-107.1633,24.1276,0.4405]]],
[[[-107.1742,24.1334,1.2325],[-107.1771,24.1323,0.0],[-107.1747,24.1291,0.5511],[-107.1708,24.1332,0.8732],[-107.1742,24.1334,1.2325]]],
[[[-107.1698,24.1303,1.3211],[-107.1726,24.1269,0.0],[-107.1706,24.1255,1.0851],[-107.1688,24.1288,1.3211],[-107.1698,24.1303,1.3211]]],
[[[-107.513,24.3886,0.0],[-107.5131,24.3903,1.6066],[-107.5154,24.3908,0.9934],[-107.5177,24.3858,1.6681],[-107.5162,24.3856,1.6681],[-107.5147,24.3903,1.4829],[-107.513,24.3886,0.0]]],
[[[-107.5129,24.3952,2.0121],[-107.517,24.3963,0.6293],[-107.5137,24.3941,2.0121],[-107.514,24.3915,0.9934],[-107.5121,24.3938,2.0121],[-107.5129,24.3952,2.0121]]],
[[[-107.521,24.3975,0.4913],[-107.5218,24.3981,0.4913],[-107.5225,24.3976,0.0],[-107.5218,24.3968,0.0],[-107.521,24.3975,0.4913]]],
[[[-107.506,24.4104,0.0],[-107.5057,24.4116,0.0],[-107.5075,24.4115,1.423],[-107.5073,24.4106,1.423],[-107.506,24.4104,0.0]]],
[[[-107.5172,24.4129,0.0],[-107.5187,24.4113,0.0],[-107.5185,24.4107,0.0],[-107.5168,24.4122,0.0],[-107.5172,24.4129,0.0]]],
[[[-107.5125,24.4105,0.0],[-107.5135,24.4097,0.6878],[-107.508,24.4118,1.2593],[-107.5085,24.4119,1.2593],[-107.5125,24.4105,0.0]]],
[[[-107.5034,24.409,0.0],[-107.5096,24.4096,0.6331],[-107.5064,24.4026,1.2951],[-107.5051,24.4024,1.2811],[-107.5048,24.4067,1.6334],[-107.5016,24.408,0.7174],[-107.5034,24.409,0.0]]],
[[[-107.5166,24.408,0.7636],[-107.5153,24.408,0.6888],[-107.5143,24.409,0.0],[-107.5161,24.4093,0.0],[-107.5166,24.408,0.7636]]],
[[[-107.5102,24.4168,1.1863],[-107.5114,24.4167,1.1863],[-107.5117,24.4154,0.0],[-107.5103,24.4157,1.1863],[-107.5102,24.4168,1.1863]]],
[[[-107.4973,24.4197,0.0],[-107.4976,24.4196,0.6537],[-107.4984,24.4176,0.9629],[-107.4974,24.4181,0.0],[-107.4973,24.4197,0.0]]],
[[[-107.5133,24.4187,1.4297],[-107.5121,24.4168,0.0],[-107.5139,24.421,0.0],[-107.5147,24.4201,0.4393],[-107.5133,24.4187,1.4297]]],
[[[-107.6216,24.4373,0.3995],[-107.6219,24.4382,0.3995],[-107.6321,24.4418,0.0],[-107.6256,24.4357,0.9397],[-107.6216,24.4373,0.3995]]],
[[[-107.6382,24.4584,1.5844],[-107.639,24.4589,0.0],[-107.6396,24.4579,0.0],[-107.6383,24.4576,1.5844],[-107.6382,24.4584,1.5844]]],
[[[-107.6408,24.4595,0.9882],[-107.6403,24.4612,2.5853],[-107.6429,24.4619,0.0],[-107.642,24.4602,1.0582],[-107.6408,24.4595,0.9882]]],
[[[-107.5633,24.4631,0.8243],[-107.5642,24.4639,0.0],[-107.5638,24.4599,0.0],[-107.5629,24.461,1.7229],[-107.5633,24.4631,0.8243]]],
[[[-107.5723,24.4524,0.7997],[-107.5696,24.452,0.0],[-107.572,24.4542,0.0],[-107.5737,24.4531,0.0],[-107.5723,24.4524,0.7997]]],
[[[-107.5687,24.4554,0.0],[-107.5703,24.4553,0.6062],[-107.57,24.4543,0.6062],[-107.5689,24.4541,0.0],[-107.5687,24.4554,0.0]]],
[[[-107.6393,24.4547,0.0],[-107.6388,24.4553,0.0],[-107.6394,24.4557,2.077],[-107.6396,24.4548,1.8974],[-107.6393,24.4547,0.0]]],
[[[-107.6394,24.4563,2.077],[-107.636,24.4539,1.9104],[-107.6364,24.4564,1.1811],[-107.6399,24.4573,0.0],[-107.6394,24.4563,2.077]]],
[[[-107.5678,24.4562,2.8738],[-107.5663,24.4554,0.0],[-107.567,24.4595,0.4781],[-107.5693,24.4571,0.0],[-107.5678,24.4562,2.8738]]],
[[[-107.6372,24.4529,0.6977],[-107.6427,24.4547,3.5552],[-107.6424,24.4586,2.999],[-107.6462,24.4615,1.6327],[-107.6459,24.4555,0.0],[-107.6365,24.4503,0.0],[-107.6372,24.4529,0.6977]]],
[[[-105.4604,22.6475,80.2667],[-105.464,22.6592,52.9458],[-105.4981,22.6514,264.5427],[-105.5115,22.6852,187.8286],[-105.5229,22.7243,126.9123],[-105.5153,22.7395,199.275],[-105.5141,22.7593,310.2625],[-105.5194,22.759,323.7662],[-105.5247,22.7752,192.6722],[-105.5226,22.7756,208.3928],[-105.5199,22.7728,216.1438],[-105.5165,22.7806,220.7554],[-105.5191,22.7839,219.6753],[-105.5149,22.7857,223.5486],[-105.515,22.7879,220.8367],[-105.5116,22.7891,242.0863],[-105.5114,22.7909,223.291],[-105.5092,22.7922,247.7232],[-105.509,22.7944,247.2229],[-105.5113,22.794,227.3671],[-105.5112,22.7969,232.7959],[-105.5065,22.7977,243.6021],[-105.5056,22.8059,253.6881],[-105.5028,22.8063,261.5011],[-105.5021,22.8101,277.3332],[-105.495,22.8105,274.9656],[-105.4949,22.813,292.701],[-105.4965,22.814,295.165],[-105.4934,22.8152,294.2343],[-105.4959,22.8174,308.8318],[-105.4929,22.8214,303.1966],[-105.4934,22.8262,343.1361],[-105.4902,22.8244,318.1821],[-105.4877,22.826,319.9348],[-105.4888,22.8296,324.6119],[-105.4866,22.8316,334.7898],[-105.4877,22.831,328.4218],[-105.4883,22.8323,331.9911],[-105.4857,22.8353,348.6152],[-105.4872,22.8391,385.9768],[-105.482,22.8421,380.4958],[-105.4792,22.842,379.4922],[-105.4769,22.85,418.2694],[-105.4752,22.8499,394.8211],[-105.4747,22.8517,497.6346],[-105.4842,22.8587,498.4452],[-105.4753,22.8806,674.9637],[-105.4712,22.8833,773.8056],[-105.4987,22.9336,1188.8545],[-105.4961,22.9342,1060.7324],[-105.5013,22.9586,895.6523],[-105.4533,22.9774,1045.5226],[-105.4326,23.024,1583.626],[-105.409,23.0236,958.6363],[-105.4132,23.0371,1172.0938],[-105.4101,23.0391,1091.4919],[-105.4116,23.0412,1123.088],[-105.4099,23.0444,1238.0846],[-105.412,23.0483,1258.0203],[-105.4104,23.0601,1387.8688],[-105.4131,23.0643,1497.4691],[-105.413,23.0741,1650.4255],[-105.3922,23.0852,1153.9869],[-105.3996,23.0897,1207.3817],[-105.3991,23.0923,1247.9937],[-105.4012,23.0962,1358.0964],[-105.3988,23.1022,1451.4995],[-105.4085,23.1032,1479.0535],[-105.4131,23.1095,1656.3879],[-105.413,23.1125,1758.7603],[-105.4159,23.1169,1752.8872],[-105.4244,23.1203,2054.6941],[-105.4341,23.1205,1837.2288],[-105.4404,23.1167,1826.7115],[-105.4462,23.1196,1849.8206],[-105.4553,23.1173,1818.4475],[-105.504,23.1277,1383.5269],[-105.5078,23.1251,1199.6865],[-105.5179,23.1249,983.9011],[-105.5251,23.1199,775.0712],[-105.5312,23.1181,704.9905],[-105.5316,23.1134,676.2111],[-105.5374,23.1076,606.431],[-105.5371,23.1045,577.6423],[-105.5462,23.1033,565.0291],[-105.5486,23.1044,546.8165],[-105.5493,23.1004,493.3622],[-105.5543,23.0989,490.4158],[-105.5589,23.1037,494.6696],[-105.5617,23.1041,442.5364],[-105.5693,23.1101,414.1862],[-105.571,23.1087,404.1361],[-105.5702,23.1067,397.139],[-105.5754,23.105,400.0782],[-105.5762,23.1076,388.0738],[-105.5747,23.1101,366.5396],[-105.5804,23.1094,390.8397],[-105.5842,23.1129,347.1171],[-105.5903,23.1093,313.5813],[-105.5946,23.1112,306.2535],[-105.5976,23.1091,282.1137],[-105.6014,23.1141,300.6307],[-105.6038,23.1129,263.9864],[-105.6058,23.116,256.4218],[-105.609,23.1166,296.468],[-105.6082,23.1184,242.5598],[-105.6058,23.1182,241.3104],[-105.607,23.1218,241.552],[-105.617,23.122,279.6629],[-105.6164,23.1256,212.5298],[-105.6188,23.1263,187.5974],[-105.624,23.1224,180.5161],[-105.6299,23.1309,437.2998],[-105.644,23.1418,410.7657],[-105.6462,23.1489,207.6358],[-105.6458,23.1515,130.3975],[-105.6369,23.1559,147.6581],[-105.6389,23.1676,144.0096],[-105.6338,23.171,147.3651],[-105.633,23.1734,140.6787],[-105.6407,23.1855,163.0276],[-105.6343,23.1898,185.2077],[-105.6352,23.1969,211.6694],[-105.6337,23.1999,246.6173],[-105.6297,23.2023,165.4408],[-105.6303,23.2075,215.3198],[-105.6357,23.2147,173.6505],[-105.6297,23.2192,233.3689],[-105.6316,23.225,314.2387],[-105.6303,23.2356,203.1302],[-105.6344,23.2381,202.5193],[-105.6423,23.2381,204.3061],[-105.6392,23.245,265.0001],[-105.6468,23.2534,217.7565],[-105.6475,23.2616,262.3799],[-105.6428,23.266,224.7887],[-105.6455,23.2694,250.9478],[-105.6432,23.2765,231.8463],[-105.6537,23.2817,234.9184],[-105.6583,23.2822,244.3032],[-105.6637,23.2874,270.6693],[-105.6654,23.2863,264.1202],[-105.6636,23.2839,267.5797],[-105.6648,23.2827,247.4614],[-105.6726,23.2816,257.7835],[-105.6751,23.2822,273.2002],[-105.677,23.2858,259.5712],[-105.6848,23.2857,271.194],[-105.6871,23.2875,276.1934],[-105.6908,23.2946,307.3117],[-105.6902,23.2978,294.9695],[-105.694,23.3013,296.4449],[-105.6874,23.3071,278.1318],[-105.6917,23.3051,289.9938],[-105.6995,23.3077,289.9387],[-105.6983,23.3102,283.007],[-105.693,23.3098,310.5969],[-105.6923,23.311,304.2626],[-105.6937,23.3204,302.9876],[-105.7008,23.3242,305.7759],[-105.6988,23.3282,329.1615],[-105.7022,23.3327,343.6603],[-105.694,23.3406,311.2509],[-105.6971,23.3418,309.3713],[-105.7035,23.3401,374.9919],[-105.7052,23.3487,312.5601],[-105.7084,23.3504,317.8868],[-105.7152,23.3502,346.0409],[-105.7154,23.3526,319.3558],[-105.7119,23.356,334.9059],[-105.7122,23.3643,321.1265],[-105.7232,23.3721,403.3399],[-105.7307,23.3749,352.0569],[-105.7292,23.3781,352.7342],[-105.7233,23.3766,352.3786],[-105.7173,23.3786,426.2842],[-105.7173,23.38,357.9819],[-105.7225,23.3838,370.7898],[-105.7224,23.386,400.7519],[-105.7171,23.3927,371.9317],[-105.7121,23.3926,370.1153],[-105.7118,23.3978,442.5212],[-105.7086,23.4039,425.7346],[-105.7103,23.4081,406.9449],[-105.704,23.4113,379.8047],[-105.7003,23.4202,431.6],[-105.7071,23.4259,437.2657],[-105.722,23.4264,419.6093],[-105.7283,23.429,441.6563],[-105.7306,23.434,488.5076],[-105.7284,23.4396,453.1645],[-105.7389,23.4452,503.1628],[-105.7383,23.4484,489.1634],[-105.7339,23.4522,477.535],[-105.7301,23.4528,467.0587],[-105.7293,23.4579,474.5331],[-105.7247,23.4608,475.3922],[-105.7281,23.4668,520.9365],[-105.7234,23.4748,478.4833],[-105.7298,23.4823,636.7961],[-105.7342,23.4824,572.5397],[-105.7394,23.4853,605.9836],[-105.7405,23.4893,586.7669],[-105.7486,23.4937,665.8854],[-105.751,23.5003,628.1224],[-105.7603,23.503,642.1827],[-105.7601,23.5091,682.1454],[-105.7566,23.5155,710.6691],[-105.7569,23.5249,771.741],[-105.7597,23.5269,740.9608],[-105.7589,23.532,829.9089],[-105.7604,23.5351,842.6874],[-105.7691,23.5419,809.4227],[-105.768,23.5457,807.9574],[-105.7693,23.5485,811.9916],[-105.7676,23.5515,834.2928],[-105.7693,23.5565,860.0373],[-105.7727,23.5579,892.461],[-105.7729,23.561,903.4673],[-105.7783,23.5641,923.7958],[-105.7797,23.5668,938.7538],[-105.7859,23.5695,1025.1631],[-105.7843,23.5732,1050.3086],[-105.7854,23.575,1113.1232],[-105.7898,23.5785,1112.8677],[-105.7934,23.578,1119.6257],[-105.7967,23.5834,1327.0422],[-105.8007,23.5847,1258.954],[-105.8021,23.5877,1490.6603],[-105.8066,23.5889,1439.0449],[-105.8116,23.611,1759.9386],[-105.8455,23.6033,1992.8571],[-105.8452,23.5837,2451.2703],[-105.8536,23.5973,2072.5232],[-105.8843,23.5904,1823.7382],[-105.8927,23.5526,1909.1793],[-105.9089,23.5883,1577.02],[-105.9266,23.6841,1184.5143],[-105.9166,23.7154,839.2485],[-105.9159,23.7264,619.2445],[-105.9061,23.7371,1183.3547],[-105.9061,23.7394,1276.0605],[-105.9231,23.7478,886.6848],[-105.9229,23.7522,728.7404],[-105.9197,23.7578,430.1683],[-105.9233,23.7613,384.0786],[-105.9267,23.7615,345.0385],[-105.9295,23.7655,499.0947],[-105.9248,23.7715,577.5159],[-105.9295,23.781,389.6769],[-105.9288,23.7866,358.4126],[-105.9322,23.7947,423.5563],[-105.9393,23.7914,780.6666],[-105.9613,23.840699999999998,1561.8535],[-105.9537,23.9086,1482.1866],[-105.8833,23.8785,1604.6323],[-105.8672,23.8752,694.2917],[-105.8648,23.8752,548.075],[-105.8629,23.8779,571.2582],[-105.8655,23.8807,607.9702],[-105.8632,23.8811,636.7604],[-105.8626,23.8853,662.5256],[-105.8611,23.8848,696.3605],[-105.8611,23.8874,746.2066],[-105.8633,23.8894,770.7526],[-105.8585,23.8931,898.7704],[-105.8576,23.8993,960.6492],[-105.8588,23.9021,1055.5093],[-105.8641,23.9053,1182.7566],[-105.8653,23.9082,1193.9166],[-105.8639,23.9128,1297.3372],[-105.866,23.9161,1456.9114],[-105.879,23.9261,1880.871],[-105.8816,23.9328,1548.7397],[-105.8999,23.9439,1523.5651],[-105.9454,23.948,2257.9512],[-105.9085,23.9834,1213.3444],[-105.9087,23.9866,1276.0596],[-105.9129,23.992,1296.9661],[-105.9121,23.9975,1117.3522],[-105.9171,24.0001,808.0469],[-105.923,23.998,771.6613],[-105.9289,23.9993,760.6888],[-105.9376,24.005,733.5365],[-105.9423,24.0143,683.9715],[-105.946,24.0122,642.1218],[-105.9469,24.0152,641.7543],[-105.9487,24.0118,683.5446],[-105.9503,24.0148,643.0484],[-105.9598,24.0174,626.9504],[-105.961,24.0219,614.9434],[-105.9598,24.0238,646.4478],[-105.9654,24.0271,605.9446],[-105.9666,24.0318,593.2365],[-105.973,24.0327,609.8934],[-105.9795,24.042,555.6666],[-105.9819,24.0416,550.2734],[-105.9843,24.0387,552.4364],[-105.989,24.042,541.5605],[-105.9919,24.0414,538.6876],[-105.9941,24.0446,491.6669],[-105.9979,24.0425,477.4586],[-105.9987,24.0434,477.4586],[-105.9995,24.0497,528.2138],[-105.9967,24.0542,590.4088],[-105.9999,24.0551,470.6877],[-106.0002,24.0581,432.7954],[-106.0025,24.0595,422.8953],[-106.0012,24.0631,433.3488],[-106.0029,24.0661,445.0226],[-106.0066,24.0672,443.4576],[-106.0079,24.0725,537.2947],[-106.0036,24.0762,477.5545],[-106.0007,24.0761,473.8331],[-106.0027,24.0832,499.943],[-106.0006,24.0864,508.5755],[-106.0021,24.0881,530.5905],[-105.9994,24.0901,537.5194],[-105.9963,24.0894,539.4751],[-105.994,24.0936,549.1149],[-105.9956,24.0983,575.683],[-105.9935,24.0992,590.8847],[-105.9932,24.1012,571.0801],[-105.9894,24.1024,559.1459],[-105.9911,24.1056,630.8969],[-105.9891,24.108,626.1906],[-105.9897,24.1144,599.3092],[-105.9966,24.1145,611.829],[-106.004,24.1205,652.3599],[-106.0037,24.1253,701.1499],[-106.0012,24.1283,660.0375],[-106.0042,24.13,675.4636],[-106.004,24.1377,735.7978],[-106.002,24.1387,689.3525],[-106.004,24.14,751.3617],[-106.0032,24.1468,685.3504],[-106.0065,24.1487,716.3511],[-106.0062,24.1509,720.9019],[-106.011,24.1568,783.8859],[-106.0121,24.1612,834.1959],[-106.0182,24.1645,888.4197],[-106.0211,24.1732,841.0366],[-106.0286,24.1803,1023.5452],[-106.0268,24.1865,984.9274],[-106.034,24.1919,1008.2008],[-106.0364,24.204,1175.1489],[-106.0442,24.2117,1263.8971],[-106.0439,24.2209,1496.0833],[-106.0699,24.2202,2670.8306],[-106.0721,24.2563,1929.0657],[-106.0758,24.2714,1737.28],[-106.0813,24.2734,1665.7142],[-106.0869,24.2777,1647.2048],[-106.0898,24.2854,1649.9211],[-106.1525,24.3388,2926.7891],[-106.17,24.3337,1889.0459],[-106.1944,24.3518,2697.9033],[-106.2689,24.3748,1975.7458],[-106.3278,24.3611,1970.4438],[-106.3363,24.3557,2000.0432],[-106.3441,24.3488,1574.8568],[-106.3461,24.3449,1493.1932],[-106.3526,24.3165,1546.3796],[-106.3592,24.3075,1359.639],[-106.3675,24.3019,966.7905],[-106.4295,24.2851,1814.0994],[-106.4697,24.2779,1482.594],[-106.5091,24.2911,1074.3434],[-106.5171,24.287,864.9167],[-106.528,24.2951,593.8318],[-106.5332,24.3027,573.1744],[-106.5341,24.3095,563.9938],[-106.586,24.379,732.8967],[-106.5835,24.3903,819.4512],[-106.5953,24.4095,433.2886],[-106.6016,24.4146,794.7905],[-106.5693,24.437,444.8264],[-106.5676,24.4422,452.6818],[-106.5693,24.4462,466.1511],[-106.5683,24.4531,478.4874],[-106.5628,24.4588,501.7545],[-106.5595,24.4696,619.6927],[-106.56,24.4727,611.9291],[-106.5648,24.4734,583.3358],[-106.5671,24.4759,595.3987],[-106.5732,24.4776,616.337],[-106.5762,24.4819,594.5704],[-106.5787,24.4822,580.3643],[-106.5801,24.4872,548.4243],[-106.5838,24.4908,541.4058],[-106.5871,24.4926,568.0937],[-106.5916,24.4914,592.9832],[-106.5937,24.4951,586.1034],[-106.5974,24.4909,687.2957],[-106.5991,24.491,689.0707],[-106.5985,24.4871,710.6696],[-106.6001,24.4866,661.0116],[-106.6004,24.4832,628.3833],[-106.61,24.4979,925.9301],[-106.6248,24.5002,716.8334],[-106.6301,24.5065,553.0655],[-106.6226,24.5249,490.7431],[-106.6322,24.53,586.4711],[-106.6455,24.529,500.1909],[-106.6836,24.5985,483.3417],[-106.6891,24.6238,569.7403],[-106.7059,24.6653,464.3988],[-106.7151,24.6721,415.3884],[-106.7843,24.7415,451.0623],[-106.793,24.7439,783.4393],[-106.7961,24.7534,626.2012],[-106.8659,24.823,1242.4242],[-106.9029,24.8284,888.3062],[-106.9193,24.814,607.0751],[-106.9307,24.8209,402.5725],[-106.9381,24.8353,596.6776],[-106.9465,24.8398,473.8249],[-106.9431,24.8431,679.0699],[-106.944,24.8515,624.9305],[-106.9464,24.8585,612.2237],[-106.9508,24.8579,437.5811],[-106.9514,24.859,394.1098],[-106.9271,24.8666,682.237],[-106.9329,24.8715,424.1473],[-106.9306,24.8735,476.4013],[-106.9345,24.8805,381.3658],[-106.9463,24.889,305.4435],[-106.951,24.888,327.515],[-106.9732,24.9096,219.6759],[-107.0006,24.9282,589.9041],[-107.0211,24.9099,201.6725],[-107.0251,24.9284,261.893],[-107.0183,24.9336,316.2176],[-107.0604,25.0024,513.7082],[-107.062,25.0124,459.8076],[-107.0665,25.0204,499.356],[-107.0664,25.0229,503.7469],[-107.0636,25.0253,585.37],[-107.0674,25.0302,654.4399],[-107.1299,25.0531,375.7956],[-107.1249,25.1866,1804.4789],[-107.129,25.1884,1832.1593],[-107.1488,25.2245,884.8582],[-107.132,25.2267,952.4611],[-107.1304,25.2295,957.7209],[-107.1317,25.2322,784.5795],[-107.1211,25.2431,591.0535],[-107.1454,25.2578,844.8208],[-107.1572,25.2618,744.16],[-107.2078,25.3316,451.9437],[-107.1716,25.3264,556.8279],[-107.2101,25.4171,610.558],[-107.1849,25.4368,1141.1063],[-107.1647,25.4396,418.7198],[-107.1587,25.442,416.8386],[-107.161,25.4448,428.9131],[-107.1558,25.4469,489.5674],[-107.1566,25.4564,443.9091],[-107.1505,25.458,435.6098],[-107.1531,25.4611,460.8871],[-107.1519,25.4635,474.0726],[-107.153,25.4661,456.4645],[-107.1512,25.4672,448.6765],[-107.1526,25.4697,470.689],[-107.1506,25.4739,481.4324],[-107.1511,25.4767,467.3651],[-107.1472,25.4793,530.9039],[-107.1462,25.4835,493.0665],[-107.1406,25.4862,501.2151],[-107.1393,25.4896,525.4669],[-107.1398,25.4966,745.5609],[-107.1477,25.505,1137.1185],[-107.1663,25.503,618.2176],[-107.1721,25.5074,545.1556],[-107.1781,25.5152,498.8576],[-107.1751,25.5202,519.3649],[-107.176,25.5227,516.9535],[-107.172,25.5238,513.2308],[-107.1743,25.5291,526.5267],[-107.1695,25.5325,565.0342],[-107.1734,25.5337,564.4388],[-107.1737,25.5389,626.8082],[-107.1769,25.5408,615.6412],[-107.1762,25.5444,559.8664],[-107.1718,25.5428,556.5465],[-107.1716,25.5461,576.8374],[-107.1752,25.5492,621.3408],[-107.1726,25.5517,556.5175],[-107.1739,25.5566,548.3479],[-107.1692,25.5577,571.2288],[-107.1701,25.5595,576.4835],[-107.1387,25.5601,803.1345],[-107.1394,25.5532,685.192],[-107.1383,25.5522,685.192],[-107.1326,25.5527,720.2701],[-107.1312,25.5502,734.7698],[-107.1246,25.5504,746.775],[-107.1195,25.5542,769.6503],[-107.1211,25.5564,789.9718],[-107.1131,25.5611,827.4696],[-107.11,25.5606,828.1224],[-107.0342,25.5963,2344.6201],[-106.9733,25.6296,2606.1577],[-106.9944,25.6618,2770.208],[-106.9669,25.6683,2504.0574],[-106.9659,25.6771,2384.9685],[-106.9692,25.683,2331.8384],[-106.9653,25.6979,2277.0176],[-106.9903,25.7149,1810.978],[-106.9914,25.7105,1863.5869],[-107.0006,25.707,2141.178],[-107.0048,25.7031,2330.0632],[-107.0055,25.6987,2492.4958],[-107.0106,25.6984,2588.1091],[-107.0107,25.6915,2510.0295],[-107.02,25.6922,2444.7654],[-107.0253,25.6962,2432.4226],[-107.0316,25.6979,2341.7144],[-107.0431,25.6977,2131.5896],[-107.0469,25.7006,2092.2219],[-107.0481,25.7108,2248.6575],[-107.0604,25.7153,2108.0815],[-107.0642,25.7191,2207.6157],[-107.062,25.7229,2259.3413],[-107.0654,25.7252,2296.5369],[-107.0647,25.7328,2265.7175],[-107.0605,25.74,2173.9614],[-107.0625,25.7427,2145.1658],[-107.061,25.743,2110.4934],[-107.0614,25.7444,2098.9883],[-107.0636,25.7443,2052.1511],[-107.0647,25.7482,2056.468],[-107.0617,25.7539,1965.6836],[-107.0579,25.7574,1913.0718],[-107.1946,25.8523,1629.427],[-107.2044,25.8567,1433.9395],[-107.2089,25.8563,1360.2754],[-107.2069,25.8639,1348.8588],[-107.2131,25.8619,1377.8822],[-107.229,25.8697,1127.0116],[-107.2394,25.8804,684.603],[-107.2415,25.881,611.8607],[-107.2451,25.8772,638.3853],[-107.2448,25.8781,638.3853],[-107.2465,25.8778,644.6826],[-107.2457,25.8835,777.1334],[-107.2432,25.8852,835.555],[-107.2445,25.8874,829.1545],[-107.2425,25.8924,728.5689],[-107.2961,25.9248,973.4173],[-107.287,25.954,1708.8693],[-107.28,25.9581,1615.1426],[-107.2822,25.9622,1630.1523],[-107.2801,25.9702,1644.1893],[-107.2826,25.9754,1562.2297],[-107.2805,25.9807,1464.5996],[-107.2824,25.9857,1480.1813],[-107.2806,25.9884,1484.3831],[-107.2824,25.9899,1499.394],[-107.2818,25.9923,1512.161],[-107.2783,25.9942,1569.3486],[-107.2763,26.002,1685.147],[-107.3067,26.0488,1959.9692],[-107.3049,26.0764,1766.7511],[-107.327,26.0909,1544.2972],[-107.3465,26.1095,1912.4497],[-107.4161,26.1412,2247.8694],[-107.4323,26.1382,1806.8068],[-107.431,26.1429,2041.6477],[-107.451,26.1376,1597.198],[-107.46,26.1383,1684.9501],[-107.4696,26.1289,1420.2075],[-107.4779,26.1235,1175.8401],[-107.4778,26.121,1169.4254],[-107.4855,26.1197,1115.5455],[-107.4853,26.1154,1096.9658],[-107.4906,26.1137,1074.6017],[-107.4922,26.1115,1052.0537],[-107.4968,26.1113,1036.495],[-107.5039,26.1159,1104.2772],[-107.5061,26.1158,1105.2148],[-107.5102,26.1111,1224.9738],[-107.5133,26.1109,1167.6086],[-107.5169,26.1084,1247.0771],[-107.52,26.1042,1235.379],[-107.5239,26.1072,1058.6326],[-107.5221,26.1086,1097.278],[-107.5221,26.1118,1046.8403],[-107.5242,26.1132,1025.5566],[-107.5281,26.1214,699.2355],[-107.5263,26.1277,792.5835],[-107.5346,26.1309,927.5266],[-107.5374,26.1377,1035.9225],[-107.5437,26.1373,1210.2485],[-107.54,26.1408,1168.2078],[-107.5433,26.1463,1409.9968],[-107.5479,26.1474,1589.3928],[-107.554,26.1518,1298.0953],[-107.5557,26.1596,958.25],[-107.5654,26.1646,794.0056],[-107.5703,26.1633,741.5131],[-107.5775,26.1647,712.8779],[-107.582,26.1706,658.5207],[-107.5898,26.1698,636.6169],[-107.5932,26.166,624.076],[-107.6208,26.1626,543.6978],[-107.6357,26.1546,489.3213],[-107.6461,26.1583,471.4337],[-107.6528,26.1636,444.1204],[-107.6597,26.1626,428.268],[-107.669,26.1645,390.9841],[-107.6794,26.1644,392.2966],[-107.6808,26.1629,370.1281],[-107.6873,26.1654,384.9745],[-107.6963,26.1655,344.4365],[-107.6992,26.1707,343.519],[-107.7061,26.1701,333.1606],[-107.7083,26.1737,330.1519],[-107.7111,26.1744,344.0795],[-107.7133,26.1731,325.5768],[-107.7146,26.1673,325.2657],[-107.7174,26.1647,333.6248],[-107.7249,26.1632,326.508],[-107.7352,26.1681,321.2556],[-107.7387,26.1672,406.6167],[-107.7401,26.1623,322.1771],[-107.7379,26.1569,323.4816],[-107.7452,26.1556,316.0148],[-107.7476,26.1538,353.3307],[-107.7479,26.1435,313.0699],[-107.7552,26.1345,345.6122],[-107.7807,26.1369,772.5441],[-107.7889,26.1686,554.4304],[-107.793,26.1684,551.4781],[-107.7963,26.1727,608.782],[-107.8045,26.1748,710.5649],[-107.8103,26.1837,800.6397],[-107.8182,26.1835,927.588],[-107.8228,26.1876,1194.687],[-107.824,26.1841,1119.6642],[-107.8381,26.1824,1117.7952],[-107.8409,26.1836,1134.7933],[-107.854,26.1965,1217.6862],[-107.8563,26.226,1604.1769],[-107.9741,26.3886,1107.9703],[-107.973,26.3925,1110.5381],[-108.0006,26.4222,1423.5615],[-108.0128,26.439,1348.5067],[-107.9696,26.4702,1068.2819],[-107.9856,26.4721,1293.4344],[-107.9705,26.4891,1081.1304],[-107.9573,26.4937,898.8795],[-107.9581,26.4969,860.8316],[-107.9555,26.506,754.2809],[-107.962,26.5178,730.7314],[-107.961,26.527,675.7039],[-107.964,26.5274,678.0167],[-107.9704,26.5329,697.0453],[-107.9775,26.5361,652.9624],[-107.9797,26.5432,646.269],[-107.9817,26.5429,664.8021],[-107.9836,26.546,646.0798],[-107.9876,26.5459,639.915],[-107.9897,26.548,641.54],[-107.992,26.5623,599.5649],[-107.9976,26.5647,589.1849],[-107.9971,26.5671,602.6078],[-108.001,26.5726,580.6081],[-108.0125,26.5796,645.1806],[-108.0108,26.5884,552.6976],[-108.0122,26.5914,548.178],[-108.0203,26.597,538.9792],[-108.0271,26.5985,530.755],[-108.0325,26.6032,526.5091],[-108.0354,26.6097,501.7254],[-108.0318,26.6159,514.9103],[-108.0375,26.6197,459.6987],[-108.0452,26.6197,480.2183],[-108.0445,26.625,442.1457],[-108.0516,26.6298,440.9254],[-108.0539,26.6272,452.2978],[-108.0587,26.6266,435.9154],[-108.0613,26.6272,441.8545],[-108.063,26.6304,421.5274],[-108.0688,26.6314,419.3813],[-108.0717,26.6269,439.6658],[-108.0746,26.628,416.0062],[-108.0761,26.6302,410.9456],[-108.0739,26.6337,416.9518],[-108.0744,26.6364,413.8345],[-108.0816,26.642,409.3987],[-108.0779,26.6462,415.1763],[-108.0767,26.6453,440.6918],[-108.0728,26.6472,428.378],[-108.0713,26.6461,434.0929],[-108.0664,26.6483,441.6564],[-108.0646,26.6474,444.6064],[-108.0602,26.6516,456.2075],[-108.0563,26.6519,486.9315],[-108.055,26.6548,502.5162],[-108.056,26.6565,497.3333],[-108.053,26.6564,503.5504],[-108.053,26.6583,498.6717],[-108.05029999999999,26.6596,513.2289],[-108.0465,26.6598,530.7991],[-108.0431,26.6632,533.7783],[-108.0427,26.6668,544.1498],[-108.0317,26.668,626.5311],[-108.0303,26.6743,631.0674],[-108.0285,26.6735,608.5879],[-108.0255,26.6784,650.5913],[-108.0146,26.6857,717.5023],[-108.0149,26.6876,733.8582],[-108.0117,26.6895,762.5336],[-108.0117,26.6936,749.9327],[-108.0079,26.6993,846.1123],[-108.009,26.7016,835.0445],[-108.0068,26.7055,904.8384],[-108.0068,26.7155,1058.1191],[-108.0093,26.724,1327.9518],[-108.0192,26.7307,1194.7473],[-108.0152,26.7371,1544.0364],[-108.0137,26.7503,1858.2336],[-108.0057,26.761,1969.2141],[-108.0143,26.7732,1999.703],[-108.0376,26.7698,2101.8374],[-108.0268,26.7985,2219.2305],[-108.0941,26.8705,944.5421],[-108.1442,26.8676,600.736],[-108.1396,26.8955,253.8904],[-108.142,26.8978,260.3236],[-108.1415,26.9059,262.2583],[-108.1431,26.9079,253.1863],[-108.1475,26.9085,253.0243],[-108.1559,26.8952,297.3804],[-108.1686,26.8951,249.0],[-108.1717,26.8923,249.0],[-108.1714,26.8839,249.0],[-108.1745,26.8815,320.6368],[-108.1776,26.8822,249.0],[-108.1811,26.8965,249.0],[-108.1839,26.8997,249.0],[-108.1901,26.8959,249.0],[-108.1977,26.9027,258.9549],[-108.2074,26.906,249.0],[-108.2028,26.8906,249.0],[-108.2035,26.8877,249.0],[-108.2062,26.8855,249.0],[-108.2097,26.8854,249.0],[-108.2144,26.888,249.0],[-108.2207,26.8978,249.0],[-108.2302,26.9057,249.0],[-108.2273,26.9144,300.2608],[-108.2278,26.918,353.2722],[-108.225,26.9229,278.7014],[-108.2263,26.9295,294.4314],[-108.231,26.9328,297.8755],[-108.2288,26.9386,292.72],[-108.2314,26.9407,309.6395],[-108.2293,26.9427,320.5152],[-108.231,26.9435,322.0769],[-108.2305,26.948,346.3198],[-108.2355,26.9535,356.5837],[-108.235,26.9586,436.9113],[-108.2263,26.9636,472.1615],[-108.2184,26.9648,503.989],[-108.219,26.9719,524.3069],[-108.2153,26.9704,619.8679],[-108.2158,26.9777,570.9111],[-108.2109,26.978,598.7648],[-108.2109,26.9804,579.7845],[-108.2091,26.9805,593.6328],[-108.2074,26.9831,640.1034],[-108.208,26.9811,593.6328],[-108.2047,26.9803,632.6063],[-108.2013,26.983,616.9512],[-108.1969,26.9811,651.2246],[-108.1971,26.9838,666.1455],[-108.1879,26.9864,665.7111],[-108.1885,26.9889,701.1267],[-108.1863,26.9931,692.246],[-108.1815,26.9941,756.1958],[-108.1836,26.9953,766.3499],[-108.1803,27.0002,753.6368],[-108.1839,27.0067,796.7472],[-108.1836,27.0091,796.2197],[-108.1873,27.0103,851.2322],[-108.1868,27.0122,864.7155],[-108.1895,27.0145,913.3947],[-108.1902,27.0197,1053.1251],[-108.1941,27.0232,1092.9327],[-108.1949,27.0262,1110.5952],[-108.1918,27.0259,1103.8379],[-108.1945,27.0289,1141.5773],[-108.1943,27.032,1141.3756],[-108.1988,27.0352,1172.78],[-108.2028,27.0307,1279.5925],[-108.2054,27.0326,1345.1791],[-108.2095,27.0323,1375.3054],[-108.2116,27.0344,1385.8414],[-108.2147,27.0302,1342.2643],[-108.2259,27.0272,1363.7028],[-108.2321,27.0316,1142.6409],[-108.2412,27.0418,664.7125],[-108.2429,27.042,608.2374],[-108.2462,27.0388,586.4789],[-108.2504,27.041,610.6584],[-108.2586,27.0353,620.9882],[-108.2582,27.0337,696.2342],[-108.2609,27.0331,595.358],[-108.2605,27.0293,606.2313],[-108.263,27.0289,542.8333],[-108.2629,27.0268,678.7615],[-108.2699,27.0251,562.3483],[-108.2731,27.0225,530.1547],[-108.2747,27.0182,581.6667],[-108.2816,27.0132,408.5545],[-108.286,27.0125,444.6915],[-108.2909,27.0148,638.9874],[-108.2889,27.0266,975.8102],[-108.2946,27.0259,984.6011],[-108.3034,27.0366,1074.6923],[-108.3074,27.0349,1043.9207],[-108.3166,27.0345,1118.1094],[-108.3227,27.0277,1159.4819],[-108.326,27.0205,1220.3838],[-108.3222,27.0145,1217.8362],[-108.322,27.0089,1212.9583],[-108.3249,27.0062,1101.1433],[-108.3276,27.0077,1086.813],[-108.3333,27.0046,938.0023],[-108.3385,27.009,908.5552],[-108.341,27.0137,875.0665],[-108.3476,27.0184,467.4488],[-108.3501,27.0226,868.5536],[-108.3716,27.023,863.7327],[-108.4096,27.0134,249.0],[-108.4099,27.0161,269.8593],[-108.4137,27.0202,249.0],[-108.4195,27.0205,249.0],[-108.4252,27.024,293.5441],[-108.4431,27.0295,276.3001],[-108.4548,27.027,289.6862],[-108.4578,27.0289,249.0],[-108.459,27.0346,254.4155],[-108.4643,27.0401,249.0],[-108.4695,27.0359,264.3115],[-108.4699,27.0313,292.6089],[-108.4713,27.0305,249.0],[-108.4755,27.0399,258.0872],[-108.4858,27.0375,293.1998],[-108.4878,27.0357,276.2489],[-108.487,27.0325,317.7801],[-108.4917,27.0314,297.1016],[-108.4854,27.0278,291.0692],[-108.4835,27.0212,286.5079],[-108.4842,27.0174,293.5838],[-108.487,27.0153,320.1913],[-108.4888,27.0163,306.7429],[-108.4973,27.0134,310.938],[-108.4978,27.0104,324.0288],[-108.5016,27.0084,328.5789],[-108.5009,27.0044,331.9594],[-108.5022,27.0041,345.804],[-108.5044,27.0072,340.6934],[-108.5063,27.0031,360.4731],[-108.5045,27.0023,351.3614],[-108.5018,26.9967,361.9642],[-108.5042,26.9924,385.7997],[-108.5025,26.9874,378.4401],[-108.4243,26.9762,1113.7195],[-108.467,26.9707,1124.6006],[-108.518,26.8804,396.7802],[-108.5194,26.879,442.5161],[-108.52,26.8802,442.5161],[-108.5221,26.8797,399.3611],[-108.5351,26.841,182.1749],[-108.5392,26.8367,158.2086],[-108.5421,26.8358,147.0859],[-108.547,26.8286,126.0],[-108.5541,26.8267,126.0],[-108.557,26.8238,126.0],[-108.5579,26.8173,125.5],[-108.5554,26.8116,129.2673],[-108.5477,26.8058,125.0],[-108.5379,26.8041,125.0],[-108.5364,26.8017,127.2813],[-108.5369,26.7984,125.7137],[-108.5419,26.7929,128.2798],[-108.5498,26.7876,124.0],[-108.5515,26.7815,133.3425],[-108.554,26.7799,159.0459],[-108.5648,26.7785,213.1997],[-108.5752,26.7932,306.9378],[-108.5808,26.7896,321.7194],[-108.576,26.7778,219.6412],[-108.5779,26.7765,171.7029],[-108.5787,26.7727,174.8528],[-108.5783,26.7628,210.7096],[-108.5816,26.7591,216.5957],[-108.5942,26.7592,332.1224],[-108.5989,26.7503,543.5344],[-108.5972,26.7432,494.0706],[-108.601,26.7272,488.1476],[-108.6163,26.7265,347.1329],[-108.6177,26.722,281.0471],[-108.6284,26.7184,272.5101],[-108.6315,26.707,228.8647],[-108.6312,26.7014,233.4845],[-108.636,26.6905,215.7525],[-108.6318,26.6872,224.0719],[-108.6299,26.6805,207.8535],[-108.6337,26.6796,313.2881],[-108.6304,26.6766,220.7926],[-108.6577,26.6691,272.1736],[-108.6673,26.6526,423.6143],[-108.679,26.6429,376.0936],[-108.6788,26.587,177.7449],[-108.7106,26.5871,170.3813],[-108.7107,26.5936,185.1131],[-108.7343,26.5936,135.2444],[-108.7766,26.5801,138.0984],[-108.7771,26.5709,131.2939],[-108.7842,26.5688,138.0437],[-108.7877,26.5653,138.895],[-108.7955,26.5656,149.5733],[-108.7972,26.5678,143.5065],[-108.8064,26.5706,154.1793],[-108.8732,26.5511,248.3647],[-108.8913,26.4896,250.3176],[-108.9147,26.4795,465.2821],[-108.8567,26.4805,177.3863],[-108.8507,26.4864,176.5801],[-108.8475,26.4872,175.8241],[-108.8378,26.4769,167.873],[-108.8378,26.4725,157.1459],[-108.8491,26.4672,174.6276],[-108.8761,26.4476,381.1124],[-108.8603,26.4328,426.1208],[-108.8814,26.4063,251.6597],[-108.9101,26.4217,142.3897],[-108.9092,26.4166,132.4878],[-108.9365,26.3902,81.624],[-109.0041,26.4001,49.1252],[-109.0064,26.4024,46.2354],[-109.0742,26.3535,15.5147],[-109.0812,26.3377,10.7558],[-109.0854,26.3365,10.4717],[-109.0875,26.3308,9.4052],[-109.0873,26.3256,6.9515],[-109.0934,26.3205,4.6634],[-109.0967,26.3121,4.5511],[-109.1001,26.3129,3.7817],[-109.1197,26.3031,0.7076],[-109.1198,26.2991,1.2446],[-109.1256,26.2958,0.8398],[-109.1255,26.291,0.571],[-109.1264,26.2984,0.3299],[-109.1326,26.2978,0.591],[-109.1345,26.2992,0.2895],[-109.1341,26.3014,0.0],[-109.136,26.2993,0.0],[-109.1368,26.2968,0.1547],[-109.1287,26.2915,0.7562],[-109.125,26.285,0.0],[-109.1174,26.2845,1.1344],[-109.1087,26.2766,0.0],[-109.1049,26.2826,0.6401],[-109.0933,26.2876,1.2378],[-109.0945,26.2846,0.0],[-109.0916,26.2851,1.0299],[-109.0905,26.2821,0.4167],[-109.0899,26.27,0.9149],[-109.08912661359113,26.270060420813191,0.9149],[-109.093,26.2643,0.9352],[-109.0974,26.2646,1.2542],[-109.1005,26.2661,0.5885],[-109.1006,26.2686,0.9225],[-109.0946,26.2693,0.2508],[-109.0945,26.271,0.0716],[-109.0993,26.2746,0.2851],[-109.1016,26.274,0.2064],[-109.1067,26.2605,0.0],[-109.1211,26.2447,0.0],[-109.1212,26.2432,0.0],[-109.1179,26.2414,0.0],[-109.1168,26.2372,0.8164],[-109.1139,26.2359,0.8857],[-109.108,26.2278,1.3654],[-109.1095,26.2215,0.986],[-109.1083,26.2156,0.3981],[-109.1083,26.2181,1.2618],[-109.1061,26.2184,2.1115],[-109.1036,26.2148,1.4848],[-109.1014,26.2139,1.9542],[-109.1016,26.2156,2.9339],[-109.1001,26.2155,3.5137],[-109.1014,26.2128,1.7457],[-109.1045,26.2099,2.2778],[-109.1061,26.2047,0.6155],[-109.1044,26.2002,2.6204],[-109.1067,26.1985,0.3661],[-109.1086,26.1904,1.535],[-109.1153,26.1784,1.3415],[-109.1163,26.1785,1.3415],[-109.1119,26.1859,3.0928],[-109.1098,26.1954,0.6501],[-109.1068,26.2002,1.2696],[-109.107,26.2078,2.4428],[-109.1109,26.2083,1.9656],[-109.1186,26.2047,2.8643],[-109.1076,26.2102,0.4912],[-109.1172,26.2145,0.6658],[-109.122,26.2138,0.8254],[-109.1227,26.2121,1.2664],[-109.1248,26.2126,2.9536],[-109.1228,26.2147,0.8254],[-109.125,26.2183,1.251],[-109.1222,26.2155,0.0],[-109.1208,26.2159,0.0],[-109.1222,26.2197,2.1388],[-109.1214,26.2231,1.1076],[-109.1268,26.2231,1.1307],[-109.1305,26.2197,0.3245],[-109.1283,26.2209,2.1215],[-109.1302,26.2176,1.636],[-109.1342,26.2235,1.748],[-109.136,26.2226,0.943],[-109.1375,26.2239,0.3291],[-109.136,26.2235,0.943],[-109.1361,26.2277,0.9858],[-109.1331,26.2332,0.0],[-109.1382,26.2369,0.38],[-109.1448,26.2347,0.92],[-109.1498,26.2362,0.2372],[-109.1542,26.2342,0.0935],[-109.1583,26.2352,1.179],[-109.1577,26.2375,0.0],[-109.1608,26.236,0.8659],[-109.1626,26.2413,0.6646],[-109.1567,26.2514,1.1898],[-109.1556,26.2588,0.0],[-109.1587,26.2535,0.2654],[-109.1668,26.2489,0.4918],[-109.1693,26.2507,0.5002],[-109.1698,26.2541,0.0],[-109.1729,26.2529,0.5322],[-109.1737,26.2505,1.0838],[-109.1752,26.2516,0.0],[-109.1776,26.2483,0.9413],[-109.1793,26.2495,0.4963],[-109.1794,26.2542,1.1909],[-109.1739,26.2636,0.0],[-109.1633,26.269,0.8833],[-109.1611,26.2685,0.0],[-109.1601,26.2657,0.3803],[-109.1532,26.2681,0.2347],[-109.1489,26.2727,0.8588],[-109.1485,26.2758,0.4228],[-109.1558,26.2795,0.0],[-109.1606,26.2787,0.6706],[-109.1634,26.2825,0.0],[-109.1647,26.2785,0.6042],[-109.1685,26.2762,2.8071],[-109.1555,26.2987,0.0],[-109.157,26.3052,0.6236],[-109.1591,26.3068,0.9004],[-109.1643,26.3066,2.4122],[-109.1669,26.3108,0.0],[-109.1725,26.3123,0.0],[-109.1751,26.3154,6.027],[-109.1747,26.3192,0.7478],[-109.1774,26.3197,1.7821],[-109.1821,26.3272,0.0],[-109.1862,26.3294,2.6774],[-109.1929,26.3409,0.0],[-109.1991,26.3421,0.0],[-109.2029,26.3448,0.2293],[-109.204,26.3417,1.3375],[-109.2093,26.3427,0.486],[-109.2102,26.3412,1.3564],[-109.1999,26.338,1.7941],[-109.2025,26.3357,1.928],[-109.2021,26.3339,1.4684],[-109.2063,26.3258,0.5834],[-109.2056,26.3245,1.0465],[-109.2096,26.3234,1.8315],[-109.2101,26.3193,1.7383],[-109.2116,26.3216,1.2681],[-109.2103,26.3229,1.8315],[-109.2119,26.3288,2.7713],[-109.2099,26.3301,1.9661],[-109.2112,26.3318,1.5926],[-109.2065,26.3346,0.8625],[-109.2115,26.3363,2.109],[-109.2131,26.3384,1.4004],[-109.2161,26.3339,0.0],[-109.2209,26.2945,0.0],[-109.2202,26.2911,0.0],[-109.2222,26.2832,0.0],[-109.2205,26.2751,0.0],[-109.2209,26.2638,0.0],[-109.2248,26.2562,1.3686],[-109.2341,26.2543,4.1443],[-109.2381,26.2407,0.2034],[-109.2345,26.2367,0.3316],[-109.2342,26.2341,6.8706],[-109.2389,26.2266,0.5596],[-109.2478,26.2383,6.2057],[-109.2476,26.2404,0.4719],[-109.2519,26.2392,0.6707],[-109.249,26.2201,0.0],[-109.2471,26.2189,0.1539],[-109.2476,26.224,1.336],[-109.2455,26.2239,2.3961],[-109.2463,26.223,0.0],[-109.2443,26.2235,0.5827],[-109.242,26.2208,2.8331],[-109.2421,26.2186,4.9242],[-109.2432,26.215699999999998,1.81],[-109.2478,26.2126,0.0],[-109.2538,26.1987,2.2553],[-109.2571,26.2033,4.9781],[-109.2567,26.2068,0.1578],[-109.2538,26.2104,3.0745],[-109.2489,26.213,3.091],[-109.2484,26.2154,0.4793],[-109.2459,26.2159,0.1367],[-109.2468,26.2166,0.3053],[-109.2599,26.2138,0.0],[-109.2629,26.2156,0.0],[-109.2632,26.2197,4.6648],[-109.2649,26.2208,0.0],[-109.2727,26.2126,0.0],[-109.2706,26.207,1.96],[-109.2621,26.1989,2.097],[-109.2604,26.1924,0.1959],[-109.2563,26.1909,0.6131],[-109.2564,26.194,1.4887],[-109.2544,26.1925,0.6835],[-109.2576,26.1834,1.1896],[-109.2578,26.1886,0.8482],[-109.2561,26.1901,1.128],[-109.2585,26.1914,0.7795],[-109.26,26.1899,1.1239],[-109.2639,26.1833,0.0],[-109.2684,26.1698,0.4429],[-109.2725,26.1643,0.0],[-109.2741,26.1559,0.0],[-109.279,26.1521,0.0],[-109.2892,26.1381,0.6852],[-109.2927,26.1442,0.7259],[-109.2874,26.1502,0.0],[-109.2977,26.146,0.545],[-109.2972,26.1467,0.545],[-109.2935,26.148,0.7053],[-109.29,26.1504,0.7343],[-109.2881,26.1509,1.0346],[-109.2974,26.1673,0.0],[-109.3013,26.1657,0.0],[-109.3013,26.161,0.439],[-109.3042,26.1584,0.9515],[-109.3022,26.154,0.3067],[-109.3047,26.1544,0.704],[-109.3056,26.158,0.0],[-109.3038,26.16,0.2647],[-109.3036,26.1697,0.8506],[-109.2984,26.1823,11.2755],[-109.2945,26.2026,1.6366],[-109.2896,26.2142,1.1096],[-109.2904,26.2227,4.3353],[-109.289,26.23,11.01],[-109.2839,26.2383,5.3092],[-109.2803,26.2565,8.4024],[-109.2803,26.267,5.8903],[-109.2778,26.2741,2.243],[-109.2737,26.2775,0.6468],[-109.2735,26.2802,0.3303],[-109.2743,26.2781,0.6468],[-109.276,26.2789,7.8143],[-109.2745,26.2805,6.5555],[-109.2713,26.2798,3.9485],[-109.2692,26.2718,1.8559],[-109.2645,26.2693,0.2323],[-109.2574,26.2779,1.7284],[-109.2582,26.2726,3.2934],[-109.2599,26.2728,1.9998],[-109.2619,26.2691,2.3802],[-109.2598,26.2679,0.0],[-109.2577,26.2695,1.2696],[-109.2528,26.2794,1.4466],[-109.2524,26.2825,1.9661],[-109.2535,26.283,2.1119],[-109.2514,26.2837,1.9661],[-109.2476,26.2913,1.3387],[-109.2474,26.2953,1.5944],[-109.2484,26.2951,1.5944],[-109.2462,26.2968,1.3614],[-109.2475,26.298,1.4309],[-109.2423,26.3064,2.2551],[-109.246,26.2942,1.1513],[-109.2453,26.2921,0.0],[-109.2486,26.2876,1.0902],[-109.2458,26.2854,0.2424],[-109.2459,26.2833,1.2783],[-109.2487,26.2813,0.0],[-109.2491,26.2776,0.236],[-109.2465,26.2758,1.2861],[-109.2424,26.2868,0.0],[-109.2434,26.2931,1.306],[-109.242,26.3008,1.536],[-109.2387,26.2995,1.8588],[-109.2399,26.2988,1.8588],[-109.2388,26.2975,0.5142],[-109.2353,26.2986,0.0],[-109.2356,26.301,0.0],[-109.2382,26.3015,1.0015],[-109.241,26.3048,2.5549],[-109.2383,26.313,0.4968],[-109.2447,26.316,0.4415],[-109.2486,26.3161,0.387],[-109.2874,26.2783,2.8448],[-109.2899,26.2738,0.0],[-109.2957,26.2363,4.2358],[-109.3025,26.2178,0.0],[-109.3266,26.1738,0.5102],[-109.3755,26.1007,0.0],[-109.37,26.1065,0.421],[-109.3637,26.1096,0.0],[-109.3633,26.1144,1.7933],[-109.3571,26.1193,2.9439],[-109.3556,26.1195,1.1715],[-109.3563,26.1182,0.9587],[-109.3549,26.1178,0.705],[-109.3462,26.1205,-0.5],[-109.3402,26.117,0.2159],[-109.3286,26.1278,0.9889],[-109.3267,26.1318,1.6473],[-109.3281,26.1316,1.2696],[-109.3201,26.1403,2.8912],[-109.3275,26.1267,1.9742],[-109.3365,26.1173,1.0648],[-109.3383,26.1176,0.6078],[-109.3402,26.1156,0.2159],[-109.3358,26.1117,0.3702],[-109.3353,26.1089,1.0399],[-109.3379,26.1063,0.7289],[-109.3417,26.1079,0.462],[-109.3437,26.1071,0.742],[-109.3452,26.1043,1.4918],[-109.3449,26.1019,0.3415],[-109.3414,26.0985,0.8389],[-109.33,26.0933,0.4382],[-109.3283,26.0911,1.0335],[-109.3291,26.0823,0.7854],[-109.3334,26.0798,1.1824],[-109.3373,26.0819,1.2933],[-109.3371,26.0776,1.0284],[-109.3388,26.0783,0.9242],[-109.3414,26.0757,0.5],[-109.3406,26.0781,1.502],[-109.3384,26.0793,1.8514],[-109.3386,26.0882,1.6657],[-109.3377,26.0837,1.9625],[-109.3322,26.081,1.5915],[-109.3302,26.0825,0.7854],[-109.33,26.0895,0.7417],[-109.3308,26.0921,0.4382],[-109.3395,26.0958,0.3462],[-109.3455,26.1006,0.7726],[-109.3466,26.1049,0.3915],[-109.3447,26.1078,0.742],[-109.3371,26.1088,1.0399],[-109.3366,26.11,1.0399],[-109.3464,26.1192,0.6059],[-109.3491,26.1169,1.008],[-109.3604,26.1158,0.0],[-109.3588,26.1121,0.8422],[-109.3625,26.1084,0.0],[-109.3556,26.1094,0.8313],[-109.3552,26.1084,0.9698],[-109.3567,26.1081,0.4064],[-109.3557,26.1065,0.3332],[-109.3637,26.1072,0.0],[-109.3657,26.1061,0.5487],[-109.3652,26.1046,0.2312],[-109.3636,26.105,1.0519],[-109.3641,26.1039,0.2312],[-109.3703,26.0956,1.1214],[-109.369,26.1011,0.7768],[-109.3659,26.105,0.2312],[-109.3745,26.0979,0.5927],[-109.378,26.0971,0.2391],[-109.377,26.0926,0.7748],[-109.3774,26.0913,0.7039],[-109.3788,26.0926,0.6343],[-109.3796,26.0853,2.6103],[-109.3825,26.0835,1.0892],[-109.383,26.0845,1.083],[-109.3807,26.087,1.1661],[-109.3814,26.0949,0.4522],[-109.3865,26.088,0.3483],[-109.3882,26.0879,1.1774],[-109.4105,26.0525,0.4696],[-109.4102,26.0501,0.2458],[-109.4046,26.0609,0.9115],[-109.4059,26.0575,0.0],[-109.4041,26.056,1.0629],[-109.4033,26.0587,2.5123],[-109.4025,26.0544,1.1937],[-109.3988,26.0497,1.6716],[-109.3951,26.052,0.9704],[-109.3977,26.0477,0.6948],[-109.3977,26.042,0.9313],[-109.4037,26.0354,0.6574],[-109.4007,26.0342,0.8806],[-109.4033,26.0331,0.5],[-109.4054,26.0355,0.0],[-109.4109,26.0366,0.6009],[-109.4123,26.0396,1.0187],[-109.4106,26.0466,0.0],[-109.4118,26.0479,0.0],[-109.4175,26.0379,0.0],[-109.4354,25.996,0.1447],[-109.4268,26.0048,0.0],[-109.4265,26.0138,3.1483],[-109.4233,26.0109,1.1634],[-109.4207,26.0106,0.9422],[-109.415,26.0138,1.4804],[-109.4168,26.0101,1.3256],[-109.4255,26.0084,1.8667],[-109.4252,26.0056,2.0601],[-109.4268,26.0042,0.0],[-109.4219,26.0032,0.0],[-109.4158,26.0081,1.3062],[-109.4167,26.0061,0.2037],[-109.4113,26.0074,-0.5],[-109.411,26.0047,-0.2473],[-109.4122,26.0061,0.5117],[-109.4208,26.0024,0.0],[-109.4176,26.0006,1.2344],[-109.4151,26.0008,0.8016],[-109.4152,26.0025,0.9605],[-109.4129,26.0007,1.1523],[-109.408,26.0022,1.2688],[-109.4087,26.0056,1.0228],[-109.4044,26.0038,0.0],[-109.3983,26.0046,0.3906],[-109.4113,26.0003,0.0],[-109.4071,25.9972,1.6234],[-109.4038,25.9984,0.6336],[-109.4049,25.9943,0.3976],[-109.4152,25.9987,0.5826],[-109.4201,25.9977,0.9436],[-109.4265,26.0022,0.0],[-109.4295,25.9969,1.4206],[-109.4291,26.0,0.1194],[-109.4307,25.9993,0.2442],[-109.4322,25.9931,0.3827],[-109.4361,25.9933,0.0],[-109.4459,25.9572,0.4281],[-109.4455,25.9535,0.0],[-109.4417,25.9635,0.0],[-109.4373,25.9635,0.6533],[-109.4348,25.9575,0.1918],[-109.4372,25.9522,2.3758],[-109.4281,25.9455,2.8393],[-109.4232,25.9485,0.4738],[-109.42,25.9566,0.4822],[-109.4144,25.9603,0.0],[-109.3933,25.9564,1.2232],[-109.3877,25.9525,2.1041],[-109.3824,25.9557,1.734],[-109.3787,25.9558,1.3545],[-109.3882,25.9512,0.8271],[-109.3948,25.9556,0.349],[-109.4156,25.9587,1.6445],[-109.4202,25.9541,0.5581],[-109.4212,25.9485,0.1801],[-109.4235,25.946,3.3436],[-109.4256,25.9444,2.674],[-109.4305,25.9447,0.0],[-109.4299,25.9414,0.2746],[-109.4339,25.9391,0.5479],[-109.4326,25.9367,0.6533],[-109.4308,25.9376,2.1411],[-109.4315,25.9395,1.4622],[-109.4282,25.9385,0.3282],[-109.4234,25.9343,2.7722],[-109.4223,25.9312,0.2452],[-109.4194,25.9301,0.0],[-109.4109,25.9336,0.7525],[-109.4059,25.9317,0.3429],[-109.403,25.9339,2.0965],[-109.4025,25.9327,1.1421],[-109.4014,25.9345,1.6713],[-109.401,25.9326,1.1421],[-109.3987,25.9328,1.344],[-109.4011,25.9317,0.719],[-109.3984,25.9295,1.157],[-109.4032,25.9316,0.4554],[-109.4069,25.9297,2.3703],[-109.4105,25.9322,0.7525],[-109.4115,25.9312,0.0],[-109.41,25.9309,2.601],[-109.4169,25.9278,0.9294],[-109.41,25.9299,2.2509],[-109.4101,25.9278,2.0469],[-109.4157,25.926,0.7088],[-109.4186,25.9268,0.9548],[-109.4221,25.9246,0.0],[-109.4194,25.9104,0.8019],[-109.422,25.9037,0.0],[-109.4187,25.8986,0.2306],[-109.4181,25.8931,0.0],[-109.4134,25.8921,0.5339],[-109.41,25.8999,0.2141],[-109.4055,25.8988,1.4533],[-109.4093,25.8981,0.3444],[-109.4097,25.8965,0.781],[-109.4082,25.8957,1.4379],[-109.4094,25.8933,0.5257],[-109.4038,25.8956,0.7589],[-109.3994,25.8944,1.5958],[-109.4039,25.8946,0.582],[-109.4065,25.893,0.4033],[-109.4032,25.8909,1.0109],[-109.4048,25.8883,1.4092],[-109.4019,25.8857,0.9465],[-109.4018,25.883,1.2879],[-109.4048,25.8866,1.1266],[-109.4064,25.8864,0.8709],[-109.4072,25.8897,1.1701],[-109.4099,25.8892,0.9737],[-109.4069,25.8868,0.8709],[-109.4084,25.8851,2.0546],[-109.4078,25.8862,0.9663],[-109.4103,25.8883,1.2259],[-109.4183,25.8883,0.8229],[-109.4188,25.8919,0.0],[-109.4218,25.8957,0.6867],[-109.4189,25.8798,5.7336],[-109.4195,25.8685,0.0],[-109.4285,25.8189,0.0],[-109.4241,25.8224,1.8982],[-109.4138,25.8378,3.3192],[-109.4124,25.8549,1.0037],[-109.4134,25.8566,4.3163],[-109.4114,25.8587,0.7498],[-109.4042,25.8573,0.6494],[-109.3958,25.8597,0.3687],[-109.3731,25.8584,0.0],[-109.3544,25.8531,0.6189],[-109.3542,25.8496,1.6212],[-109.3588,25.8445,0.737],[-109.361,25.839,1.1636],[-109.35,25.847,1.6979],[-109.349,25.8453,3.1707],[-109.3578,25.8388,1.5622],[-109.3612,25.8379,1.6368],[-109.3624,25.8404,1.3506],[-109.3563,25.8526,0.871],[-109.3601,25.8524,0.88],[-109.3743,25.8571,0.0],[-109.3989,25.8576,0.4695],[-109.4034,25.8552,0.2348],[-109.4033,25.8524,0.0],[-109.3994,25.8484,0.4455],[-109.3997,25.8455,0.268],[-109.4057,25.8361,0.2748],[-109.4085,25.8334,1.551],[-109.4166,25.83,2.2386],[-109.4201,25.8234,0.0],[-109.4125,25.8201,0.4909],[-109.4037,25.8097,0.0],[-109.4036,25.8123,2.135],[-109.3982,25.8149,0.5862],[-109.3939,25.8127,2.4972],[-109.3898,25.8048,0.5489],[-109.3863,25.803,2.3544],[-109.3878,25.8031,0.8595],[-109.3889,25.7979,0.0],[-109.3839,25.7878,1.1419],[-109.3866,25.7855,0.0],[-109.3862,25.7828,1.0089],[-109.3882,25.7808,0.7012],[-109.3917,25.7802,1.6608],[-109.3954,25.7832,0.6471],[-109.4038,25.7819,2.3977],[-109.4088,25.7857,0.0],[-109.4128,25.8049,0.881],[-109.4123,25.8084,2.3613],[-109.416,25.8185,5.9377],[-109.4219,25.8177,0.2885],[-109.428,25.8093,0.8451],[-109.4238,25.8035,1.1868],[-109.4256,25.8029,1.1868],[-109.4251,25.8012,1.0548],[-109.4295,25.8036,0.8746],[-109.4307,25.8024,0.0],[-109.4233,25.7826,1.0219],[-109.4144,25.769,7.0157],[-109.4067,25.7473,9.1732],[-109.3982,25.6823,1.2695],[-109.3944,25.678,0.4433],[-109.3916,25.678,0.0],[-109.3914,25.682,0.7185],[-109.3959,25.6889,1.4012],[-109.398,25.6961,0.3584],[-109.4005,25.7124,0.0],[-109.4002,25.7194,0.4656],[-109.3981,25.7211,0.0],[-109.4024,25.7484,1.0065],[-109.399,25.7465,0.0],[-109.4015,25.7599,0.0],[-109.399,25.7652,0.0],[-109.3937,25.7674,0.8081],[-109.3896,25.767,0.0],[-109.3843,25.7734,0.1415],[-109.3709,25.7779,0.5535],[-109.3626,25.7656,0.4448],[-109.3564,25.7642,0.7242],[-109.3534,25.7604,0.0],[-109.3477,25.7585,0.5128],[-109.3451,25.754,1.9028],[-109.3368,25.7549,0.0],[-109.3362,25.7578,0.9764],[-109.3348,25.7578,2.2597],[-109.3331,25.753,0.0],[-109.336,25.7428,0.4454],[-109.3337,25.743,0.7841],[-109.3309,25.7459,0.0],[-109.3283,25.7527,0.3752],[-109.3249,25.7547,0.8061],[-109.3248,25.7577,0.0],[-109.3231,25.759,0.9228],[-109.3155,25.7549,0.0],[-109.3149,25.7494,0.5174],[-109.3128,25.751,0.9308],[-109.3119,25.7547,0.0],[-109.3077,25.7557,1.4201],[-109.3039,25.7535,1.1338],[-109.3049,25.7508,0.6061],[-109.3074,25.7511,1.8672],[-109.3103,25.7544,0.3813],[-109.3119,25.7499,1.6652],[-109.3144,25.7484,1.309],[-109.3167,25.7499,1.233],[-109.3169,25.7545,0.3209],[-109.3208,25.7532,1.9237],[-109.3227,25.7562,0.0],[-109.3263,25.7518,0.2264],[-109.3178,25.7412,0.2246],[-109.3138,25.7398,1.5745],[-109.314,25.7337,0.4919],[-109.3123,25.7323,1.2514],[-109.3051,25.729,0.1904],[-109.2978,25.7304,0.0],[-109.2962,25.7323,0.5238],[-109.2939,25.7325,1.2024],[-109.2922,25.7298,0.0],[-109.2893,25.7309,0.7105],[-109.2889,25.7288,0.0],[-109.2866,25.7283,0.3279],[-109.2819,25.7138,0.0],[-109.2822,25.7092,0.0],[-109.288,25.7073,0.0],[-109.29,25.7046,0.0],[-109.2904,25.6926,0.0],[-109.287,25.6803,27.2398],[-109.2878,25.6724,0.0],[-109.2851,25.6657,7.6637],[-109.2874,25.6567,9.1071],[-109.2949,25.6583,0.3778],[-109.2954,25.6557,1.6976],[-109.2937,25.6539,1.2555],[-109.2788,25.6513,3.3793],[-109.2728,25.6477,2.1822],[-109.2703,25.6498,6.5505],[-109.2576,25.6482,2.8358],[-109.244,25.6429,1.1216],[-109.2346,25.6457,2.5162],[-109.2334,25.6482,0.0],[-109.2361,25.6497,0.0],[-109.2421,25.6591,0.0],[-109.2515,25.6659,0.0],[-109.2547,25.6713,0.7669],[-109.2539,25.6743,2.5729],[-109.2491,25.6756,2.8145],[-109.2504,25.6811,0.0],[-109.2492,25.6894,0.0],[-109.2532,25.6877,3.5076],[-109.2614,25.6931,2.3744],[-109.2642,25.6968,1.9205],[-109.2599,25.7025,2.1529],[-109.2551,25.6956,0.0],[-109.2541,25.6962,1.344],[-109.2553,25.7009,2.0271],[-109.2528,25.7075,3.3196],[-109.2557,25.7096,1.7022],[-109.255,25.7105,1.083],[-109.2517,25.7086,2.5305],[-109.2533,25.6993,0.0],[-109.2479,25.6971,4.5407],[-109.2426,25.6983,0.3251],[-109.2387,25.7158,2.058],[-109.2369,25.709,0.8049],[-109.2401,25.7003,1.8104],[-109.2379,25.6977,3.8808],[-109.2378,25.6932,1.5147],[-109.2359,25.6937,1.532],[-109.235,25.6857,6.0439],[-109.2308,25.6832,1.0435],[-109.2287,25.6836,1.0322],[-109.2245,25.6768,0.0],[-109.2209,25.6883,0.0],[-109.2202,25.6849,0.0],[-109.2186,25.685,5.3997],[-109.2216,25.6831,4.0891],[-109.2223,25.6791,0.0],[-109.2149,25.676,2.5293],[-109.2103,25.6795,4.8564],[-109.2089,25.6779,4.0551],[-109.213,25.6744,2.2815],[-109.208,25.6698,1.5876999999999999],[-109.2057,25.6731,2.4413],[-109.1925,25.6804,3.2111],[-109.194,25.677,3.2238],[-109.198,25.6764,2.0754],[-109.2038,25.6716,0.0],[-109.2017,25.6705,3.25],[-109.2067,25.6659,1.5751],[-109.2068,25.6606,2.0479],[-109.2032,25.6577,0.6936],[-109.2011,25.6575,0.6468],[-109.2015,25.66,2.8159],[-109.1998,25.6609,0.8142],[-109.1991,25.6561,2.5261],[-109.1917,25.6554,0.0],[-109.1905,25.6575,0.0],[-109.1929,25.661,2.0002],[-109.1913,25.6634,1.0223],[-109.1901,25.6631,3.7518],[-109.1913,25.661,2.0002],[-109.1895,25.6589,3.4085],[-109.1888,25.6603,1.7159],[-109.1866,25.6593,1.6925],[-109.1852,25.6608,4.1762],[-109.1778,25.6594,2.7543],[-109.1704,25.6651,0.0],[-109.1624,25.665,2.6051],[-109.1707,25.6635,3.5707],[-109.1724,25.6599,5.6793],[-109.1783,25.6568,4.0074],[-109.1859,25.6573,0.0],[-109.1922,25.6489,2.7275],[-109.1897,25.6438,0.958],[-109.1893,25.6468,1.0151],[-109.191,25.648,0.692],[-109.1879,25.6499,3.1492],[-109.1865,25.6482,2.334],[-109.1797,25.6494,3.8477],[-109.1761,25.6474,3.7049],[-109.1728,25.6513,3.6852],[-109.1702,25.6511,0.6245],[-109.1695,25.653199999999998,2.2925],[-109.1675,25.6523,2.0187],[-109.1726,25.6454,2.3462],[-109.1721,25.6424,3.3659],[-109.1743,25.6451,2.3462],[-109.1804,25.6464,1.5523],[-109.1839,25.6463,0.0],[-109.1843,25.6432,0.6282],[-109.1824,25.6409,3.207],[-109.1795,25.6415,1.8847],[-109.1787,25.6392,2.3423],[-109.1763,25.6388,3.6395],[-109.177,25.6375,0.0],[-109.1721,25.6319,1.2206],[-109.1649,25.6287,1.0352],[-109.1652,25.6196,1.8804],[-109.1611,25.6153,0.5797],[-109.1576,25.615,0.5322],[-109.156,25.6193,2.7997],[-109.1521,25.6154,2.4354],[-109.1556,25.6149,3.1822],[-109.1517,25.6132,3.3077],[-109.152,25.6104,0.9753],[-109.1471,25.611,2.1896],[-109.1469,25.6098,2.5607],[-109.151,25.6097,0.7745],[-109.153,25.6076,3.2248],[-109.1559,25.613,0.0],[-109.1579,25.6132,1.4613],[-109.1588,25.6109,0.0],[-109.1578,25.6052,0.7297],[-109.1552,25.6025,3.2132],[-109.1552,25.5998,1.5586],[-109.1538,25.5997,3.5421],[-109.1538,25.5925,3.7006],[-109.1526,25.5919,3.4611],[-109.1536,25.5914,3.4611],[-109.1515,25.5882,1.4326],[-109.1495,25.5868,0.0],[-109.1469,25.5901,2.1264],[-109.1415,25.59,1.8304],[-109.1455,25.5926,0.0],[-109.1439,25.5947,1.9568],[-109.1449,25.5958,2.7869],[-109.1435,25.5959,2.679],[-109.1409,25.5938,3.5312],[-109.1427,25.5922,0.5588],[-109.1402,25.5901,1.8304],[-109.1424,25.5878,3.3679],[-109.1461,25.5897,2.1264],[-109.1464,25.5869,0.0],[-109.1208,25.5811,2.2208],[-109.1039,25.5702,0.0],[-109.1064,25.5745,0.2503],[-109.1213,25.5857,2.9766],[-109.123,25.5902,1.5849],[-109.1204,25.5887,2.8665],[-109.1203,25.5864,1.6634],[-109.119,25.5867,1.2438],[-109.1186,25.5838,0.1196],[-109.1176,25.5884,1.2272],[-109.1195,25.5916,1.1634],[-109.1276,25.5945,2.7566],[-109.1273,25.6001,2.4698],[-109.1204,25.6015,0.0],[-109.1181,25.6039,0.4642],[-109.1222,25.6055,2.452],[-109.1231,25.6096,0.9924],[-109.1204,25.61,2.3737],[-109.1204,25.6065,0.9968],[-109.1101,25.6063,1.4524],[-109.1077,25.6045,0.9388],[-109.1066,25.6063,3.5249],[-109.1032,25.6063,11.9709],[-109.1009,25.6028,10.7492],[-109.0931,25.5987,0.0],[-109.0907,25.6007,0.5609],[-109.0934,25.6044,1.3588],[-109.0893,25.6046,4.8327],[-109.0899,25.6034,2.3716],[-109.0919,25.6039,0.1908],[-109.087,25.6009,0.7083],[-109.0891,25.5994,0.3091],[-109.0846,25.5941,2.3261],[-109.0863,25.5921,0.0],[-109.086,25.5877,1.7626],[-109.0828,25.5866,0.4474],[-109.0808,25.5894,2.5151],[-109.0776,25.5894,3.3127],[-109.076,25.5891,3.3127],[-109.0765,25.5869,0.0],[-109.0741,25.5866,0.353],[-109.0683,25.5923,0.0],[-109.0759,25.5969,2.2225],[-109.0732,25.601,0.0],[-109.0755,25.6045,0.0],[-109.0792,25.6068,1.6673],[-109.0867,25.6064,14.427],[-109.0906,25.6128,14.4583],[-109.095,25.616,0.2686],[-109.0895,25.6151,0.2651],[-109.0869,25.6111,0.3807],[-109.0849,25.6117,0.0],[-109.0878,25.6171,0.0793],[-109.0893,25.6162,0.3012],[-109.0912,25.6176,0.2751],[-109.0905,25.6191,0.565],[-109.0858,25.6194,0.3745],[-109.087,25.6213,0.5917],[-109.0848,25.6255,0.3222],[-109.0861,25.6254,0.1226],[-109.086,25.6278,0.6275],[-109.0839,25.6283,1.0258],[-109.0845,25.6261,0.3222],[-109.083,25.627,0.3021],[-109.0808,25.6259,0.3475],[-109.0803,25.6275,0.7813],[-109.0737,25.6225,0.32],[-109.071,25.6239,0.5508],[-109.0708,25.6218,0.2967],[-109.0741,25.6207,0.6277],[-109.0809,25.6217,1.4212],[-109.0829,25.6242,0.0],[-109.0843,25.6238,0.1226],[-109.0831,25.6226,7.2752],[-109.084,25.6161,9.0222],[-109.0791,25.6116,0.1666],[-109.0778,25.6081,32.7345],[-109.0704,25.6025,0.5191],[-109.0699,25.6,0.4635],[-109.0725,25.5973,0.4455],[-109.0669,25.6005,0.4012],[-109.0655,25.6034,0.0],[-109.0667,25.6043,2.4613],[-109.0632,25.6057,2.6033],[-109.0625,25.6032,0.3294],[-109.0602,25.6032,0.3707],[-109.0584,25.6064,2.6131],[-109.0574,25.5995,1.3961],[-109.0602,25.5992,0.5596],[-109.0606,25.5972,3.0573],[-109.059,25.5957,3.1031],[-109.062,25.5946,0.0],[-109.0626,25.5867,3.0575],[-109.0646,25.585,2.0822],[-109.0605,25.5809,0.5795],[-109.0564,25.5852,1.3657],[-109.0564,25.5874,0.0],[-109.0597,25.5901,1.4622],[-109.0595,25.594,1.6745],[-109.0578,25.5959,3.1031],[-109.0513,25.5977,15.719],[-109.0442,25.6022,32.8673],[-109.0415,25.599,21.8105],[-109.0439,25.598,0.0],[-109.0396,25.5985,1.4535],[-109.0382,25.6036,0.0],[-109.0438,25.6072,1.2125],[-109.0415,25.6085,0.0],[-109.0412,25.6118,0.3763],[-109.0368,25.6139,0.6783],[-109.0312,25.6199,0.1604],[-109.0281,25.6289,2.7373],[-109.0256,25.6286,0.0],[-109.0283,25.6304,2.7373],[-109.0272,25.6376,4.11],[-109.0252,25.6402,0.0],[-109.0247,25.6443,0.9711],[-109.0157,25.6579,0.3119],[-109.0094,25.6599,0.6378],[-108.9974,25.6583,0.0],[-108.9911,25.6627,2.3867],[-108.9823,25.6728,1.2104],[-108.9733,25.6765,1.096],[-108.9467,25.6739,2.6337],[-108.9375,25.6757,5.1212],[-108.936,25.6778,4.2949],[-108.9327,25.6694,5.6946],[-108.9343,25.6703,2.025],[-108.9354,25.6689,2.025],[-108.9307,25.6689,9.0245],[-108.9336,25.6677,2.0867],[-108.9316,25.6665,4.8861],[-108.9338,25.6635,0.0],[-108.9283,25.6536,0.7591],[-108.9264,25.6362,0.4645],[-108.9261,25.6481,0.9571],[-108.9296,25.6574,1.872],[-108.9282,25.6585,1.872],[-108.9312,25.6644,1.1663],[-108.9284,25.6644,7.1882],[-108.9239,25.6539,2.0831],[-108.9193,25.6351,0.9381],[-108.9192,25.6325,1.0396],[-108.9213,25.6312,3.8622],[-108.9209,25.6251,2.6254],[-108.9248,25.6181,1.4265],[-108.9265,25.6183,1.0839],[-108.928,25.6162,1.4445],[-108.9307,25.6161,1.5644],[-108.9327,25.6178,10.3308],[-108.9358,25.6161,58.5602],[-108.9359,25.6109,1.2276],[-108.9418,25.6066,8.1396],[-108.9443,25.6085,0.6327],[-108.9458,25.6075,0.6327],[-108.9464,25.6091,0.0],[-108.949,25.6084,2.0296],[-108.9487,25.6098,2.483],[-108.9525,25.6126,0.0],[-108.9597,25.6092,0.5282],[-108.9629,25.6101,2.1432],[-108.9638,25.6129,0.0],[-108.9683,25.6123,1.789],[-108.9711,25.5973,0.9338],[-108.9782,25.5872,0.813],[-108.9797,25.5824,2.9241],[-108.9774,25.5757,2.5207],[-108.9707,25.5725,4.8453],[-108.9697,25.5698,5.7241],[-108.9775,25.5554,0.0],[-108.9752,25.5504,0.7495],[-108.984,25.5402,1.1322],[-108.9871,25.5405,0.6278],[-108.99,25.5375,3.0034],[-108.9908,25.5389,12.2251],[-108.9895,25.5415,21.9286],[-108.9987,25.5519,0.8634],[-108.9986,25.5581,1.1741],[-108.9916,25.5545,2.8895],[-108.9894,25.5558,72.9545],[-108.9888,25.5625,0.0],[-108.9962,25.5648,5.4603],[-108.9953,25.5676,4.0071],[-108.99,25.568,10.6666],[-108.9876,25.5709,8.9532],[-108.9904,25.5749,7.1846],[-108.996,25.5727,5.3221],[-109.0015,25.5755,0.0],[-108.9987,25.5698,20.9609],[-109.0022,25.5684,1.9567],[-109.0027,25.563,3.3407],[-109.0057,25.5642,0.0],[-109.0093,25.5603,10.3618],[-109.0152,25.5606,0.0],[-109.0177,25.5712,10.0687],[-109.0223,25.5714,23.5985],[-109.0244,25.5685,8.7026],[-109.0267,25.5687,20.025],[-109.0316,25.5758,0.0],[-109.0353,25.5864,3.568],[-109.0369,25.5848,0.0],[-109.0376,25.5789,11.3383],[-109.0397,25.5777,2.0637],[-109.0425,25.5902,0.0],[-109.0468,25.5927,5.0632],[-109.0501,25.5914,25.6057],[-109.0536,25.5801,0.0],[-109.0453,25.5783,1.2655],[-109.0485,25.5752,26.9793],[-109.0525,25.5755,0.0],[-109.0503,25.5692,32.9543],[-109.0467,25.5652,4.8245],[-109.0504,25.5647,2.2369],[-109.0547,25.5682,3.3443],[-109.0629,25.571,1.2762],[-109.0621,25.5684,0.0],[-109.0515,25.5623,12.8435],[-109.0478,25.5562,22.4361],[-109.0413,25.5559,24.1508],[-109.0323,25.558,47.6736],[-109.0259,25.5553,1.0645],[-109.026,25.5518,1.9475],[-109.0328,25.5519,2.3369],[-109.034,25.5511,2.3369],[-109.0333,25.5487,1.2069],[-109.0383,25.5496,4.5659],[-109.0409,25.5475,16.7834],[-109.0415,25.5487,16.7834],[-109.0474,25.5491,0.0],[-109.0472,25.5434,3.6346],[-109.0491,25.5451,8.9169],[-109.0506,25.5441,8.9169],[-109.0483,25.5414,3.5312],[-109.0495,25.5349,2.2875],[-109.0528,25.5365,8.3437],[-109.0553,25.5448,18.5761],[-109.0534,25.5483,18.5718],[-109.0542,25.5495,3.0253],[-109.0573,25.5491,8.2743],[-109.0571,25.5528,0.0],[-109.0705,25.5575,0.0],[-109.0677,25.5549,2.6752],[-109.0628,25.5538,1.7077],[-109.0611,25.5514,29.0246],[-109.0588,25.5406,44.9708],[-109.0566,25.5384,28.9342],[-109.0569,25.5326,38.4001],[-109.0546,25.5301,5.0305],[-109.0572,25.5299,15.8421],[-109.0622,25.524,0.0],[-109.0606,25.5165,1.106],[-109.065,25.5194,0.0],[-109.0643,25.5243,20.5247],[-109.0609,25.5301,0.0],[-109.0606,25.5363,0.0],[-109.0645,25.5438,0.0],[-109.0661,25.5406,0.459],[-109.0678,25.5406,5.7222],[-109.0692,25.5462,0.0],[-109.0732,25.55,3.3414],[-109.0743,25.5492,1.8654],[-109.072,25.5462,0.0],[-109.0733,25.5453,5.2727],[-109.0839,25.5533,7.8234],[-109.082,25.5495,3.0943],[-109.0836,25.5449,29.8267],[-109.0825,25.5426,5.7545],[-109.0788,25.5432,6.7461],[-109.075,25.541,41.0337],[-109.0753,25.538,40.6681],[-109.0698,25.5339,2.169],[-109.0702,25.5306,1.7709],[-109.0755,25.5339,0.0],[-109.0762,25.5275,0.5733],[-109.0807,25.5312,4.6354],[-109.0814,25.5336,4.1086],[-109.0768,25.5405,10.8552],[-109.0827,25.5375,4.022],[-109.0883,25.5408,3.3402],[-109.0888,25.5422,1.8443],[-109.0865,25.5418,0.7101],[-109.0892,25.5457,0.0],[-109.0945,25.5407,0.6557],[-109.0949,25.5378,5.7963],[-109.0896,25.5306,77.3947],[-109.0903,25.5266,0.0],[-109.0877,25.5221,1.1617],[-109.0933,25.5276,1.5212],[-109.0927,25.5296,0.7531],[-109.0964,25.528199999999998,4.3209],[-109.104,25.5346,0.0],[-109.1019,25.5359,0.0],[-109.1044,25.5375,0.0],[-109.102,25.5406,0.0],[-109.1047,25.5419,2.6724],[-109.104,25.5432,0.0],[-109.1023,25.5443,2.2221],[-109.097,25.5433,0.8558],[-109.092,25.546,0.0],[-109.1033,25.5451,2.159],[-109.1184,25.5467,0.2419],[-109.1182,25.5435,0.0827],[-109.0884,25.5146,0.4153],[-109.0808,25.502,0.0],[-109.0799,25.4929,19.0153],[-109.077,25.4925,1.8757],[-109.0647,25.4846,0.8805],[-109.0517,25.4702,0.0],[-109.0437,25.4638,0.8817],[-109.0355,25.4608,0.1696],[-109.032,25.4611,0.0],[-109.034,25.4631,0.0],[-109.0368,25.4631,1.9116],[-109.0423,25.4692,0.0],[-109.0447,25.4758,0.0],[-109.0483,25.4775,0.5942],[-109.0462,25.4802,0.9498],[-109.0388,25.4771,2.9118],[-109.0379,25.474,1.9786],[-109.0321,25.4678,0.0],[-109.0227,25.4633,1.0469],[-109.0182,25.4626,1.0448],[-109.0058,25.4682,0.7721],[-109.001,25.4686,5.1469],[-109.0009,25.4728,2.4109],[-109.0028,25.4736,8.2373],[-109.0062,25.4736,0.7211],[-109.0099,25.4708,0.0],[-109.0132,25.4733,0.492],[-109.019,25.4818,2.795],[-109.0273,25.4871,11.8938],[-109.0266,25.4912,44.3521],[-109.0289,25.4949,1.2308],[-109.0242,25.501,0.5996],[-109.0183,25.5044,1.5852],[-109.0143,25.5045,2.8952],[-109.0109,25.5001,0.0],[-109.008,25.5019,12.3624],[-109.0062,25.5005,4.0123],[-108.9996,25.5011,2.1623],[-108.9983,25.4989,6.6193],[-108.9946,25.5057,6.4013],[-108.9898,25.5093,2.5779],[-108.986,25.509,2.0304],[-108.983,25.505,3.6411],[-108.9808,25.5054,0.0],[-108.9775,25.5102,0.4582],[-108.9696,25.5064,1.2774],[-108.9575,25.4966,5.3098],[-108.9543,25.499,9.6335],[-108.9482,25.5004,3.4719],[-108.9432,25.4987,1.1827],[-108.9429,25.4915,2.0826],[-108.9507,25.4831,0.2789],[-108.9496,25.4818,1.1207],[-108.9626,25.4793,0.0],[-108.961,25.475,0.8594],[-108.9551,25.4719,0.0],[-108.9507,25.4721,2.7744],[-108.9488,25.4746,1.9513],[-108.9449,25.4731,0.0],[-108.9433,25.4797,1.2976],[-108.943,25.4784,0.0],[-108.9399,25.4789,19.2394],[-108.9355,25.4763,35.1102],[-108.9359,25.4727,6.0453],[-108.9323,25.4724,10.969],[-108.9315,25.4705,8.0846],[-108.9347,25.4687,23.597],[-108.9361,25.4658,11.831],[-108.9333,25.4556,30.0332],[-108.9389,25.454,0.0],[-108.9383,25.4526,1.9247],[-108.9316,25.4538,13.6111],[-108.9294,25.4566,6.2221],[-108.9262,25.4568,4.4742],[-108.9223,25.4604,1.1254],[-108.9157,25.4627,37.2088],[-108.913,25.4668,6.9454],[-108.9156,25.4721,3.3054],[-108.9138,25.4762,25.3579],[-108.9029,25.4845,39.5402],[-108.8983,25.4825,0.0],[-108.8953,25.4888,20.7249],[-108.8979,25.4935,2.5979],[-108.8862,25.5049,5.0844],[-108.8877,25.5083,0.8541],[-108.8936,25.5066,1.9508],[-108.9046,25.5113,0.9506],[-108.9078,25.5145,1.084],[-108.9058,25.5165,1.4261],[-108.9024,25.5146,6.255],[-108.8982,25.5159,2.9516],[-108.8983,25.5182,1.4086],[-108.903,25.5224,6.226],[-108.902,25.5241,2.1874],[-108.8969,25.5238,34.6657],[-108.897,25.5281,28.2475],[-108.8994,25.5299,10.417],[-108.8996,25.5323,1.6296],[-108.8963,25.5382,2.9859],[-108.9028,25.5388,0.0],[-108.9052,25.5366,1.112],[-108.9067,25.538,0.3992],[-108.9052,25.5397,1.1712],[-108.9069,25.5418,0.5355],[-108.9038,25.5429,1.2274],[-108.9026,25.546,0.0],[-108.9079,25.5514,0.7956],[-108.9076,25.5586,0.8635],[-108.9046,25.5632,0.8075],[-108.9022,25.5627,0.2572],[-108.8989,25.5663,1.0345],[-108.8906,25.5646,0.0],[-108.8877,25.5689,1.0591],[-108.8791,25.565,0.733],[-108.8751,25.5612,1.8794],[-108.8698,25.5616,0.5551],[-108.8664,25.5707,0.4654],[-108.8678,25.5757,0.3441],[-108.8663,25.5771,1.5995],[-108.8642,25.5754,0.0],[-108.8628,25.5793,1.8553],[-108.8615,25.5785,1.0759],[-108.8629,25.5736,0.5402],[-108.8615,25.5685,1.7489],[-108.8571,25.5636,2.0249],[-108.8526,25.5618,0.0],[-108.8499,25.5644,11.4591],[-108.8376,25.5664,1.8383],[-108.8385,25.5642,0.7397],[-108.8361,25.5601,0.6304],[-108.837,25.556,0.834],[-108.8358,25.5477,0.0],[-108.8337,25.5444,0.0],[-108.8257,25.5415,0.5988],[-108.8233,25.5365,0.8693],[-108.8229,25.5307,0.5465],[-108.8187,25.5272,0.2877],[-108.8163,25.528,0.6818],[-108.8171,25.5346,1.3567],[-108.8112,25.5358,0.7576],[-108.8069,25.5404,1.4503],[-108.8039,25.5394,0.0],[-108.8043,25.5423,3.2448],[-108.8004,25.5423,2.1876],[-108.7998,25.5444,2.1437],[-108.796,25.5445,1.457],[-108.7945,25.5406,1.2462],[-108.7846,25.5372,0.0],[-108.7803,25.5315,0.0],[-108.7861,25.5411,0.0],[-108.7896,25.5426,0.0],[-108.7932,25.5418,2.0869],[-108.7931,25.5447,0.0],[-108.7913,25.5464,3.1393],[-108.7814,25.5454,0.0],[-108.779,25.5484,0.9416],[-108.7762,25.549,7.2653],[-108.7733,25.5431,3.8471],[-108.7772,25.5426,0.0],[-108.778,25.5344,0.0],[-108.7703,25.525,0.0],[-108.7618,25.5254,0.6653],[-108.7584,25.5234,0.2788],[-108.7583,25.5202,0.9338],[-108.7598,25.5181,1.2336],[-108.7658,25.5159,0.485],[-108.7666,25.5168,0.485],[-108.7668,25.5155,0.485],[-108.7722,25.5169,0.3488],[-108.7712,25.5144,1.144],[-108.7756,25.5142,0.0],[-108.7759,25.5128,1.6736],[-108.7809,25.5152,3.5918],[-108.7813,25.5121,7.8896],[-108.7778,25.5066,1.2978],[-108.7733,25.5095,1.5002],[-108.7689,25.5087,2.0626],[-108.7691,25.5012,1.8695],[-108.7672,25.4983,0.0],[-108.7654,25.4983,0.7196],[-108.7647,25.4931,0.8553],[-108.768,25.4919,1.8852],[-108.7716,25.4861,0.0],[-108.7754,25.4859,0.0],[-108.7785,25.4822,0.4879],[-108.7779,25.4794,2.4032],[-108.78,25.4758,0.0],[-108.7828,25.476,0.0],[-108.7846,25.4742,0.229],[-108.7865,25.465699999999998,1.0314],[-108.7902,25.4648,0.0],[-108.7859,25.4614,0.3441],[-108.7784,25.464,1.5175],[-108.7734,25.4609,0.4071],[-108.7729,25.4635,0.6577],[-108.7688,25.463,0.0],[-108.7694,25.4662,0.9404],[-108.7661,25.4655,4.2731],[-108.7656,25.4625,0.0],[-108.771,25.4586,1.5962],[-108.7783,25.457,0.8503],[-108.7791,25.4514,1.4109],[-108.7759,25.4495,1.6218],[-108.776,25.4482,2.0],[-108.7806,25.4462,0.0],[-108.7805,25.4424,0.0],[-108.7903,25.4323,0.0],[-108.7898,25.4265,0.0],[-108.7932,25.4215,0.9084],[-108.7922,25.4178,0.0],[-108.7894,25.4184,0.3402],[-108.7862,25.4311,1.695],[-108.781,25.4337,0.0],[-108.7813,25.4356,1.0151],[-108.7788,25.4379,0.6959],[-108.7694,25.4409,1.5133],[-108.7629,25.4407,0.0],[-108.7598,25.4433,0.3632],[-108.7564,25.4435,0.0],[-108.7543,25.447,1.3981],[-108.7589,25.4504,1.4547],[-108.7615,25.4549,1.3216],[-108.7568,25.4561,0.0],[-108.754,25.4612,3.7294],[-108.7513,25.4615,2.8875],[-108.7462,25.4588,5.0659],[-108.7414,25.464,2.1557],[-108.7426,25.4692,4.2325],[-108.7374,25.4686,2.2194],[-108.7329,25.4728,1.2494],[-108.7335,25.4764,1.4659],[-108.7304,25.4733,0.0],[-108.7348,25.4678,1.9656],[-108.7419,25.4686,2.506],[-108.7402,25.463,3.9927],[-108.7462,25.4577,0.4748],[-108.7533,25.4604,0.8043],[-108.7559,25.454,0.0],[-108.7506,25.4492,2.3543],[-108.7526,25.4405,1.6591],[-108.7549,25.4374,0.0],[-108.7492,25.4379,1.3351],[-108.7416,25.4317,3.1676],[-108.744,25.4313,2.2404],[-108.7518,25.4353,1.1778],[-108.7645,25.4327,0.0],[-108.7654,25.431,0.0],[-108.7642,25.426,0.8953],[-108.7566,25.424,2.7325],[-108.7566,25.4207,1.6454],[-108.7532,25.418,0.4448],[-108.7524,25.4134,0.7978],[-108.7477,25.4114,1.0382],[-108.7483,25.4077,0.4711],[-108.7462,25.4073,0.945],[-108.7398,25.4106,1.074],[-108.7411,25.4021,1.0211],[-108.7323,25.4052,0.0],[-108.7309,25.4083,1.4481],[-108.7254,25.412,1.8341],[-108.7264,25.4095,1.6114],[-108.7296,25.408,0.588],[-108.7305,25.4048,0.4592],[-108.7342,25.4027,1.3714],[-108.7336,25.3994,2.9078],[-108.7383,25.3985,1.826],[-108.7409,25.3953,1.0396],[-108.734,25.3959,1.2822],[-108.7241,25.3906,1.7788],[-108.7159,25.3937,0.0],[-108.7193,25.3938,2.5391],[-108.7156,25.3977,0.7768],[-108.7026,25.3999,0.1689],[-108.7017,25.4025,2.1067],[-108.6993,25.3982,0.0],[-108.6938,25.3995,0.3079],[-108.6914,25.4013,0.228],[-108.6915,25.4043,1.3737],[-108.6888,25.406,0.9578],[-108.6842,25.4035,0.0],[-108.6813,25.4046,1.9025],[-108.6707,25.4027,2.5081],[-108.6649,25.3974,1.605],[-108.6641,25.3948,1.1989],[-108.6659,25.3924,1.9198],[-108.657,25.3849,1.2897],[-108.6538,25.3801,3.2269],[-108.6531,25.3762,0.8681],[-108.6477,25.3743,1.6938],[-108.653,25.3711,0.0],[-108.6492,25.3697,0.0],[-108.6502,25.3682,0.0],[-108.6469,25.3645,1.1412],[-108.6451,25.3594,1.0471],[-108.6334,25.355,0.5665],[-108.6263,25.3462,0.6624],[-108.6238,25.3458,1.5586],[-108.6227,25.3484,1.1544],[-108.6215,25.348,1.1544],[-108.6225,25.3441,0.0],[-108.6203,25.3404,1.087],[-108.6232,25.3384,4.3095],[-108.6306,25.3414,1.016],[-108.6338,25.3523,1.8699],[-108.6406,25.3557,1.5445],[-108.6494,25.356,3.4306],[-108.6512,25.3614,2.9803],[-108.6563,25.3628,1.7762],[-108.6628,25.3682,1.3233],[-108.665,25.3675,0.6571],[-108.6678,25.3624,1.1829],[-108.6697,25.3632,1.3698],[-108.6767,25.3615,2.7688],[-108.6861,25.3646,1.1383],[-108.6924,25.3646,0.5375],[-108.6848,25.3604,1.3328],[-108.6884,25.3602,4.1492],[-108.7008,25.3633,11.0339],[-108.7029,25.3658,0.1724],[-108.7292,25.3697,7.8573],[-108.7445,25.3711,1.5472],[-108.7532,25.3686,0.0],[-108.7457,25.3646,0.4884],[-108.6898,25.3546,0.9756],[-108.6521,25.3442,0.7658],[-108.5959,25.3249,1.2698],[-108.5596,25.3113,1.0323],[-108.5461,25.3047,0.2606],[-108.5401,25.3055,1.07],[-108.539,25.3073,0.2239],[-108.5451,25.3116,1.4286],[-108.5623,25.315,3.5769],[-108.5674,25.3185,1.08],[-108.5769,25.3215,4.7649],[-108.5762,25.3231,1.2116],[-108.5729,25.322,0.2411],[-108.5708,25.3233,0.6285],[-108.5718,25.3213,0.2411],[-108.57,25.3209,0.7722],[-108.5673,25.332,0.0],[-108.5725,25.3359,1.2509],[-108.5704,25.3403,0.7574],[-108.5779,25.3421,0.0],[-108.5702,25.3422,0.7262],[-108.5648,25.334,0.7901],[-108.567,25.3241,1.1514],[-108.5644,25.3203,0.0],[-108.5419,25.3137,0.0],[-108.5365,25.31,0.0],[-108.5328,25.3106,1.7641],[-108.5276,25.3153,1.441],[-108.5251,25.314,0.2967],[-108.5353,25.308,0.0],[-108.5337,25.3017,0.0],[-108.5391,25.3011,0.0],[-108.5114,25.2895,0.8666],[-108.5126,25.2913,2.3287],[-108.502,25.2875,-0.22],[-108.4943,25.2834,0.0],[-108.4946,25.2808,0.7327],[-108.4639,25.2658,2.4209],[-108.444,25.2516,1.4646],[-108.4351,25.2436,0.5393],[-108.4038,25.2069,0.0],[-108.3963,25.195,0.0],[-108.387,25.1853,0.0],[-108.3771,25.1995,2.7275],[-108.3783,25.2026,2.6629],[-108.3803,25.2035,2.6629],[-108.3805,25.2084,2.8374],[-108.3789,25.2085,1.9647],[-108.3785,25.2123,1.6643],[-108.3705,25.2123,0.0],[-108.3699,25.2137,0.0],[-108.3734,25.2158,0.0],[-108.3718,25.22,0.0],[-108.3849,25.2293,4.2858],[-108.3848,25.232,2.2199],[-108.3807,25.2321,0.0],[-108.3795,25.2347,0.0],[-108.3833,25.236,0.0],[-108.3867,25.2461,2.9613],[-108.3845,25.2479,0.9963],[-108.3828,25.2404,0.0],[-108.377,25.241,1.1913],[-108.3748,25.2515,0.6805],[-108.3694,25.2576,0.2435],[-108.3739,25.2593,0.4543],[-108.3777,25.2704,2.8928],[-108.3843,25.2745,1.1886],[-108.3848,25.2774,3.2041],[-108.3959,25.282,5.5334],[-108.3971,25.2818,0.0],[-108.3974,25.2768,0.8223],[-108.3996,25.279,2.3346],[-108.3959,25.284,2.0636],[-108.3818,25.2791,2.1991],[-108.3751,25.2712,4.533],[-108.3724,25.2627,0.6254],[-108.3662,25.2635,0.0],[-108.3662,25.2647,1.066],[-108.3596,25.2672,0.0],[-108.3587,25.2818,0.0],[-108.3562,25.2828,0.5563],[-108.3555,25.2739,4.3032],[-108.3567,25.2669,3.7528],[-108.3626,25.2613,0.4565],[-108.3633,25.2554,0.0],[-108.3587,25.2535,0.0],[-108.3515,25.254,0.553],[-108.3411,25.25,1.1132],[-108.3396,25.2471,0.5248],[-108.3356,25.2455,0.6795],[-108.3327,25.248,0.6839],[-108.3216,25.2481,1.4063],[-108.3145,25.2426,0.6913],[-108.3143,25.2333,0.788],[-108.3168,25.2297,0.0],[-108.3138,25.2253,0.7254],[-108.3155,25.2137,1.7804],[-108.3238,25.2103,2.2762],[-108.3336,25.2147,0.0],[-108.3296,25.212,0.2369],[-108.324,25.2043,1.2834],[-108.3198,25.2061,1.4355],[-108.316,25.2044,0.4037],[-108.3179,25.2028,0.9302],[-108.3181,25.1935,0.0],[-108.3125,25.2008,2.2904],[-108.3069,25.2026,0.8156],[-108.3001,25.1971,0.921],[-108.2956,25.1898,2.0422],[-108.295,25.1847,1.6521],[-108.2907,25.1798,0.3993],[-108.284,25.1785,0.0],[-108.2831,25.1814,1.1244],[-108.2853,25.1877,0.0],[-108.2911,25.1913,2.4336],[-108.2916,25.1952,0.839],[-108.2954,25.195,1.4999],[-108.2982,25.1982,2.6277],[-108.2954,25.1969,0.0],[-108.294,25.2041,2.4813],[-108.2899,25.2079,2.3576],[-108.2887,25.208,2.2494],[-108.2852,25.2012,0.6842],[-108.274,25.205,1.5564],[-108.2653,25.1999,0.0],[-108.255,25.201,1.455],[-108.2538,25.1982,0.5989],[-108.2513,25.1982,1.8177],[-108.2471,25.1826,0.5249],[-108.244,25.1806,2.4918],[-108.2401,25.1829,1.673],[-108.2342,25.1817,0.2836],[-108.2355,25.1787,1.0108],[-108.2387,25.178,0.6172],[-108.2396,25.1716,1.1896],[-108.2379,25.1675,1.1503],[-108.2352,25.1661,0.7293],[-108.2338,25.1674,1.6157],[-108.2199,25.1677,1.117],[-108.2184,25.1702,1.6242],[-108.2164,25.168,1.3822],[-108.2168,25.1658,2.4071],[-108.2226,25.1633,0.0],[-108.2229,25.1615,0.0],[-108.1627,25.1069,0.0],[-108.1413,25.1009,3.0104],[-108.1304,25.1007,0.8564],[-108.1273,25.1083,0.0],[-108.1333,25.1198,0.0],[-108.1323,25.1203,0.0],[-108.111,25.1105,0.583],[-108.1043,25.1117,2.1543],[-108.1,25.1082,1.0135],[-108.0827,25.0863,2.3293],[-108.0671,25.0837,0.9938],[-108.0523,25.0736,2.3158],[-108.0472,25.0654,0.4181],[-108.0441,25.048,0.0],[-108.0444,25.0242,0.0],[-108.0461,25.0195,0.0],[-108.0441,25.0111,0.0],[-108.0456,25.0032,0.0],[-108.0438,24.9994,0.0],[-108.0407,25.0,1.2501],[-108.0381,24.9912,0.0],[-108.0327,24.987,0.0],[-108.0142,24.9789,0.0],[-108.0049,24.973,0.0],[-108.0026,24.9764,1.0891],[-108.0006,24.9758,1.2245],[-107.9968,24.9734,1.6224],[-107.9958,24.9684,0.5663],[-107.9968,24.9653,1.0266],[-107.9926,24.9648,0.8956],[-107.9974,24.9619,0.5178],[-107.9934,24.9565,3.396],[-107.9967,24.9449,1.5621],[-107.9984,24.9437,0.9335],[-107.9968,24.9351,3.0705],[-108.0099,24.9201,1.0596],[-108.0121,24.9136,2.3285],[-108.0163,24.9148,0.0],[-108.018,24.9113,0.6265],[-108.0167,24.9075,0.0],[-108.0139,24.9082,2.448],[-108.0042,24.9038,1.9062],[-108.0086,24.9027,2.0288],[-108.0128,24.906,0.0],[-108.0174,24.9067,0.5914],[-108.0178,24.9035,0.0],[-108.0153,24.9033,1.7086],[-108.0188,24.9005,0.0],[-108.0211,24.8959,0.0],[-108.0209,24.8946,0.3413],[-108.0163,24.8983,2.0235],[-108.0154,24.8931,1.3445],[-108.012,24.8942,1.8879],[-108.0091,24.8903,0.0],[-108.0058,24.8911,1.4544],[-108.0028,24.8896,0.6047],[-107.9986,24.8916,2.0471],[-107.9957,24.8908,2.8824],[-107.9925,24.8872,1.8882],[-107.986,24.8848,2.0811],[-107.9926,24.8787,1.3423],[-107.9922,24.8754,2.5743],[-107.9969,24.8692,2.4496],[-108.0075,24.8627,2.2274],[-107.9972,24.8632,1.1532],[-107.9922,24.868,6.6921],[-107.9854,24.8714,4.8229],[-107.9723,24.8715,2.1689],[-107.9695,24.873,4.1205],[-107.9663,24.8787,2.38],[-107.9685,24.8802,1.5205],[-107.9639,24.879,5.2364],[-107.9562,24.8857,4.1158],[-107.9558,24.8841,4.3565],[-107.9618,24.8789,4.8519],[-107.9595,24.8788,8.6995],[-107.955,24.8829,2.6817],[-107.9499,24.8826,2.4088],[-107.954,24.8817,5.0483],[-107.958,24.8772,5.6331],[-107.9646,24.8772,3.3385],[-107.9658,24.8741,1.5181],[-107.9627,24.8689,4.7886],[-107.9628,24.8663,4.4345],[-107.9673,24.8723,1.0],[-107.9722,24.8695,3.5985],[-107.9842,24.869,0.5],[-107.9899,24.8659,2.8386],[-107.9932,24.8608,0.9707],[-108.0019,24.8598,0.0],[-107.9975,24.8586,3.9699],[-107.9986,24.8544,2.6145],[-107.9955,24.8545,0.0],[-107.9937,24.8563,3.0692],[-107.9871,24.8534,5.711],[-107.9894,24.8527,0.8556],[-107.98779999999999,24.852,0.0],[-107.9831,24.8528,2.8499],[-107.9808,24.855,2.5367],[-107.9821,24.8522,2.8499],[-107.9852,24.8504,4.5897],[-107.9937,24.8519,1.9719],[-108.0033,24.8498,2.7931],[-108.0065,24.8481,1.7192],[-108.0078,24.8433,3.3075],[-108.0106,24.84,1.9984],[-108.0128,24.841,3.0373],[-108.0105,24.8449,0.5322],[-108.0175,24.841,0.0],[-108.0145,24.8369,0.0],[-108.0093,24.8333,0.0],[-108.0018,24.8356,1.9211],[-107.9935,24.8305,1.5002],[-107.9959,24.8257,0.0],[-107.9922,24.8232,1.3663],[-107.9936,24.8226,0.0],[-107.9929,24.8184,0.4529],[-107.9895,24.818,1.4357],[-107.9918,24.816,0.0],[-107.9926,24.8123,0.0],[-107.9917,24.8066,0.0],[-107.9896,24.8071,1.9733],[-107.9881,24.8108,3.2086],[-107.9867,24.8094,1.2117],[-107.9876,24.8085,0.0],[-107.9845,24.8073,2.1368],[-107.985,24.8059,0.632],[-107.9828,24.8081,1.6123],[-107.9795,24.8053,0.4644],[-107.9798,24.8029,0.6016],[-107.9762,24.8024,1.6296],[-107.9753,24.8005,0.0],[-107.9702,24.8018,1.0196],[-107.977,24.8068,1.7735],[-107.9732,24.8066,0.5265],[-107.9662,24.8024,1.0226],[-107.9707,24.7992,1.4419],[-107.9699,24.7968,1.1958],[-107.9749,24.7986,1.0538],[-107.9749,24.7971,1.0538],[-107.9706,24.7951,3.2179],[-107.9706,24.7931,1.8393],[-107.9727,24.7926,0.8256],[-107.9603,24.7893,0.7773],[-107.9559,24.7965,1.6964],[-107.9565,24.8019,3.4978],[-107.9514,24.8061,0.7135],[-107.9515,24.8022,0.6287],[-107.9552,24.8017,2.588],[-107.9546,24.7963,1.6964],[-107.9575,24.7907,0.0],[-107.9521,24.7942,2.7549],[-107.9404,24.7879,0.5593],[-107.9447,24.7814,0.4455],[-107.9448,24.7859,0.3915],[-107.9601,24.7859,0.0],[-107.968,24.7896,0.4537],[-107.9669,24.7836,0.0],[-107.9689,24.7791,0.0],[-107.9726,24.7759,1.0008],[-107.9723,24.7738,1.7259],[-107.974,24.7751,0.3558],[-107.9801,24.7694,1.3072],[-107.986,24.7663,0.0],[-107.9821,24.7625,1.1801],[-107.9849,24.7636,0.6783],[-107.9873,24.755,0.0],[-107.9784,24.7593,2.8314],[-107.972,24.7569,0.7435],[-107.9685,24.7485,1.5585],[-107.9681,24.7374,1.218],[-107.96,24.7309,1.2412],[-107.9559,24.7327,2.7369],[-107.9474,24.7319,1.0869],[-107.9464,24.7345,1.4755],[-107.948,24.7407,1.1843],[-107.9414,24.7468,0.3125],[-107.9377,24.7459,0.0],[-107.935,24.7477,0.0395],[-107.9286,24.7441,0.386],[-107.927,24.7409,0.3456],[-107.9296,24.7338,0.6705],[-107.9323,24.7314,0.6259],[-107.9377,24.7305,0.3427],[-107.9407,24.7257,0.7751],[-107.9402,24.73,1.5088],[-107.9373,24.7346,0.0],[-107.9386,24.7381,0.0],[-107.9472,24.7287,0.7008],[-107.9502,24.7283,0.4805],[-107.9554,24.7307,0.0],[-107.9607,24.7272,0.0],[-107.9653,24.7282,0.0],[-107.9632,24.7233,1.8698],[-107.963,24.7148,2.3885],[-107.9716,24.7191,0.4178],[-107.9745,24.7255,0.0],[-107.9824,24.7276,2.1424],[-107.9856,24.7389,1.495],[-107.9924,24.7417,2.0087],[-107.9956,24.747,3.2972],[-108.0043,24.7528,1.1575],[-108.0134,24.7563,1.2393],[-108.0225,24.7667,2.0033],[-108.0294,24.7664,1.37],[-108.0329,24.7681,2.7353],[-108.0345,24.7758,0.0],[-108.0434,24.7836,2.6482],[-108.0462,24.7838,0.0],[-108.0495,24.7796,1.3867],[-108.0534,24.7784,2.274],[-108.0528,24.7759,0.5985],[-108.0472,24.77,1.8062],[-108.0453,24.7704,1.0041],[-108.0471,24.7693,1.8062],[-108.0494,24.7705,1.2698],[-108.0551,24.7778,2.274],[-108.0521,24.7812,3.0276],[-108.0489,24.7816,0.0],[-108.0469,24.7862,1.1273],[-108.043,24.7881,2.3218],[-108.0435,24.7904,1.8901],[-108.0528,24.7879,0.5875],[-108.0587,24.7843,1.6438],[-108.0659,24.7857,0.0],[-108.0688,24.7845,2.9129],[-108.0703,24.7789,0.0],[-108.0479,24.7629,1.7974],[-108.0362,24.752,1.1571],[-108.0164,24.7264,2.3414],[-108.0141,24.7203,2.5571],[-108.0142,24.7148,2.2954],[-108.019,24.6953,0.9225],[-108.019,24.6854,0.0],[-108.014,24.6734,2.8934],[-108.0026,24.6564,0.0],[-107.9808,24.6368,0.6667],[-107.9385,24.608,0.0],[-107.9014,24.5869,0.0],[-107.8801,24.5788,2.2555],[-107.8793,24.584,0.0],[-107.8888,24.5822,1.4202],[-107.8992,24.5903,2.3114],[-107.916,24.5976,2.1837],[-107.9151,24.6025,1.1867],[-107.9182,24.6069,1.6531],[-107.9263,24.6099,2.2845],[-107.9313,24.6079,3.5971],[-107.9315,24.6132,3.3473],[-107.9384,24.618,2.9757],[-107.9491,24.635,3.0131],[-107.9472,24.6388,0.0],[-107.9496,24.6389,1.591],[-107.9578,24.6486,1.7403],[-107.9606,24.6491,0.0],[-107.9661,24.6453,2.7672],[-107.9703,24.6496,1.6295],[-107.9773,24.6481,2.5691],[-107.972,24.655,1.5049],[-107.9782,24.6524,1.528],[-107.9821,24.6528,1.416],[-107.9804,24.6546,1.26],[-107.9772,24.6544,0.4784],[-107.9832,24.6641,2.9641],[-107.9835,24.6695,1.6604],[-107.9848,24.6706,1.578],[-107.9847,24.6759,1.7002],[-107.9826,24.6783,0.9515],[-107.9853,24.6819,4.0018],[-107.9816,24.6871,1.8701],[-107.9833,24.6878,3.8015],[-107.9838,24.6912,3.7715],[-107.9821,24.692,2.3054],[-107.983,24.6936,1.7094],[-107.9807,24.6927,2.2199],[-107.9785,24.6877,2.3096],[-107.9816,24.6719,0.0],[-107.9779,24.6724,1.1885],[-107.9796,24.6746,1.2377],[-107.9777,24.6752,1.727],[-107.9739,24.6711,0.0],[-107.9757,24.6642,0.0],[-107.9778,24.6643,0.6849],[-107.9777,24.6607,1.2126],[-107.9666,24.6604,0.0],[-107.9659,24.6552,0.0],[-107.9606,24.6535,0.0],[-107.9554,24.6597,0.0],[-107.9564,24.6643,2.6878],[-107.9541,24.6644,2.0658],[-107.9524,24.659,0.0],[-107.9536,24.6539,2.6867],[-107.9491,24.6481,0.0],[-107.9343,24.6365,0.0],[-107.9277,24.6284,0.0],[-107.9253,24.6279,0.6507],[-107.9253,24.6301,1.958],[-107.9226,24.6313,1.5162],[-107.921,24.6356,0.7083],[-107.9187,24.6331,0.0],[-107.9235,24.6272,0.6507],[-107.9184,24.6242,1.7323],[-107.9201,24.6281,1.9291],[-107.9165,24.6297,0.0],[-107.9155,24.6326,0.0],[-107.9137,24.6291,0.0],[-107.9155,24.6285,0.0],[-107.9164,24.6258,0.0],[-107.9121,24.6284,0.0],[-107.9115,24.625,0.0],[-107.9145,24.6225,0.8836],[-107.9164,24.6227,0.7463],[-107.9103,24.6189,0.0],[-107.9087,24.6203,0.0],[-107.9031,24.6188,2.9194],[-107.8994,24.6171,2.1728],[-107.8982,24.6146,0.0],[-107.8941,24.6152,0.0],[-107.8926,24.6188,1.1898],[-107.8876,24.6192,1.2901],[-107.8722,24.6107,1.9863],[-107.8751,24.6079,0.8779],[-107.8695,24.6037,0.0],[-107.8464,24.5975,1.7844],[-107.8397,24.5936,0.0],[-107.8332,24.5935,0.0],[-107.8292,24.5891,0.9181],[-107.8234,24.5868,0.0],[-107.8105,24.5748,0.0],[-107.8013,24.5701,0.5581],[-107.8018,24.5689,0.5581],[-107.7917,24.5596,0.0],[-107.7903,24.5635,1.2526],[-107.7856,24.5645,0.0],[-107.7894,24.5648,1.1296],[-107.7893,24.5662,0.5831],[-107.7835,24.5651,3.4055],[-107.7848,24.5609,1.2817],[-107.7812,24.556,0.5432],[-107.7818,24.5545,0.0],[-107.7782,24.554,0.3411],[-107.7727,24.5493,0.4087],[-107.7629,24.5346,0.0],[-107.7588,24.5328,0.816],[-107.7536,24.5259,0.0],[-107.7543,24.5288,0.4488],[-107.7531,24.529,0.4488],[-107.7497,24.5223,0.5991],[-107.7441,24.5196,0.0],[-107.7416,24.5205,1.3338],[-107.7426,24.5185,2.5989],[-107.7474,24.5173,0.0],[-107.745,24.5151,1.9682],[-107.7511,24.5153,1.8933],[-107.7501,24.5136,3.7612],[-107.7543,24.5089,1.2406],[-107.7519,24.501,1.4631],[-107.7541,24.5022,1.3365],[-107.755,24.4988,0.0],[-107.743,24.4972,2.211],[-107.7337,24.4926,0.0],[-107.7314,24.4998,0.0],[-107.7282,24.5025,1.8415],[-107.7087,24.4998,0.2696],[-107.7084,24.5023,0.0],[-107.7139,24.5111,1.387],[-107.7147,24.5214,0.0],[-107.7079,24.5382,0.5],[-107.7076,24.554,2.1662],[-107.7052,24.5564,0.5],[-107.7017,24.5559,1.7899],[-107.7008,24.5538,1.8221],[-107.7052,24.5546,2.9653],[-107.7064,24.5526,2.8233],[-107.7062,24.5374,1.7332],[-107.7126,24.5227,0.9894],[-107.7118,24.511,0.0],[-107.7065,24.5024,1.5106],[-107.7069,24.4977,0.0],[-107.6994,24.5033,0.0],[-107.6959,24.5089,2.1683],[-107.6896,24.512,1.0623],[-107.6861,24.5101,0.0],[-107.6845,24.5131,1.2659],[-107.6836,24.5067,0.0],[-107.6796,24.5066,2.4158],[-107.6777,24.4959,1.6236],[-107.6706,24.4867,0.0],[-107.663,24.4804,0.0],[-107.6606,24.4839,3.0657],[-107.657,24.481,2.2554],[-107.6507,24.4804,0.0],[-107.6464,24.478,0.5541],[-107.6482,24.4737,2.2462],[-107.6571,24.4768,2.4618],[-107.6586,24.4756,2.2641],[-107.6584,24.4744,0.0],[-107.6552,24.4747,3.3841],[-107.6552,24.4733,1.6687],[-107.6484,24.4694,0.0],[-107.6473,24.4663,2.6292],[-107.6443,24.4646,1.0947],[-107.6453,24.4689,1.897],[-107.6502,24.4712,2.3855],[-107.6476,24.4719,2.5184],[-107.6436,24.4692,3.5763],[-107.6425,24.4665,1.7457],[-107.6368,24.4644,1.1965],[-107.6275,24.4706,2.4896],[-107.6232,24.4704,0.0],[-107.6226,24.4677,0.5458],[-107.6198,24.4685,0.7782],[-107.6171,24.4661,0.5499],[-107.6115,24.4664,0.7533],[-107.6094,24.4681,1.9696],[-107.6,24.4677,1.5031],[-107.5951,24.4706,1.6679],[-107.5918,24.4802,0.0],[-107.5951,24.484,0.0],[-107.6013,24.4828,3.8097],[-107.5942,24.4875,1.9968],[-107.5909,24.4875,1.5442],[-107.5894,24.4914,3.5384],[-107.5874,24.4905,1.1589],[-107.5859,24.4919,2.7628],[-107.5869,24.494,0.0],[-107.588,24.4929,0.0],[-107.597,24.4978,3.0009],[-107.6,24.5029,1.0972],[-107.6026,24.5037,3.6961],[-107.6085,24.502,4.5615],[-107.6066,24.5045,4.2026],[-107.6082,24.506,3.9989],[-107.606,24.5066,1.051],[-107.6059,24.5083,2.3469],[-107.6212,24.5098,6.7187],[-107.6155,24.5117,2.6069],[-107.6138,24.5154,5.0163],[-107.61,24.5129,3.2585],[-107.6051,24.5132,2.4645],[-107.6021,24.5166,0.0],[-107.6017,24.5198,3.9856],[-107.5935,24.5212,1.4506],[-107.5881,24.5273,5.6743],[-107.5848,24.5259,5.2946],[-107.5697,24.5278,2.6683],[-107.5544,24.5233,3.1549],[-107.5485,24.5202,6.4269],[-107.5477,24.5179,3.0359],[-107.5466,24.5192,5.6853],[-107.5424,24.5179,4.9726],[-107.5391,24.5207,6.4492],[-107.5403,24.5156,6.6076],[-107.5369,24.5153,4.4487],[-107.5376,24.5117,3.9865],[-107.5298,24.5019,2.3725],[-107.5197,24.4929,2.5],[-107.4908,24.447,4.0523],[-107.4896,24.4396,2.7179],[-107.4842,24.4276,5.6913],[-107.484,24.4194,4.1885],[-107.4802,24.4103,4.7174],[-107.4798,24.4166,8.9774],[-107.478,24.4137,3.9988],[-107.4769,24.3946,4.1765],[-107.4754,24.3932,0.9789],[-107.4792,24.3891,1.1524],[-107.4869,24.386,2.197],[-107.4916,24.3862,0.0],[-107.4997,24.3817,1.9937],[-107.505,24.3818,1.5907],[-107.5094,24.3788,0.0],[-107.5111,24.3737,0.0],[-107.5099,24.3726,0.0],[-107.5126,24.3721,0.0],[-107.5124,24.3698,0.0],[-107.5016,24.3738,2.0727],[-107.4968,24.3792,2.2931],[-107.4883,24.3778,3.2906],[-107.4896,24.3572,1.6328],[-107.4941,24.3581,2.2755],[-107.4988,24.3559,1.7996],[-107.5065,24.3582,1.7807],[-107.5096,24.3622,0.0],[-107.5137,24.3616,2.6402],[-107.5138,24.3632,0.5063],[-107.5165,24.363,2.2657],[-107.5219,24.3659,0.7388],[-107.5294,24.3727,1.8334],[-107.5362,24.3748,3.5688],[-107.5369,24.3821,0.0],[-107.5385,24.3811,1.9983],[-107.5381,24.3794,2.4676],[-107.5435,24.3782,5.8183],[-107.5446,24.3808,0.0],[-107.5486,24.3821,0.0],[-107.5488,24.3848,0.0],[-107.5532,24.3864,5.5117],[-107.5536,24.3889,0.4108],[-107.5567,24.3891,0.5048],[-107.5586,24.3869,0.0],[-107.549,24.3783,0.0],[-107.5399,24.3741,6.2825],[-107.5376,24.3707,1.2741],[-107.5347,24.3698,0.3399],[-107.5298,24.3642,4.4883],[-107.5237,24.3603,0.7142],[-107.5195,24.3532,0.5106],[-107.5179,24.3547,1.3511],[-107.5121,24.3548,1.0754],[-107.4996,24.3454,0.0],[-107.4933,24.3391,3.5023],[-107.4906,24.3331,1.6975],[-107.4861,24.3314,1.653],[-107.4877,24.3301,1.3389],[-107.4856,24.3265,0.5294],[-107.4877,24.3246,0.9323],[-107.4917,24.3252,1.6236],[-107.4915,24.3288,0.0],[-107.4939,24.3287,1.7655],[-107.4981,24.3325,0.0],[-107.5037,24.3318,2.0365],[-107.5073,24.3271,1.3554],[-107.5127,24.329,1.7829],[-107.5166,24.3344,1.5283],[-107.5161,24.3393,0.816],[-107.5288,24.3473,4.1026],[-107.5308,24.3542,1.8422],[-107.533,24.3566,2.3268],[-107.531,24.3568,0.6587],[-107.5287,24.3545,1.2023],[-107.5284,24.3586,2.4915],[-107.5316,24.3608,0.6544],[-107.5338,24.3595,2.6961],[-107.5404,24.368,0.8501],[-107.5455,24.3658,1.9394],[-107.5554,24.3676,0.0],[-107.5574,24.3653,2.7425],[-107.5623,24.3642,2.6259],[-107.5703,24.3678,2.0713],[-107.5722,24.3767,4.7021],[-107.5754,24.3771,0.9337],[-107.5739,24.3824,3.4008],[-107.575,24.3849,1.6096],[-107.5793,24.3892,1.3556],[-107.5918,24.3931,3.1495],[-107.5917,24.3941,4.6012],[-107.5875,24.3933,0.0],[-107.5862,24.3965,1.3808],[-107.5882,24.3946,4.8121],[-107.6084,24.401,0.4241],[-107.6141,24.399,0.0],[-107.6238,24.3993,2.4897],[-107.6332,24.4072,0.8058],[-107.6377,24.4134,4.471],[-107.6401,24.4229,4.2931],[-107.6446,24.4271,0.0],[-107.6541,24.4268,1.3979],[-107.6605,24.4284,2.6381],[-107.6702,24.4353,1.5178],[-107.6745,24.4363,3.3424],[-107.677,24.4396,1.7003],[-107.6817,24.4402,1.7871],[-107.684,24.445,2.2438],[-107.6857,24.4448,2.2257],[-107.705,24.4597,0.8521],[-107.7249,24.4645,0.8219],[-107.7287,24.4673,3.3094],[-107.7338,24.4768,0.0],[-107.7383,24.4796,3.8107],[-107.7677,24.4884,6.2395],[-107.7747,24.4955,0.0],[-107.7809,24.5082,0.0],[-107.7847,24.5123,0.0],[-107.7964,24.5152,0.0],[-107.7943,24.5168,0.0],[-107.7953,24.5171,0.0],[-107.7983,24.5142,0.0],[-107.8015,24.5025,1.2477],[-107.8043,24.4984,1.7315],[-107.8063,24.4992,1.8141],[-107.8047,24.5031,0.0],[-107.8083,24.5033,1.9566],[-107.8097,24.5,2.074],[-107.8075,24.4953,0.0],[-107.7946,24.4851,0.0],[-107.7627,24.4733,1.3894],[-107.7272,24.4545,2.9664],[-107.6191,24.3876,0.6943],[-107.475,24.2922,0.0],[-107.4159,24.2453,0.0],[-107.4145,24.2451,0.0],[-107.4176,24.248,0.4289],[-107.4172,24.251,2.0474],[-107.4032,24.2676,3.9526],[-107.4089,24.2719,1.6026],[-107.4095,24.2754,2.6449],[-107.4056,24.2715,3.4983],[-107.4028,24.272,4.7866],[-107.4006,24.2699,2.7827],[-107.4147,24.2485,0.0],[-107.4113,24.2443,0.0],[-107.4088,24.2435,1.3794],[-107.4046,24.2449,0.0],[-107.3991,24.2432,1.1807],[-107.4033,24.2471,4.0409],[-107.4022,24.2486,0.0],[-107.4041,24.2494,2.723],[-107.4048,24.2525,3.1851],[-107.4038,24.2547,3.586],[-107.3994,24.2537,0.0],[-107.3888,24.2432,0.0],[-107.3826,24.2328,0.4475],[-107.3772,24.2301,0.0],[-107.3701,24.2329,2.5863],[-107.3592,24.2326,2.0724],[-107.3406,24.2218,0.0],[-107.3383,24.2232,1.894],[-107.345,24.2289,1.8981],[-107.345,24.2365,2.3052],[-107.3433,24.2404,4.4212],[-107.3356,24.244,4.3301],[-107.3282,24.2397,1.3273],[-107.3259,24.2314,0.0],[-107.321,24.2302,0.0],[-107.3182,24.2242,1.9457],[-107.3152,24.224,2.7892],[-107.3119,24.2213,2.6984],[-107.3049,24.2225,4.4477],[-107.2952,24.2197,3.6141],[-107.2924,24.2162,2.3796],[-107.2945,24.2141,0.0],[-107.2933,24.2114,4.4989],[-107.2991,24.2166,2.5621],[-107.3126,24.218,2.8447],[-107.3247,24.2241,3.76],[-107.3291,24.2279,4.5984],[-107.3309,24.2322,4.6818],[-107.3301,24.2342,0.0],[-107.3354,24.2362,1.8034],[-107.3381,24.2346,2.9576],[-107.3399,24.2366,2.1845],[-107.3416,24.2344,0.0],[-107.3422,24.2292,0.0],[-107.338,24.2256,2.0197],[-107.3377,24.2202,0.0],[-107.3328,24.2134,3.7702],[-107.3323,24.2102,0.7519],[-107.329,24.2088,2.2592],[-107.3271,24.2118,2.7488],[-107.3295,24.2175,2.8281],[-107.3297,24.2202,2.1342],[-107.3282,24.22,1.4419],[-107.3223,24.2063,2.3013],[-107.3141,24.1996,1.6813],[-107.304,24.1961,1.692],[-107.3009,24.1924,0.8544],[-107.3019,24.1907,1.1102],[-107.293,24.1889,1.3019],[-107.2825,24.1835,0.0],[-107.2803,24.178,0.0],[-107.2759,24.1761,0.58],[-107.263,24.1654,0.0],[-107.2477,24.1594,0.5895],[-107.2401,24.1497,0.4206],[-107.2312,24.146,1.1933],[-107.2269,24.1382,0.3906],[-107.2129,24.1311,0.6777],[-107.2095,24.1236,0.0],[-107.2064,24.121,0.855],[-107.1915,24.1174,0.8127],[-107.1738,24.1093,0.8023],[-107.1705,24.1101,0.6996],[-107.1694,24.1141,0.4933],[-107.172,24.1154,0.8467],[-107.1756,24.121,1.3532],[-107.1836,24.1255,0.0],[-107.1858,24.1305,2.655],[-107.1839,24.1389,0.0],[-107.1791,24.1438,1.3023],[-107.1787,24.1464,1.9045],[-107.1841,24.1617,1.9915],[-107.1809,24.1589,1.7188],[-107.1645,24.1519,0.5952],[-107.1553,24.143,0.8329],[-107.1431,24.1423,0.8376],[-107.1545,24.1273,0.2769],[-107.1586,24.1244,0.0],[-107.1609,24.119,0.0],[-107.159,24.1169,0.4282],[-107.1601,24.1136,0.0],[-107.1565,24.109,1.5951],[-107.1537,24.1078,0.0],[-107.1532,24.1093,1.3878],[-107.1417,24.1027,1.0116],[-107.1299,24.1039,4.8992],[-107.1271,24.1017,0.7419],[-107.1252,24.0972,0.0],[-107.1213,24.0967,0.2767],[-107.12,24.0923,2.5847],[-107.1157,24.0888,1.2295],[-107.1159,24.0833,0.2978],[-107.1099,24.0827,2.3229],[-107.1077,24.0808,0.5904],[-107.1059,24.0731,0.3081],[-107.0944,24.0725,2.6993],[-107.0869,24.0694,2.617],[-107.0781,24.0593,0.0],[-107.0782,24.0568,0.0],[-107.0743,24.0554,0.0],[-107.073,24.0516,0.3016],[-107.0701,24.0513,0.9777],[-107.066,24.056,1.6868],[-107.0627,24.0527,0.2255],[-107.0614,24.0471,0.0],[-107.058,24.0479,2.9131],[-107.0559,24.0465,1.8231],[-107.0581,24.0429,0.2449],[-107.0562,24.0381,0.3075],[-107.0486,24.0346,1.3498],[-107.0589,24.0377,0.0],[-107.0693,24.0467,0.0],[-107.0829,24.0546,1.0003],[-107.0842,24.059,0.3567],[-107.0942,24.069,0.0],[-107.1038,24.07,0.815],[-107.1127,24.0736,1.2763],[-107.1185,24.0793,0.0],[-107.1243,24.0815,1.6006],[-107.1279,24.0945,0.3537],[-107.1363,24.0935,1.808],[-107.1419,24.0954,1.0563],[-107.1478,24.093,2.1908],[-107.152,24.0983,2.9005],[-107.1557,24.0973,1.0694],[-107.1556,24.1,0.4898],[-107.1609,24.104,0.3742],[-107.1652,24.1037,1.6581],[-107.1645,24.0996,0.7577],[-107.1482,24.0908,1.6787],[-107.1425,24.0844,0.2017],[-107.1383,24.0838,3.5115],[-107.1351,24.0771,1.6632],[-107.1244,24.0739,1.5224],[-107.1207,24.0707,1.8875],[-107.1177,24.065,0.1534],[-107.1126,24.0639,1.1933],[-107.1105,24.061,1.1216],[-107.109,24.051,0.0],[-107.1022,24.0444,1.8245],[-107.1027,24.0415,0.7097],[-107.107,24.0368,0.0],[-107.1061,24.0356,2.6353],[-107.0937,24.0336,0.5046],[-107.0916,24.0312,0.3869],[-107.0898,24.0235,0.3662],[-107.0796,24.0241,1.8441],[-107.0685,24.0204,0.0],[-107.0635,24.0069,0.0],[-107.0603,24.0054,1.1558],[-107.059,24.0017,2.7403],[-107.0541,23.9981,0.5091],[-107.0516,23.998,0.0],[-107.0514,24.0016,0.7525],[-107.0499,24.0028,2.0322],[-107.0434,24.001,2.5519],[-107.0397,24.0054,0.964],[-107.0534,24.0167,2.0046],[-107.0388,24.0058,0.3983],[-107.0381,24.0013,1.1798],[-107.042,23.9992,1.5243],[-107.0452,23.999,0.9884],[-107.05,24.0013,1.3604],[-107.0505,23.9968,0.6068],[-107.0492,23.9951,0.0],[-107.0316,23.9815,1.9323],[-107.0289,23.9761,0.5757],[-107.023,23.9751,0.5328],[-107.018,23.9693,1.2907],[-107.014,23.969,2.4268],[-107.0115,23.967,1.9894],[-107.0111,23.9655,1.9894],[-107.0133,23.9654,1.3944],[-107.0111,23.9612,2.2108],[-107.0116,23.9584,1.5884],[-107.0062,23.957,1.5008],[-107.0012,23.9526,5.7291],[-106.9921,23.9517,1.7095],[-106.9929,23.9502,1.177],[-106.9892,23.9473,2.0079],[-106.988,23.9434,6.7464],[-106.9909,23.9448,5.6848],[-106.9946,23.9505,0.0],[-107.0041,23.9513,4.0795],[-107.0139,23.9562,0.9598],[-107.0163,23.9591,4.5225],[-107.0168,23.9636,2.5759],[-107.0209,23.9635,5.7317],[-107.0229,23.9651,5.9413],[-107.0228,23.9663,6.8772],[-107.0201,23.9661,0.6501],[-107.0203,23.9693,1.8061],[-107.027,23.9708,2.6798],[-107.0412,23.9834,1.9517],[-107.0656,24.0004,3.7678],[-107.0712,24.0116,0.4161],[-107.079,24.0158,0.0],[-107.0877,24.0177,0.0],[-107.0962,24.0256,0.0],[-107.0986,24.0306,0.6138],[-107.1074,24.0338,1.8368],[-107.111,24.0403,2.2113],[-107.1079,24.0402,0.0],[-107.1045,24.0444,1.4714],[-107.1111,24.0509,0.3082],[-107.112,24.0565,0.0],[-107.1266,24.0661,0.8133],[-107.1339,24.0689,2.3457],[-107.1386,24.0756,0.0],[-107.1522,24.0849,2.7633],[-107.1541,24.0889,0.0],[-107.1667,24.0928,3.4247],[-107.1734,24.099,0.0],[-107.1815,24.0976,1.1896],[-107.185,24.1021,0.0],[-107.192,24.1015,2.5319],[-107.1878,24.1055,0.0],[-107.1931,24.1035,0.6201],[-107.1938,24.0996,1.7664],[-107.192,24.0946,2.5444],[-107.1744,24.0827,4.5106],[-107.095,24.0209,2.47],[-107.0117,23.9529,2.8667],[-106.9483,23.8945,0.0],[-106.8909,23.8389,1.1523],[-106.8859,23.8235,8.3108],[-106.8847,23.8125,3.7767],[-106.8821,23.8047,4.1146],[-106.8838,23.801,3.8693],[-106.8815,23.7951,0.9655],[-106.8455,23.7568,0.0],[-106.8431,23.7509,0.0],[-106.8432,23.7461,0.0],[-106.8468,23.7399,0.7783],[-106.8154,23.7101,1.13],[-106.8092,23.7001,0.0],[-106.8012,23.6916,0.0],[-106.7929,23.6773,3.1815],[-106.794,23.6719,0.5056],[-106.7923,23.6694,1.3824],[-106.7951,23.6717,0.5056],[-106.799,23.666,0.8957],[-106.8043,23.6676,1.7436],[-106.8043,23.6604,4.3922],[-106.8116,23.6581,0.0],[-106.8108,23.6529,0.0],[-106.8063,23.6489,4.7273],[-106.8021,23.6483,0.0],[-106.7901,23.6405,0.0],[-106.7851,23.6354,4.3448],[-106.7849,23.6327,7.3211],[-106.7688,23.6215,4.4999],[-106.7642,23.6132,0.0],[-106.7537,23.6092,2.2255],[-106.7301,23.5958,0.0],[-106.7308,23.598,3.2722],[-106.7271,23.5987,0.5],[-106.7282,23.6004,2.0649],[-106.7338,23.5998,2.2347],[-106.7577,23.613,2.4408],[-106.759,23.6201,4.5689],[-106.7535,23.6216,2.0492],[-106.7512,23.6266,2.8438],[-106.7484,23.6202,1.2241],[-106.7467,23.6201,1.2241],[-106.7465,23.6215,1.8383],[-106.7397,23.6204,1.0],[-106.7461,23.6145,1.0],[-106.7533,23.6127,1.0],[-106.7369,23.603,1.9976],[-106.7331,23.6022,1.5242],[-106.7294,23.6033,3.9296],[-106.729,23.6051,4.5728],[-106.7252,23.6006,0.942],[-106.7247,23.6076,5.6826],[-106.7224,23.6086,3.9993],[-106.7236,23.6063,3.104],[-106.721,23.6063,3.5841],[-106.7214,23.605,2.3774],[-106.7177,23.6021,2.3836],[-106.7221,23.6014,0.5],[-106.7242,23.5971,0.5],[-106.7259,23.5971,0.5],[-106.7249,23.5953,3.4463],[-106.7273,23.5959,0.7171],[-106.727,23.5974,0.5],[-106.7286,23.5968,0.586],[-106.7284,23.5947,0.0],[-106.6952,23.5695,0.0],[-106.6851,23.5568,0.0],[-106.684,23.5521,3.3395],[-106.6858,23.5505,0.3994],[-106.682,23.5439,6.6943],[-106.6821,23.5413,5.1709],[-106.6757,23.5386,0.0],[-106.6534,23.5183,0.0],[-106.6391,23.5084,1.9359],[-106.6275,23.4969,0.0],[-106.6263,23.492,15.8625],[-106.6299,23.4899,5.3168],[-106.6301,23.4837,8.8664],[-106.6268,23.4782,8.4095],[-106.6231,23.4778,13.0059],[-106.6017,23.459,2.2286],[-106.5993,23.4604,1.458],[-106.6026,23.4623,3.9449],[-106.6015,23.4681,3.9402],[-106.6004,23.4658,1.87],[-106.5964,23.4665,6.9703],[-106.5975,23.463,1.4729],[-106.5931,23.4621,6.6404],[-106.5881,23.4665,2.0071],[-106.588,23.4589,9.3202],[-106.5926,23.4559,1.3884],[-106.596,23.456,1.0],[-106.5992,23.4587,1.6244],[-106.5993,23.4567,0.0],[-106.5938,23.4504,1.7735],[-106.5594,23.4221,0.7165],[-106.5372,23.4005,1.1403],[-106.5239,23.3851,4.1927],[-106.5042,23.3589,2.9406],[-106.5025,23.3545,0.0],[-106.4948,23.3469,2.7333],[-106.4903,23.3384,1.3958],[-106.4835,23.3314,0.0],[-106.4802,23.3232,5.4957],[-106.4807,23.3135,7.3123],[-106.4842,23.3085,10.4741],[-106.4931,23.308,1.3652],[-106.4935,23.3038,1.9677],[-106.4911,23.3037,4.1046],[-106.4867,23.2996,3.1122],[-106.472,23.2834,5.4155],[-106.4662,23.2716,1.8052],[-106.4686,23.267,3.6149],[-106.467,23.2657,3.6149],[-106.4657,23.2599,0.0],[-106.4573,23.2522,2.2672],[-106.4534,23.242,0.9935],[-106.4329,23.2302,1.0311],[-106.4258,23.2236,0.0],[-106.4221,23.2168,0.0],[-106.4227,23.2096,1.3544],[-106.425,23.2077,2.4538],[-106.4266,23.2095,0.0],[-106.4292,23.2083,3.1772],[-106.4286,23.2056,10.0732],[-106.4306,23.2034,0.0],[-106.4301,23.2001,0.0],[-106.427,23.1971,7.4702],[-106.4284,23.1932,9.5764],[-106.4246,23.186,2.0601],[-106.4268,23.184,0.0],[-106.4274,23.1792,59.8933],[-106.4296,23.1782,0.0],[-106.4294,23.1764,2.1799],[-106.4252,23.1772,2.3283],[-106.4247,23.1798,4.7445],[-106.4208,23.1797,0.0],[-106.4247,23.1803,4.7445],[-106.4247,23.185,1.1989],[-106.4229,23.186,2.0231],[-106.4203,23.1846,0.3394],[-106.4182,23.1856,0.0],[-106.4208,23.1864,0.9905],[-106.4165,23.188,0.694],[-106.4129,23.1996,0.0],[-106.4091,23.2077,5.6035],[-106.4054,23.2116,2.4276],[-106.4053,23.2139,4.5389],[-106.4008,23.2117,0.4544],[-106.3932,23.2127,0.9447],[-106.3927,23.2182,2.7153],[-106.3912,23.2183,1.3489],[-106.3915,23.214,1.7956],[-106.389,23.2139,3.046],[-106.3875,23.2161,2.4542],[-106.389,23.2201,1.2047],[-106.3945,23.2189,1.8119],[-106.4004,23.2198,3.8263],[-106.3972,23.2255,4.314],[-106.3954,23.2238,3.3955],[-106.3929,23.2244,3.9601],[-106.3964,23.2218,1.6195],[-106.3957,23.2203,1.4579],[-106.3916,23.2223,3.4869],[-106.39,23.2213,1.1201],[-106.3864,23.224,3.8581],[-106.3864,23.2208,1.2046],[-106.3832,23.2152,0.523],[-106.3713,23.2104,0.0],[-106.3695,23.2057,0.7611],[-106.3717,23.1994,0.9488],[-106.369,23.1989,2.9002],[-106.3684,23.1959,0.0],[-106.3593,23.1874,1.6183],[-106.3516,23.1849,0.0],[-106.3491,23.1786,1.9228],[-106.3271,23.1728,0.6419],[-106.3322,23.1602,2.0231],[-106.3296,23.1548,1.0654],[-106.3266,23.1536,0.0],[-106.3181,23.1548,2.2247],[-106.3131,23.1533,2.6753],[-106.3134,23.1505,0.772],[-106.3193,23.1511,1.1079],[-106.3221,23.1528,0.0],[-106.3275,23.1526,0.9724],[-106.3303,23.1545,1.0654],[-106.3356,23.161,2.9392],[-106.3368,23.167,0.9149],[-106.3451,23.1729,0.0],[-106.3496,23.1738,0.0],[-106.3537,23.1712,4.6728],[-106.3544,23.1766,2.8246],[-106.3566,23.1797,1.2053],[-106.3557,23.1825,0.3991],[-106.3616,23.1822,0.0],[-106.3652,23.184,0.0],[-106.3663,23.1867,0.7232],[-106.3751,23.1936,1.2898],[-106.3788,23.2032,4.7041],[-106.3768,23.2056,0.7116],[-106.3774,23.2081,0.6388],[-106.3805,23.2109,0.0],[-106.3807,23.2089,0.0],[-106.3868,23.2068,0.2046],[-106.3954,23.1962,0.0],[-106.4006,23.1929,3.5223],[-106.4022,23.1929,1.5481],[-106.4002,23.1966,0.0],[-106.4024,23.1977,1.371],[-106.3985,23.1986,0.0],[-106.401,23.2074,0.1118],[-106.4036,23.2074,0.0],[-106.4079,23.1966,0.57],[-106.4061,23.1958,5.0339],[-106.41,23.1948,2.7709],[-106.4142,23.1824,0.0],[-106.4191,23.178,0.9141],[-106.4134,23.1788,9.2133],[-106.4118,23.1804,0.0],[-106.4126,23.1822,0.0],[-106.4136,23.1817,1.3912],[-106.412,23.1861,0.6283],[-106.4085,23.1873,7.1402],[-106.4051,23.1872,5.1566],[-106.3906,23.1807,1.2808],[-106.3256,23.1269,0.0],[-106.2946,23.0955,2.7233],[-106.286,23.1029,1.3429],[-106.2833,23.1097,1.2363],[-106.2824,23.1019,9.0712],[-106.2901,23.0951,0.9693],[-106.2936,23.095,1.5122],[-106.2926,23.0931,0.0],[-106.2616,23.0713,1.3536],[-106.2336,23.0483,3.3446],[-106.1748,22.9917,0.0],[-106.0647,22.8698,0.9892],[-106.0373,22.8341,1.7248],[-106.0318,22.8305,0.0],[-106.0279,22.8316,0.0],[-105.964,22.7906,3.9433],[-105.9061,22.7422,3.6557],[-105.8717,22.7096,2.9572],[-105.8477,22.6852,0.0],[-105.8244,22.6581,4.874],[-105.8014,22.6263,2.3963],[-105.7738,22.5783,0.0],[-105.763,22.552,0.0],[-105.7591,22.5496,0.0],[-105.7573,22.5524,2.5143],[-105.7532,22.5527,2.7183],[-105.7572,22.5393,0.0],[-105.7557,22.5409,0.9011],[-105.7518,22.5408,0.5],[-105.748,22.5373,0.5],[-105.7267,22.4915,0.5],[-105.7165,22.4779,1.2435],[-105.7015,22.4685,5.1847],[-105.6792,22.4687,2.1043],[-105.6746,22.4725,0.5],[-105.6716,22.479,2.781],[-105.6754,22.5081,2.9812],[-105.6924,22.5441,1.7325],[-105.6999,22.5561,3.7961],[-105.7007,22.5634,6.3085],[-105.6981,22.5694,0.5],[-105.6913,22.5689,0.5],[-105.6863,22.5727,0.5],[-105.6836,22.5697,0.5],[-105.6793,22.5699,1.5897],[-105.6805,22.5728,1.669],[-105.6796,22.5748,0.9275],[-105.6764,22.5772,0.5],[-105.6698,22.5777,1.5535],[-105.6643,22.5848,1.614],[-105.6606,22.5864,2.9842],[-105.6573,22.5835,2.1576],[-105.6549,22.5835,2.1426],[-105.654,22.5808,1.2449],[-105.6392,22.577,3.4553],[-105.6427,22.5856,0.0],[-105.6422,22.5939,0.1382],[-105.6309,22.593,0.175],[-105.6314,22.5888,0.0],[-105.622,22.5714,0.1813],[-105.6177,22.5682,0.1123],[-105.6121,22.5682,0.0],[-105.6063,22.564,0.0],[-105.6054,22.5612,0.0],[-105.6005,22.5589,0.0],[-105.5999,22.5444,0.0977],[-105.6017,22.5422,0.0],[-105.5983,22.5367,0.0336],[-105.5926,22.5362,0.0],[-105.5899,22.5338,0.0871],[-105.5839,22.5335,0.0],[-105.576,22.5351,0.0],[-105.5762,22.538,0.0],[-105.5736,22.5393,0.0],[-105.5604,22.5373,1.051],[-105.5525,22.5391,0.3827],[-105.5399,22.5356,4.7432],[-105.54,22.5313,1.6871],[-105.5384,22.5304,2.153],[-105.5336,22.515,2.1919],[-105.5296,22.516,2.6907],[-105.5294,22.5189,2.4721],[-105.5219,22.521,3.6094],[-105.5173,22.5202,3.8497],[-105.5158,22.518,3.7949],[-105.5134,22.5185,4.4781],[-105.5132,22.517,3.2753],[-105.5096,22.517,5.6864],[-105.5032,22.5277,5.9986],[-105.5021,22.5251,5.7357],[-105.4932,22.5234,8.7887],[-105.492,22.5194,12.1455],[-105.4838,22.5177,7.5709],[-105.4807,22.5139,9.5222],[-105.4816,22.5088,8.5935],[-105.4793,22.5078,8.771],[-105.4783,22.505,9.4893],[-105.4749,22.5055,10.5779],[-105.4741,22.5029,10.227],[-105.4711,22.5056,10.563],[-105.4664,22.5054,11.1657],[-105.4632,22.5106,10.8491],[-105.4608,22.5086,11.7125],[-105.4545,22.5188,13.0835],[-105.4449,22.5216,15.1879],[-105.4417,22.5243,15.2577],[-105.4442,22.5294,14.9984],[-105.4401,22.5317,14.5407],[-105.4366,22.5375,16.0059],[-105.4346,22.55,18.9936],[-105.4377,22.5557,18.7019],[-105.4353,22.5597,25.2822],[-105.4387,22.5652,20.9314],[-105.4376,22.5849,25.4328],[-105.4391,22.5879,24.896],[-105.4524,22.5953,31.6745],[-105.4562,22.5997,31.992],[-105.4544,22.6052,32.3681],[-105.4481,22.6101,39.2731],[-105.4505,22.6268,38.3428],[-105.47,22.6252,53.948],[-105.4724,22.6265,41.8675],[-105.4739,22.6311,43.9582],[-105.4694,22.6414,46.0881],[-105.4649,22.6461,52.5363],[-105.4604,22.6475,80.2667]],
[[-109.08912661359113,26.270060420813191,0.9149],[-109.0891,26.2701,0.9149],[-109.089004,26.27007,0.9149],[-109.08912661359113,26.270060420813191,0.9149]],
[[-109.089004,26.27007,0.9149],[-109.0835,26.2705,1.1031],[-109.0859,26.2691,1.0682],[-109.089004,26.27007,0.9149]]],
[[[-108.0777,24.8194,0.0],[-108.0833,24.8214,0.4817],[-108.0818,24.8242,0.0],[-108.0851,24.8227,0.5165],[-108.0844,24.8211,0.0],[-108.0778,24.8176,2.8375],[-108.0786,24.8134,0.0],[-108.0755,24.8089,0.0],[-108.0622,24.8027,0.0],[-108.058,24.8037,0.91],[-108.0656,24.8049,0.0],[-108.0758,24.8108,0.0],[-108.0758,24.8141,2.0807],[-108.0776,24.8137,0.0],[-108.0771,24.8168,2.1596],[-108.0645,24.8061,0.9751],[-108.0633,24.8075,0.9129],[-108.0632,24.8099,0.3257],[-108.0658,24.8089,1.9032],[-108.0728,24.8146,4.3298],[-108.0689,24.8141,0.7912],[-108.0691,24.8157,0.0],[-108.0713,24.8153,1.6853],[-108.0777,24.8194,0.0]]],
[[[-108.0962,24.8521,0.3434],[-108.0975,24.8532,2.891],[-108.0957,24.8547,0.9231],[-108.0955,24.8578,0.0],[-108.0971,24.8666,2.5116],[-108.1001,24.8693,0.0],[-108.104,24.8636,1.2779],[-108.1013,24.8572,1.9152],[-108.0982,24.8559,2.2213],[-108.1001,24.8503,0.0],[-108.0977,24.85,0.475],[-108.0962,24.8521,0.3434]]],
[[[-108.0436,24.8669,0.9089],[-108.0448,24.8683,0.8232],[-108.0437,24.8649,0.0],[-108.0433,24.8662,0.9089],[-108.0436,24.8669,0.9089]]],
[[[-108.0026,24.8696,0.6556],[-108.0036,24.8683,0.0],[-107.9989,24.8693,0.0],[-108.0013,24.8703,1.9391],[-108.0026,24.8696,0.6556]]],
[[[-108.0428,24.8822,0.6108],[-108.0415,24.8818,0.0],[-108.0418,24.8831,0.6108],[-108.0432,24.8831,0.9681],[-108.0428,24.8822,0.6108]]],
[[[-108.0107,24.8468,0.0],[-108.0058,24.8513,2.8696],[-108.0064,24.854,0.0],[-108.0164,24.8491,0.0],[-108.0146,24.8519,0.0],[-108.0168,24.8493,0.0],[-108.0154,24.8475,1.6307],[-108.0176,24.8474,0.0],[-108.017,24.8442,0.0],[-108.0131,24.8479,0.95009999999999994],[-108.0136,24.849,1.5799],[-108.0107,24.8468,0.0]]],
[[[-108.002,24.8537,0.0],[-107.9991,24.8517,0.0],[-107.9975,24.8525,0.0],[-108.0003,24.8559,0.0],[-108.0046,24.8558,0.0],[-108.002,24.8537,0.0]]],
[[[-108.0375,24.8947,0.774],[-108.0369,24.8952,0.774],[-108.0385,24.897,0.785],[-108.0393,24.8943,0.444],[-108.0375,24.8947,0.774]]],
[[[-108.0402,24.9089,0.0],[-108.041,24.9074,0.0],[-108.0407,24.9067,0.0],[-108.0401,24.9073,0.0],[-108.0402,24.9089,0.0]]],
[[[-108.0224,24.9223,0.0],[-108.0223,24.9217,0.0],[-108.0206,24.9213,0.0],[-108.0207,24.9221,0.0],[-108.0224,24.9223,0.0]]],
[[[-108.0148,24.9313,0.0],[-108.0139,24.9308,0.0],[-108.0122,24.9315,0.0],[-108.0137,24.932,0.0],[-108.0148,24.9313,0.0]]],
[[[-108.037,24.9366,0.0],[-108.0355,24.9393,0.0],[-108.0394,24.9379,0.0],[-108.0387,24.9303,0.813],[-108.0383,24.9326,2.6187],[-108.0366,24.9319,0.0],[-108.0359,24.9335,0.5312],[-108.03632307692308,24.934384615384612,0.0],[-108.0381,24.9332,2.6187],[-108.0389,24.9369,0.0],[-108.037,24.9366,0.0]]],
[[[-108.03632307692308,24.934384615384612,0.0],[-108.0363,24.9344,0.0],[-108.037,24.9358,0.0],[-108.03632307692308,24.934384615384612,0.0]]],
[[[-108.0013,24.9464,0.0],[-108.0008,24.9478,0.0],[-108.0032,24.9477,0.0],[-108.003,24.9472,0.0],[-108.0013,24.9464,0.0]]],
[[[-108.1396,24.9463,0.0],[-108.1344,24.9407,1.3712],[-108.1352,24.9474,0.0],[-108.1394,24.9477,1.2287],[-108.1396,24.9463,0.0]]],
[[[-108.0033,24.9482,0.0],[-108.0047,24.9497,0.0],[-108.0036,24.9499,0.0],[-108.0052,24.9503,0.0],[-108.0053,24.949,0.0],[-108.0033,24.9482,0.0]]],
[[[-108.1482,24.9514,0.0],[-108.1426,24.9466,0.0],[-108.1437,24.9508,1.8889],[-108.149,24.9561,0.0],[-108.1482,24.9514,0.0]]],
[[[-108.0083,24.9529,0.0],[-108.0064,24.9526,0.0],[-108.0054,24.9518,0.0],[-108.0064,24.9532,0.0],[-108.0083,24.9529,0.0]]],
[[[-108.0431,24.9474,0.0],[-108.0434,24.9499,0.0],[-108.0461,24.9504,0.0],[-108.044,24.9494,0.0],[-108.0431,24.9474,0.0]]],
[[[-108.0103,24.9581,0.0],[-108.0042,24.9601,0.5855],[-108.0011,24.9662,0.0],[-108.0045,24.9611,0.0],[-108.0094,24.9591,0.0],[-108.0124,24.9607,0.0],[-108.0108,24.9587,0.0],[-108.0114,24.9539,0.0],[-108.0103,24.9581,0.0]]],
[[[-108.0538,24.9559,0.0],[-108.0549,24.9554,0.0],[-108.056,24.9601,0.0],[-108.0572,24.9577,0.0],[-108.0582,24.9585,0.0],[-108.0554,24.9541,0.4969],[-108.0538,24.9559,0.0]]],
[[[-108.0265,24.9623,0.0],[-108.029,24.9605,0.0],[-108.0289,24.9602,0.0],[-108.0241,24.9629,0.0],[-108.0265,24.9623,0.0]]],
[[[-108.0592,24.9654,0.0],[-108.0588,24.9632,0.0],[-108.0584,24.9626,0.0],[-108.0571,24.967,0.0],[-108.0592,24.9654,0.0]]],
[[[-108.0538,24.9678,0.0],[-108.0544,24.968,0.0],[-108.0546,24.9669,0.0],[-108.0541,24.9669,0.0],[-108.0538,24.9678,0.0]]],
[[[-108.0853,25.0036,0.3414],[-108.0907,25.001,0.8349],[-108.0937,25.0019,1.691],[-108.1064,25.0158,0.0],[-108.1178,25.0202,2.6858],[-108.1214,25.0277,0.0],[-108.1293,25.0356,1.8285],[-108.1339,25.0483,9.074],[-108.1371,25.0503,6.1548],[-108.1411,25.0503,3.3973],[-108.1433,25.0482,3.4153],[-108.1446,25.0427,2.2112],[-108.1384,25.0299,5.4876],[-108.1319,25.0088,0.0],[-108.131,25.0004,4.894],[-108.1345,24.9806,1.1361],[-108.1335,24.9779,0.0],[-108.1349,24.9793,0.9938],[-108.1379,24.9786,0.0],[-108.1382,24.9703,0.0],[-108.1426,24.9703,0.7084],[-108.1516,24.9772,0.0],[-108.1549,24.9817,1.3578],[-108.1562,24.9773,0.0],[-108.1579,24.9763,2.9495],[-108.1555,24.9721,2.5567],[-108.1572,24.9679,1.8663],[-108.1561,24.964,0.4267],[-108.1511,24.9604,0.0],[-108.1458,24.9669,0.4814],[-108.1348,24.9623,0.0],[-108.1339,24.9606,0.0],[-108.1402,24.9612,1.4545],[-108.1454,24.9639,0.0],[-108.1466,24.9628,0.9126],[-108.139,24.9557,3.5311],[-108.1414,24.952,0.3628],[-108.1348,24.9489,2.4135],[-108.1316,24.9431,0.0],[-108.1334,24.9402,0.0],[-108.1313,24.937,0.8773],[-108.1236,24.9343,0.4616],[-108.1213,24.9308,2.5849],[-108.1206,24.9236,2.1747],[-108.1144,24.9101,0.3809],[-108.1127,24.9096,0.0],[-108.1106,24.9123,1.5388],[-108.1069,24.9121,2.3496],[-108.1085,24.9157,0.9769],[-108.1067,24.9207,2.5021],[-108.1086,24.922,2.5021],[-108.111,24.9324,0.0],[-108.1143,24.9324,2.2495],[-108.1154,24.9338,2.5648],[-108.116,24.9403,1.5045],[-108.1205,24.9401,1.7198],[-108.1213,24.9439,1.9845],[-108.1188,24.9447,0.2207],[-108.1206,24.945,0.0],[-108.1219,24.9475,0.3512],[-108.1204,24.9499,0.9756],[-108.1176,24.9452,0.2207],[-108.1202,24.943,0.423],[-108.1196,24.9402,1.7198],[-108.1171,24.9412,1.1327],[-108.1151,24.9404,1.5045],[-108.1143,24.9339,1.1686],[-108.1101,24.9337,1.4686],[-108.1055,24.9284,0.0],[-108.1019,24.9208,6.4836],[-108.103,24.9172,0.0],[-108.0993,24.9147,1.7478],[-108.0957,24.9037,5.3534],[-108.0959,24.9003,2.9246],[-108.0986,24.9012,0.0],[-108.0997,24.893,0.3745],[-108.0951,24.8832,0.4424],[-108.0932,24.8831,0.477],[-108.0927,24.8856,3.562],[-108.088,24.8798,8.738],[-108.0875,24.8759,3.6172],[-108.0922,24.8718,1.1884],[-108.091,24.8621,0.0],[-108.0888,24.8605,0.789],[-108.0871,24.8534,0.3893],[-108.0857,24.8536,0.0],[-108.0844,24.8577,2.5232],[-108.0798,24.8565,0.624],[-108.0756,24.8474,4.0788],[-108.0773,24.8441,0.6027],[-108.0762,24.8413,0.5996],[-108.0788,24.8408,0.0],[-108.0856,24.8428,0.4415],[-108.0861,24.8465,0.887],[-108.0878,24.8463,0.887],[-108.0903,24.8371,0.0],[-108.0767,24.8312,0.648],[-108.0703,24.8248,0.0],[-108.0672,24.826,1.4618],[-108.0544,24.8223,4.7526],[-108.0504,24.8234,0.0],[-108.0488,24.8263,0.0],[-108.0516,24.8293,9.8921],[-108.0515,24.8373,0.0],[-108.0543,24.8374,3.5203],[-108.0589,24.8465,2.6463],[-108.0582,24.8527,0.6918],[-108.0639,24.8578,4.8525],[-108.0641,24.8654,2.173],[-108.067,24.8702,0.7906],[-108.0663,24.8737,1.2639],[-108.0744,24.8893,1.2485],[-108.072,24.8935,2.019],[-108.069,24.8945,2.4625],[-108.0732,24.8999,0.8416],[-108.0774,24.902,0.6068],[-108.0798,24.9061,1.5431],[-108.0772,24.9101,0.1956],[-108.0815,24.9146,0.5411],[-108.0792,24.9154,0.0],[-108.0771,24.914,0.7386],[-108.0765,24.9162,0.6364],[-108.0805,24.921,1.144],[-108.0817,24.9306,0.9726],[-108.0796,24.9334,0.8724],[-108.0821,24.9345,1.9961],[-108.0811,24.9381,0.6545],[-108.0834,24.9401,0.2595],[-108.084,24.944,3.2819],[-108.0825,24.9466,0.3442],[-108.0844,24.9513,1.4626],[-108.0844,24.9573,0.0],[-108.0879,24.9586,0.0],[-108.0891,24.9633,1.0675],[-108.0879,24.9643,1.466],[-108.0928,24.9688,1.3981],[-108.093,24.9797,0.7421],[-108.0923,24.9694,1.3981],[-108.0831,24.959,3.0117],[-108.0838,24.9523,0.9298],[-108.081,24.9478,0.7358],[-108.0828,24.945,0.4336],[-108.0826,24.9408,0.1592],[-108.0801,24.9389,0.5975],[-108.0815,24.9346,0.5069],[-108.0794,24.9348,1.0611],[-108.0785,24.9328,0.8724],[-108.081,24.9305,0.9726],[-108.0797,24.9275,0.9793],[-108.0798,24.9221,0.5239],[-108.0757,24.9152,2.6893],[-108.0783,24.9128,0.0],[-108.0759,24.9086,1.0381],[-108.0792,24.9065,1.5431],[-108.0767,24.9028,1.2394],[-108.0684,24.8963,3.7722],[-108.0688,24.8928,3.3681],[-108.0724,24.8917,0.6039],[-108.0731,24.888,0.0],[-108.0687,24.8844,2.2713],[-108.0693,24.881,1.1809],[-108.0653,24.8751,2.7344],[-108.0647,24.8693,0.5029],[-108.0623,24.8656,0.0],[-108.063,24.861,0.0],[-108.0563,24.8566,0.2997],[-108.0525,24.8423,0.0],[-108.0494,24.8398,0.0],[-108.045,24.8408,2.6241],[-108.0423,24.8439,0.0],[-108.0422,24.8497,0.0],[-108.0457,24.864,4.0337],[-108.0445,24.8866,0.8715],[-108.0456,24.8944,2.0035],[-108.0407,24.9039,0.0],[-108.044,24.9058,1.8013],[-108.0422,24.9129,0.0],[-108.0396,24.9162,0.0],[-108.0413,24.9219,0.6052],[-108.0373,24.9254,1.3784],[-108.0371,24.9283,3.0995],[-108.0397,24.9298,0.4413],[-108.0432,24.9374,2.2834],[-108.0427,24.9395,0.0],[-108.0447,24.9386,2.2834],[-108.0463,24.9403,1.8662],[-108.0532,24.9493,1.7454],[-108.0525,24.9526,0.4798],[-108.0562,24.9542,0.4969],[-108.0603,24.9609,0.0],[-108.0614,24.9665,2.2777],[-108.0605,24.9752,0.0],[-108.0591,24.9783,0.8728],[-108.0573,24.9773,0.8728],[-108.0559,24.9806,0.0],[-108.0579,24.9819,0.4979],[-108.0567,24.9836,0.0],[-108.0586,24.9869,0.0],[-108.0575,24.9946,0.0],[-108.0621,25.0004,0.0],[-108.0645,25.0067,0.0],[-108.0691,25.0115,0.0],[-108.0742,25.0131,0.0],[-108.0834,25.0101,0.0],[-108.0853,25.0036,0.3414]]],
[[[-108.0512,24.9714,0.0],[-108.0517,24.971,0.0],[-108.0506,24.9705,0.0],[-108.0505,24.9713,0.0],[-108.0512,24.9714,0.0]]],
[[[-108.0201,24.973,0.0],[-108.0173,24.9705,0.0],[-108.0186,24.9734,0.0],[-108.0216,24.9761,0.0],[-108.0201,24.973,0.0]]],
[[[-108.0029,24.9736,0.0],[-108.0036,24.9713,0.0],[-108.0017,24.976,1.0891],[-108.0029,24.9748,0.0],[-108.0029,24.9736,0.0]]],
[[[-108.1665,24.9789,0.0],[-108.1696,24.9765,0.0],[-108.1698,24.9734,1.0344],[-108.1651,24.9698,0.0],[-108.1627,24.9704,0.0],[-108.1638,24.9772,0.0],[-108.1665,24.9789,0.0]]],
[[[-108.0229,24.9781,0.0],[-108.0232,24.9774,0.0],[-108.0217,24.9766,0.0],[-108.0219,24.9771,0.0],[-108.0229,24.9781,0.0]]],
[[[-108.0364,24.9773,0.0],[-108.0347,24.9766,0.0],[-108.0333,24.9782,0.0],[-108.0346,24.9771,0.0],[-108.0364,24.9773,0.0]]],
[[[-108.0284,24.9802,0.0],[-108.029,24.9816,0.0],[-108.0308,24.9824,0.0],[-108.0297,24.9808,0.0],[-108.0284,24.9802,0.0]]],
[[[-108.0315,24.981,0.0],[-108.0325,24.9822,0.0],[-108.0335,24.9815,0.0],[-108.0331,24.981,0.0],[-108.0315,24.981,0.0]]],
[[[-108.0359,24.9835,0.0],[-108.0352,24.9828,0.0],[-108.0344,24.9834,0.0],[-108.0353,24.9838,0.0],[-108.0359,24.9835,0.0]]],
[[[-108.0261,24.9797,0.0],[-108.0266,24.9789,0.0],[-108.025,24.9793,0.0],[-108.0256,24.9801,0.0],[-108.0261,24.9797,0.0]]],
[[[-108.192,25.0136,1.1928],[-108.1956,25.0169,0.0],[-108.1952,25.0132,0.0],[-108.1851,25.001,0.8562],[-108.1853,25.0026,3.9964],[-108.192,25.0136,1.1928]]],
[[[-108.2148,25.049,0.0852],[-108.2142,25.0491,0.0852],[-108.2136,25.0503,0.0],[-108.2146,25.0502,0.0852],[-108.2148,25.049,0.0852]]],
[[[-108.0607,25.0702,0.0],[-108.0648,25.0666,0.0],[-108.0653,25.0647,0.0],[-108.0603,25.0688,0.0],[-108.0607,25.0702,0.0]]],
[[[-108.0679,25.0731,0.0],[-108.0614,25.0727,0.0],[-108.0598,25.0739,0.0],[-108.062,25.075,0.0],[-108.0679,25.0731,0.0]]],
[[[-108.2363,25.1331,0.0],[-108.2334,25.1321,1.3977],[-108.2316,25.1343,0.4099],[-108.2339,25.1402,0.0],[-108.2356,25.1423,0.0],[-108.2403,25.1424,0.4504],[-108.239,25.1369,0.1158],[-108.2363,25.1331,0.0]]],
[[[-108.241,25.1502,0.0],[-108.2403,25.1476,0.0],[-108.2389,25.1484,0.0],[-108.241,25.153199999999998,0.0],[-108.2413,25.1524,0.0],[-108.241,25.1502,0.0]]],
[[[-108.3747,25.1511,0.0],[-108.3704,25.1467,0.0],[-108.3682,25.1469,0.0],[-108.3706,25.1479,0.0],[-108.3744,25.1521,0.0],[-108.3747,25.1511,0.0]]],
[[[-108.2399,25.157,0.0],[-108.2426,25.1577,0.0],[-108.2422,25.1541,0.0],[-108.2398,25.1534,0.0],[-108.2384,25.1554,0.0],[-108.2399,25.157,0.0]]],
[[[-108.2499,25.1568,0.0],[-108.2489,25.1574,0.7036],[-108.2504,25.1596,0.0],[-108.2534,25.1543,0.0],[-108.2507,25.1552,0.6089],[-108.2499,25.1568,0.0]]],
[[[-108.367,25.1615,0.1269],[-108.3668,25.1594,0.0],[-108.3626,25.1663,0.1216],[-108.3634,25.1687,0.1751],[-108.372,25.1572,0.1399],[-108.3736,25.153199999999998,0.4327],[-108.3718,25.1494,0.0],[-108.3615,25.153,0.0],[-108.3594,25.1546,0.0],[-108.3588,25.1552,0.0],[-108.357,25.1583,0.0],[-108.3601,25.1568,0.044],[-108.3598,25.1544,0.5913],[-108.3681,25.1563,0.7212],[-108.3689,25.1552,0.7608],[-108.3693,25.1598,0.4982],[-108.367,25.1615,0.1269]]],
[[[-108.2452,25.179,0.0],[-108.2488,25.1746,1.2184],[-108.253,25.1758,0.0],[-108.257,25.1745,0.8684],[-108.2646,25.1773,0.0],[-108.2715,25.1833,0.0],[-108.273,25.1793,0.0],[-108.27,25.1698,1.892],[-108.2733,25.1635,0.0],[-108.2704,25.1603,2.2785],[-108.271,25.1574,0.747],[-108.2572,25.1537,0.1666],[-108.2532,25.1559,0.0],[-108.2522,25.1667,0.0],[-108.2462,25.1687,0.0],[-108.2416,25.1753,0.533],[-108.2432,25.179,0.6539],[-108.2452,25.179,0.0]]],
[[[-108.5031,25.2864,0.7875],[-108.5048,25.2866,0.0],[-108.5001,25.2845,0.0],[-108.5,25.2846,0.0],[-108.5012,25.285,0.0],[-108.5031,25.2864,0.7875]]],
[[[-108.5088,25.2893,0.1227],[-108.5091,25.2885,0.0],[-108.5082,25.2881,0.0],[-108.5084,25.2888,0.1227],[-108.5088,25.2893,0.1227]]],
[[[-108.511,25.2893,0.8666],[-108.5104,25.2891,0.8666],[-108.5106,25.2895,0.8666],[-108.511,25.2893,0.8666]]],
[[[-108.3459,25.184,0.6778],[-108.3443,25.1865,0.9614],[-108.3501,25.189,0.0],[-108.3524,25.1863,0.0],[-108.3513,25.1836,0.0],[-108.3485,25.1852,0.0],[-108.3459,25.184,0.6778]]],
[[[-108.3281,25.1947,2.2994],[-108.3333,25.1974,1.2293],[-108.3397,25.1966,2.666],[-108.3524,25.2083,1.3054],[-108.3564,25.2086,1.7249],[-108.3576,25.2073,1.7249],[-108.3588,25.1981,1.5309],[-108.3578,25.1955,1.3612],[-108.3525,25.196,1.5676],[-108.3404,25.1866,2.2088],[-108.3367,25.1821,2.2475],[-108.3349,25.1764,1.3028],[-108.3319,25.1752,2.3778],[-108.3324,25.1708,2.256],[-108.3351,25.169,4.6294],[-108.3422,25.1731,3.8392],[-108.3476,25.182,1.843],[-108.3519,25.1812,3.4343],[-108.3541,25.1826,3.7733],[-108.3555,25.1865,0.4432],[-108.3533,25.1907,0.0],[-108.3564,25.1904,1.4903],[-108.3631,25.1932,2.4323],[-108.3659,25.1911,0.6768],[-108.3681,25.1944,0.0],[-108.3702,25.1947,0.0],[-108.3571,25.1731,1.7768],[-108.3563,25.1667,0.0],[-108.3339,25.1649,0.0],[-108.31,25.1576,1.7496],[-108.2749,25.1433,0.0],[-108.2703,25.1448,0.0],[-108.2696,25.1479,0.6235],[-108.2738,25.1528,1.9698],[-108.2805,25.1549,1.4957],[-108.2783,25.1564,0.0],[-108.2786,25.1606,0.0],[-108.2835,25.1641,0.0],[-108.2939,25.1635,1.3993],[-108.2969,25.1619,0.7402],[-108.2929,25.1598,1.84],[-108.2927,25.1571,1.6041],[-108.2863,25.1544,3.6908],[-108.2964,25.1572,0.0],[-108.2977,25.1601,0.0],[-108.3006,25.1613,0.8201],[-108.3043,25.1603,2.056],[-108.3018,25.162,0.8201],[-108.3011,25.1655,0.532],[-108.3155,25.1767,3.72],[-108.3182,25.1804,2.4894],[-108.3167,25.1858,1.1195],[-108.3082,25.1836,0.0],[-108.3076,25.1872,0.4739],[-108.3095,25.1902,1.4285],[-108.3113,25.1911,1.1347],[-108.3154,25.1886,2.0908],[-108.3239,25.1937,2.2472],[-108.3281,25.1947,2.2994]]],
[[[-108.2581,25.1884,0.0],[-108.2594,25.1906,0.0],[-108.2606,25.1872,0.0],[-108.2595,25.1872,0.0],[-108.2581,25.1884,0.0]]],
[[[-108.3536,25.1945,0.0],[-108.3557,25.194,0.0],[-108.3564,25.1933,0.8209],[-108.3528,25.1932,0.3981],[-108.3536,25.1945,0.0]]],
[[[-108.3252,25.1231,0.3002],[-108.3225,25.1236,0.0508],[-108.3304,25.1252,1.251],[-108.3341,25.1231,0.9893],[-108.3364,25.1114,0.0],[-108.3325,25.1057,0.9741],[-108.2869,25.0771,1.8136],[-108.2573,25.0521,1.3952],[-108.2325,25.0265,1.2341],[-108.2142,25.0004,0.4329],[-108.2052,24.9834,1.8123],[-108.18,24.9449,2.0255],[-108.1362,24.8721,2.6627],[-108.1258,24.8488,0.0],[-108.123,24.8334,0.0],[-108.1112,24.8226,0.0],[-108.089,24.8134,0.0],[-108.0881,24.8149,0.0],[-108.0913,24.8248,0.0],[-108.0914,24.8219,2.7278],[-108.0954,24.8206,0.5338],[-108.0999,24.8207,0.8616],[-108.1025,24.8224,1.3816],[-108.0934,24.8243,0.4606],[-108.0932,24.8279,0.0],[-108.0955,24.8258,1.5185],[-108.0971,24.8263,2.9418],[-108.098,24.8239,1.4783],[-108.0974,24.8278,1.2957],[-108.1051,24.8298,2.5782],[-108.1107,24.8285,3.0322],[-108.112,24.8295,1.9096],[-108.1055,24.8307,2.4367],[-108.0998,24.8292,1.3586],[-108.0963,24.8306,0.0],[-108.0979,24.8332,1.2851],[-108.1004,24.8323,0.0],[-108.1039,24.8377,0.0],[-108.1023,24.841,0.0],[-108.1076,24.8605,5.7597],[-108.1068,24.8658,4.0995],[-108.1031,24.8725,1.4855],[-108.1042,24.8798,0.0],[-108.1024,24.8823,0.0],[-108.1087,24.8889,0.601],[-108.1081,24.8899,0.0],[-108.1133,24.8893,3.0671],[-108.1116,24.8898,0.664],[-108.112,24.892,0.4192],[-108.1168,24.9002,1.933],[-108.127,24.9103,1.803],[-108.1328,24.9262,1.2391],[-108.145,24.9374,0.0],[-108.1504,24.9398,5.1024],[-108.1613,24.9557,0.3799],[-108.1735,24.9653,5.2185],[-108.175,24.9691,1.7079],[-108.1802,24.9734,1.6158],[-108.1816,24.9841,0.018],[-108.1873,24.9853,4.4775],[-108.1927,24.994,0.0],[-108.1992,24.9998,0.2161],[-108.2028,25.0067,2.769],[-108.2018,25.0082,2.649],[-108.2143,25.0188,0.9599],[-108.2186,25.0261,1.984],[-108.2219,25.0271,8.3278],[-108.2187,25.0274,0.0],[-108.2182,25.0292,0.0],[-108.2233,25.0287,8.3278],[-108.2234,25.0309,2.6662],[-108.2181,25.0344,0.0],[-108.2225,25.0352,0.0],[-108.2246,25.0329,2.33],[-108.2269,25.038,0.0],[-108.2312,25.0342,4.5758],[-108.2294,25.0401,2.563],[-108.2374,25.0489,4.2087],[-108.2352,25.0518,0.0],[-108.2358,25.0548,0.0],[-108.2408,25.0539,0.7943],[-108.2544,25.0601,4.4592],[-108.2525,25.0615,0.0535],[-108.2524,25.0641,0.0],[-108.2585,25.0659,2.2151],[-108.2616,25.0691,3.3307],[-108.2655,25.0739,5.6459],[-108.2621,25.0756,0.0],[-108.2631,25.0782,1.2285],[-108.2694,25.0786,7.6073],[-108.268,25.0818,2.3306],[-108.2757,25.0911,3.4631],[-108.2821,25.093,2.3339],[-108.2841,25.0961,2.0613],[-108.2875,25.0978,0.0],[-108.2911,25.0975,1.6899],[-108.2979,25.1046,0.0],[-108.301,25.1029,1.5819],[-108.3023,25.1054,1.5359],[-108.3095,25.1086,1.0258],[-108.3096,25.1099,0.7796],[-108.3201,25.1081,0.9633],[-108.3129,25.1117,0.0],[-108.3215,25.1111,0.9408],[-108.3215,25.1154,1.0983],[-108.3172,25.1226,0.0],[-108.3176,25.1244,0.0],[-108.3311,25.114,1.2813],[-108.3319,25.1184,0.3741],[-108.3272,25.1233,1.03],[-108.3252,25.1231,0.3002]]],
[[[-108.2214,25.0772,0.0],[-108.2229,25.0765,0.0],[-108.2205,25.0726,0.0],[-108.2189,25.0736,1.2776],[-108.2214,25.0772,0.0]]],
[[[-108.2313,25.0773,1.9349],[-108.2278,25.0742,0.0],[-108.2276,25.076,2.0552],[-108.2253,25.0766,0.0],[-108.2353,25.0831,0.6305],[-108.2361,25.0871,0.0],[-108.2379,25.0833,0.0],[-108.2313,25.0773,1.9349]]],
[[[-108.2299,25.0844,0.0],[-108.2306,25.0856,0.0],[-108.2321,25.0854,2.2414],[-108.2322,25.0844,0.0],[-108.2299,25.0844,0.0]]],
[[[-108.1456,25.0938,0.0],[-108.1439,25.0953,0.0],[-108.144,25.0964,0.0],[-108.1447,25.0958,0.0],[-108.1456,25.0938,0.0]]],
[[[-108.1416,25.0972,0.0],[-108.1402,25.0975,0.0],[-108.139,25.0988,0.0],[-108.1415,25.0986,0.0],[-108.1416,25.0972,0.0]]],
[[[-108.1373,25.0983,1.5284],[-108.1359,25.0967,0.0],[-108.1281,25.0974,0.3378],[-108.1273,25.0991,0.3136],[-108.1281,25.0995,0.3136],[-108.1373,25.0983,1.5284]]],
[[[-108.3047,25.1136,0.0],[-108.307,25.1098,0.0],[-108.2956,25.1084,0.0],[-108.2926,25.1102,0.0],[-108.294,25.1138,0.0],[-108.3047,25.1136,0.0]]],
[[[-108.2523,25.0929,2.6854],[-108.2435,25.0881,0.0],[-108.2511,25.0991,0.0],[-108.2528,25.0972,0.6578],[-108.2523,25.0929,2.6854]]],
[[[-108.5405,25.3105,0.0],[-108.5408,25.3094,0.0],[-108.54,25.3091,0.0],[-108.5392,25.311,0.0],[-108.5405,25.3105,0.0]]],
[[[-108.5455,25.3144,0.0],[-108.5456,25.3133,0.0943],[-108.5446,25.3123,0.0],[-108.5444,25.3134,0.0],[-108.5455,25.3144,0.0]]],
[[[-108.7034,25.3767,0.0],[-108.7013,25.376,0.0],[-108.7014,25.3783,1.1878],[-108.707,25.3792,0.1398],[-108.7063,25.378,0.5551],[-108.7034,25.3767,0.0]]],
[[[-108.7245,25.3806,1.008],[-108.7211,25.3805,0.864],[-108.7213,25.382,0.864],[-108.7307,25.3844,0.0],[-108.7302,25.3834,0.0],[-108.7245,25.3806,1.008]]],
[[[-108.7332,25.3832,0.5773],[-108.7342,25.3845,0.4481],[-108.736,25.3834,1.1667],[-108.7339,25.3825,0.5773],[-108.7332,25.3832,0.5773]]],
[[[-109.0036,25.4412,0.3672],[-109.0125,25.4435,2.8834],[-109.0265,25.4443,0.0],[-109.0261,25.4408,0.7704],[-109.0223,25.4383,0.0],[-108.9627,25.4317,0.0],[-108.9112,25.4206,1.1085],[-108.8683,25.4047,0.0],[-108.8053,25.3739,1.833],[-108.8007,25.3738,0.6084],[-108.803,25.3795,0.2418],[-108.811,25.3778,2.3812],[-108.8092,25.3797,1.4049],[-108.8032,25.3807,0.0],[-108.8044,25.3861,0.5117],[-108.8081,25.3944,0.0],[-108.8158,25.398,0.9787],[-108.8175,25.4035,3.2824],[-108.8248,25.415,0.3695],[-108.8263,25.4145,0.3695],[-108.8259,25.4108,0.3372],[-108.8272,25.4092,0.8653],[-108.8344,25.4157,0.2462],[-108.8398,25.4154,1.3599],[-108.8423,25.4176,0.0],[-108.8459,25.4167,2.1223],[-108.8913,25.4366,0.6305],[-108.9063,25.4405,0.0],[-108.9099,25.4402,2.3376],[-108.9116,25.4377,2.4769],[-108.9161,25.441,0.0],[-108.9307,25.4359,0.4366],[-108.94,25.4374,0.0],[-108.951,25.4367,0.8818],[-108.9622,25.4404,1.3805],[-108.9835,25.4391,0.0],[-108.9899,25.4373,0.0],[-108.9986,25.4402,1.1299],[-108.9973,25.4423,0.0],[-108.9982,25.4433,0.0],[-109.0036,25.4412,0.3672]]],
[[[-108.7585,25.3766,0.0],[-108.7597,25.3771,0.0],[-108.7649,25.3725,0.0],[-108.7597,25.3739,0.0],[-108.7585,25.3766,0.0]]],
[[[-108.7457,25.3996,0.9238],[-108.7562,25.4002,1.4516],[-108.7625,25.3976,1.7581],[-108.7747,25.3962,0.5377],[-108.7797,25.3981,0.0],[-108.7825,25.3956,0.3756],[-108.782,25.393,0.0],[-108.7745,25.3857,1.0255],[-108.7715,25.3852,0.0],[-108.7715,25.3825,0.9209],[-108.7761,25.3836,2.5465],[-108.7853,25.3902,1.6515],[-108.785,25.3949,0.0],[-108.7868,25.399,0.0],[-108.79,25.3985,0.3969],[-108.7933,25.3944,0.0],[-108.7804,25.3717,0.0],[-108.7762,25.3737,0.0],[-108.771,25.3732,0.0],[-108.7697,25.3756,0.0],[-108.772,25.3742,0.365],[-108.7816,25.3763,0.0],[-108.7853,25.3824,0.4663],[-108.7721,25.3766,0.0],[-108.7609,25.3812,0.0],[-108.7665,25.3814,1.4851],[-108.7662,25.3833,-0.1712],[-108.7427,25.3828,1.4086],[-108.7394,25.3872,0.0],[-108.7419,25.3888,0.8816],[-108.7369,25.3937,1.4122],[-108.7402,25.3929,1.1807],[-108.7457,25.3996,0.9238]]],
[[[-109.0106,25.4495,0.0],[-109.0108,25.4509,0.0],[-109.0157,25.452,0.0],[-109.0144,25.4469,0.0],[-109.0106,25.4495,0.0]]],
[[[-108.7984,25.4643,1.1057],[-108.8014,25.4702,1.8509],[-108.8057,25.47,4.4734],[-108.8069,25.4662,0.0],[-108.8002,25.4627,1.0465],[-108.7984,25.4643,1.1057]]],
[[[-108.8443,25.4755,27.1718],[-108.8422,25.4734,0.7391],[-108.8385,25.4772,0.0],[-108.8388,25.4813,0.0],[-108.845,25.4826,2.78],[-108.8457,25.4785,0.0],[-108.8443,25.4755,27.1718]]],
[[[-108.7978,25.4965,5.1537],[-108.7909,25.4971,0.9388],[-108.7968,25.5006,0.0],[-108.7994,25.4977,0.0],[-108.7989,25.4956,0.0],[-108.7978,25.4965,5.1537]]],
[[[-108.8043,25.4915,2.5159],[-108.8054,25.4905,2.5159],[-108.8044,25.4894,1.939],[-108.8031,25.4908,0.0],[-108.8043,25.4915,2.5159]]],
[[[-108.816,25.521,0.5267],[-108.8174,25.5186,0.0],[-108.8162,25.5175,0.7416],[-108.8114,25.5213,1.4816],[-108.8156,25.5229,0.0],[-108.8177,25.5258,0.0],[-108.8159,25.5228,0.0],[-108.816,25.521,0.5267]]],
[[[-108.8736,25.5269,0.0],[-108.8755,25.526,18.605],[-108.8756,25.5238,27.4003],[-108.8735,25.5248,0.0],[-108.8736,25.5269,0.0]]],
[[[-108.9822,25.6026,6.5009],[-108.9843,25.603,1.9502],[-108.9848,25.6001,6.0388],[-108.9823,25.6001,6.0766],[-108.9822,25.6026,6.5009]]],
[[[-109.0119,25.6227,0.0],[-109.0136,25.6221,0.0],[-109.0156,25.6194,29.2974],[-109.011,25.6196,13.6663],[-109.0119,25.6227,0.0]]],
[[[-109.2299,25.6402,0.6215],[-109.2246,25.6422,3.6171],[-109.2219,25.6449,0.0],[-109.2284,25.6455,0.0],[-109.2287,25.6421,0.0],[-109.2321,25.6404,1.441],[-109.2299,25.6402,0.6215]]],
[[[-109.0131,25.5707,14.1741],[-109.0148,25.5651,0.0],[-109.0096,25.5713,2.7337],[-109.0112,25.5725,0.0],[-109.0131,25.5707,14.1741]]],
[[[-109.0805,25.5815,3.1474],[-109.0794,25.5834,1.0759],[-109.0841,25.5862,0.5835],[-109.0911,25.5842,0.5312],[-109.0825,25.5797,0.48],[-109.0805,25.5815,3.1474]]],
[[[-109.1529,25.5896,0.451],[-109.1557,25.5887,0.2441],[-109.1565,25.5944,0.0],[-109.159,25.5929,0.2194],[-109.1574,25.5874,0.7167],[-109.1547,25.5874,0.2441],[-109.1529,25.5896,0.451]]],
[[[-109.1014,25.5994,0.418],[-109.1067,25.6005,13.6726],[-109.1138,25.6049,2.7053],[-109.1156,25.6,0.0],[-109.1087,25.5906,23.669],[-109.1136,25.5882,0.0],[-109.1157,25.5833,4.6287],[-109.1056,25.5829,0.815],[-109.1018,25.5848,0.3377],[-109.1013,25.5859,0.0],[-109.1037,25.5842,0.5356],[-109.1103,25.5851,1.2113],[-109.1111,25.5866,1.5358],[-109.1085,25.5887,0.3191],[-109.0998,25.5877,0.0],[-109.103,25.590699999999998,1.251],[-109.0955,25.5943,0.0],[-109.1001,25.5962,0.8588],[-109.1014,25.5994,0.418]]],
[[[-108.8776,25.4836,14.6101],[-108.8788,25.4781,0.0],[-108.8769,25.4763,4.4304],[-108.874,25.4764,0.0],[-108.872,25.4795,0.0],[-108.8728,25.4829,2.7825],[-108.8753,25.4846,0.0],[-108.8776,25.4836,14.6101]]],
[[[-108.8399,25.4871,0.0],[-108.8412,25.4872,0.0],[-108.8418,25.4862,0.0],[-108.84,25.4854,0.0],[-108.8399,25.4871,0.0]]],
[[[-108.8458,25.5098,5.2879],[-108.8504,25.5127,1.4947],[-108.8546,25.5134,8.038],[-108.8589,25.5121,0.883],[-108.8638,25.507,6.2617],[-108.8643,25.5033,3.4669],[-108.8788,25.497,20.1194],[-108.8816,25.4944,18.4415],[-108.8797,25.4908,11.1493],[-108.8799,25.4872,26.2416],[-108.8726,25.4917,5.024],[-108.8719,25.4955,23.3889],[-108.8693,25.494,8.6147],[-108.87,25.4916,0.0],[-108.8655,25.494,13.5621],[-108.8608,25.4935,6.5195],[-108.8571,25.4991,10.9947],[-108.8533,25.499,20.985],[-108.8521,25.4936,0.0],[-108.8454,25.4908,8.3861],[-108.8431,25.4951,2.2722],[-108.849,25.4976,0.0],[-108.8463,25.5008,5.5072],[-108.8463,25.5033,5.2307],[-108.8442,25.5045,0.9854],[-108.8407,25.5012,10.5544],[-108.8378,25.5034,3.0356],[-108.8402,25.5077,0.0],[-108.846,25.5074,1.2906],[-108.8458,25.5098,5.2879]]],
[[[-108.8668,25.5115,10.9147],[-108.8681,25.5092,0.0],[-108.8653,25.5078,0.0],[-108.865,25.5112,0.0],[-108.8668,25.5115,10.9147]]],
[[[-108.8239,25.5055,2.1792],[-108.8204,25.5085,0.0],[-108.8185,25.5169,0.0],[-108.8223,25.5149,37.0496],[-108.8239,25.5109,18.0999],[-108.8266,25.5112,2.2591],[-108.8285,25.5094,13.233],[-108.8271,25.5052,1.0678],[-108.8332,25.4977,0.0],[-108.8348,25.4938,6.2401],[-108.8341,25.4904,2.4642],[-108.8303,25.4885,21.169],[-108.8302,25.4862,36.004],[-108.8279,25.4844,26.34],[-108.8202,25.4865,12.5871],[-108.8166,25.4841,14.2281],[-108.8141,25.4857,36.6087],[-108.8113,25.4851,0.0],[-108.8116,25.4866,1.4646],[-108.8066,25.491,0.0],[-108.8092,25.4902,13.3652],[-108.811,25.4937,0.5956],[-108.8106,25.4957,8.9847],[-108.8071,25.4967,23.019],[-108.8066,25.5001,56.359],[-108.8094,25.5012,0.0],[-108.8109,25.4984,6.0128],[-108.813,25.4985,11.4179],[-108.8142,25.5034,0.0],[-108.819,25.5018,14.4651],[-108.8239,25.5038,0.0],[-108.8239,25.5055,2.1792]]],
[[[-108.8772,25.5237,3.4595],[-108.8813,25.5225,0.0],[-108.884,25.525,0.0],[-108.8851,25.5241,0.0],[-108.8836,25.5208,15.0593],[-108.8871,25.515,0.0],[-108.8867,25.513,0.0],[-108.8815,25.5129,5.3535],[-108.8772,25.5237,3.4595]]],
[[[-109.3832,25.673,0.0],[-109.3814,25.6718,0.0],[-109.3826,25.6757,0.0],[-109.3842,25.6753,0.0],[-109.3832,25.673,0.0]]],
[[[-109.4296,25.8078,1.8805],[-109.4297,25.8084,1.8805],[-109.4336,25.8094,0.0],[-109.4323,25.8059,0.0],[-109.4296,25.8078,1.8805]]],
[[[-109.406,25.8106,0.4645],[-109.4137,25.8198,0.0],[-109.4117,25.8163,0.0],[-109.4116,25.8106,0.0],[-109.4102,25.812,0.354],[-109.406,25.8106,0.4645]]],
[[[-109.4177,25.8207,0.0],[-109.42,25.8214,0.0],[-109.4239,25.8176,0.0],[-109.4217,25.8188,0.2731],[-109.4177,25.8192,0.8842],[-109.4177,25.8207,0.0]]],
[[[-109.4111,25.8473,-0.0439],[-109.4108,25.841,0.9549],[-109.4144,25.8328,0.5169],[-109.4079,25.8356,1.0359],[-109.4011,25.8461,0.9122],[-109.4015,25.8486,0.6834],[-109.4053,25.8526,1.0648],[-109.4058,25.8561,0.6775],[-109.4106,25.8576,0.4866],[-109.4117,25.8563,0.4302],[-109.4111,25.8473,-0.0439]]],
[[[-109.4044,25.8908,1.0109],[-109.4075,25.8925,0.7193],[-109.4125,25.8912,0.4673],[-109.413,25.8895,1.0558],[-109.4098,25.8905,1.3336],[-109.4044,25.8908,1.0109]]],
[[[-109.4333,25.9137,0.8386],[-109.4338,25.9146,1.0681],[-109.429,25.9154,0.0],[-109.4385,25.9209,0.0],[-109.4391,25.9239,0.0],[-109.4374,25.9262,0.0],[-109.4406,25.925,0.0],[-109.4346,25.9122,0.2341],[-109.4225,25.8997,0.4439],[-109.4242,25.9059,0.2086],[-109.426,25.9072,0.6678],[-109.4248,25.9121,0.0],[-109.4282,25.9117,0.9867],[-109.4333,25.9137,0.8386]]],
[[[-109.4221,25.9153,0.0],[-109.4251,25.9229,0.609],[-109.4283,25.9235,0.5547],[-109.4305,25.9264,0.0],[-109.4266,25.9186,0.1548],[-109.4221,25.9153,0.0]]],
[[[-109.4448,25.9511,0.0],[-109.4477,25.949,0.0],[-109.4438,25.9369,0.0],[-109.4351,25.9388,0.5479],[-109.4349,25.9406,2.4785],[-109.4311,25.9421,1.2299],[-109.4388,25.9515,0.6224],[-109.4375,25.9594,0.0],[-109.4392,25.9623,1.081],[-109.4407,25.9618,0.0],[-109.4448,25.9511,0.0]]],
[[[-109.4386,25.9285,0.7532],[-109.4369,25.9302,0.0],[-109.4423,25.9306,0.0],[-109.4412,25.9272,0.0],[-109.4368,25.9269,0.0],[-109.4347,25.9285,0.0],[-109.4386,25.9285,0.7532]]],
[[[-109.4297,25.9291,0.0],[-109.4344,25.9325,0.1926],[-109.4415,25.935,0.6418],[-109.4272,25.9272,0.0],[-109.4297,25.9291,0.0]]],
[[[-109.4416,25.9315,0.0],[-109.4415,25.9317,0.0],[-109.4427,25.9329,0.0],[-109.4425,25.9315,0.0],[-109.4416,25.9315,0.0]]],
[[[-109.424,25.9273,0.306],[-109.4222,25.9266,0.0],[-109.4217,25.9279,1.5706],[-109.4266,25.9348,0.4439],[-109.4295,25.9358,0.5684],[-109.4243,25.9294,1.8114],[-109.4322,25.9337,0.0],[-109.4317,25.9325,1.0752],[-109.424,25.9273,0.306]]],
[[[-109.4368,25.9359,2.1802],[-109.4357,25.9338,1.2539],[-109.434,25.934,1.2539],[-109.4348,25.938,2.3952],[-109.4374,25.9374,3.0765],[-109.438,25.9356,0.0],[-109.4368,25.9359,2.1802]]],
[[[-109.4093,26.0432,0.0],[-109.4091,26.0391,1.6621],[-109.4073,26.0368,0.0],[-109.4039,26.038,1.0857],[-109.4019,26.0406,0.0],[-109.4025,26.0495,0.2145],[-109.4067,26.0566,0.0],[-109.408,26.0507,1.0916],[-109.4103,26.0481,0.3258],[-109.4086,26.0467,2.6667],[-109.4093,26.0432,0.0]]],
[[[-109.4009,26.0483,0.9264],[-109.3987,26.0427,0.2491],[-109.3983,26.0481,0.6948],[-109.4015,26.0524,0.125],[-109.4009,26.0483,0.9264]]],
[[[-109.3769,26.1009,0.0],[-109.3783,26.0992,0.0],[-109.3798,26.0973,0.0],[-109.3753,26.0984,0.5927],[-109.3769,26.1009,0.0]]],
[[[-109.2123,26.3421,0.0],[-109.2141,26.3396,0.0],[-109.2141,26.339,0.0],[-109.21,26.343,0.2199],[-109.2123,26.3421,0.0]]],
[[[-109.3179,25.6531,0.891],[-109.317,25.6557,1.1904],[-109.3213,25.6572,1.0172],[-109.3197,25.6557,0.8644],[-109.3202,25.6514,1.3459],[-109.3213,25.6549,0.4518],[-109.324,25.653199999999998,1.8079],[-109.3263,25.655,0.714],[-109.3285,25.6537,1.5397],[-109.3289,25.6552,0.0],[-109.3294,25.6541,0.8742],[-109.3329,25.6563,0.0],[-109.3342,25.6543,1.0595],[-109.342,25.6537,0.352],[-109.34,25.6511,1.5272],[-109.3413,25.6499,1.0167],[-109.3447,25.6537,0.9117],[-109.3521,25.6535,0.8381],[-109.3537,25.6519,0.2233],[-109.3486,25.6483,0.6265],[-109.3525,25.6472,0.9343],[-109.3527,25.6491,0.4285],[-109.3568,25.6522,0.0],[-109.3569,25.6506,0.5055],[-109.3585,25.6514,1.5937],[-109.3589,25.6502,0.993],[-109.3561,25.6463,0.7491],[-109.3569,25.6454,0.6597],[-109.3596,25.6496,0.993],[-109.3582,25.6533,1.9673],[-109.3637,25.6541,0.0],[-109.3613,25.653199999999998,2.6351],[-109.3649,25.6518,1.6118],[-109.3644,25.6502,0.3122],[-109.36,25.6496,0.9857],[-109.3654,25.6473,1.7588],[-109.3649,25.6496,0.3122],[-109.367,25.6509,0.0],[-109.3756,25.647,2.6173],[-109.3748,25.6429,1.2854],[-109.3686,25.6419,1.4285],[-109.3725,25.6409,0.5651],[-109.377,25.6437,0.2437],[-109.3763,25.6406,0.0],[-109.3739,25.639,1.4278],[-109.3767,25.6386,0.3836],[-109.3769,25.6402,2.2384],[-109.3818,25.6385,0.0],[-109.3855,25.6428,0.0],[-109.39,25.6416,1.2425],[-109.3917,25.6432,0.3795],[-109.3971,25.6386,0.0],[-109.3925,25.6372,0.0],[-109.3732,25.6376,0.0],[-109.3411,25.6461,1.0891],[-109.3291,25.6473,3.6926],[-109.2909,25.6447,0.1094],[-109.2509,25.6354,0.0],[-109.2153,25.6214,2.74],[-109.1917,25.6037,0.1711],[-109.1748,25.5863,0.0],[-109.1674,25.5748,0.3948],[-109.1627,25.5649,3.8399],[-109.1626,25.5607,-2.1925],[-109.1611,25.5602,0.0],[-109.1586,25.5675,0.1551],[-109.161,25.5706,0.0],[-109.1619,25.5692,0.455],[-109.1591,25.5665,0.6148],[-109.162,25.5655,1.0875],[-109.1657,25.5726,0.0],[-109.1659,25.5762,0.0],[-109.1638,25.5798,0.0],[-109.1643,25.585,0.0],[-109.1696,25.5914,4.1462],[-109.1696,25.5968,0.2749],[-109.175,25.6043,1.0106],[-109.1779,25.6051,1.5157],[-109.1815,25.6098,0.7256],[-109.1868,25.6084,1.0801],[-109.1898,25.6114,0.7007],[-109.192,25.6108,0.3742],[-109.1937,25.6141,0.6651],[-109.1987,25.6141,1.7319],[-109.2063,25.6191,3.733],[-109.1985,25.6149,1.7319],[-109.1949,25.6149,0.6651],[-109.1933,25.6172,1.6429],[-109.1887,25.6165,2.204],[-109.184,25.6136,0.0],[-109.1815,25.6159,0.7024],[-109.1817,25.618,0.0],[-109.1839,25.6185,1.8811],[-109.1888,25.6249,0.0],[-109.194,25.6252,2.3199],[-109.2053,25.6296,0.4352],[-109.2225,25.6398,1.0242],[-109.2244,25.6386,2.5024],[-109.2327,25.6393,0.2667],[-109.2336,25.6415,0.6875],[-109.2313,25.6432,0.8937],[-109.2415,25.64,1.2759],[-109.26,25.6436,1.451],[-109.2556,25.6403,4.9766],[-109.2722,25.645,2.5572],[-109.2656,25.6457,2.9907],[-109.2657,25.6478,1.4173],[-109.2707,25.6491,6.5505],[-109.2711,25.6469,2.6888],[-109.2856,25.6516,2.2497],[-109.2883,25.6506,2.3135],[-109.2848,25.6496,3.3425],[-109.2937,25.6497,2.2297],[-109.2973,25.6522,1.9325],[-109.2949,25.6535,0.7089],[-109.2965,25.6548,1.6242],[-109.3058,25.6537,1.6274],[-109.3106,25.6548,1.1411],[-109.3179,25.6531,0.891]]],
[[[-109.3731,25.6554,2.9686],[-109.3744,25.6542,1.3482],[-109.3719,25.6534,0.0],[-109.3717,25.6548,1.989],[-109.3731,25.6554,2.9686]]],
[[[-109.3531,25.6665,0.7061],[-109.3544,25.6665,3.039],[-109.3547,25.669,0.0],[-109.3613,25.6652,2.4764],[-109.3722,25.6651,1.8052],[-109.3741,25.6615,1.8406],[-109.3678,25.6586,1.4807],[-109.374,25.6566,0.8276],[-109.3693,25.6533,0.0],[-109.3623,25.6564,0.8707],[-109.3521,25.6549,0.8968],[-109.3451,25.6563,2.9631],[-109.3398,25.6554,0.7221],[-109.3408,25.6586,1.5042],[-109.3361,25.656,0.8664],[-109.3335,25.6584,1.172],[-109.3028,25.6555,1.8539],[-109.2964,25.6567,0.0],[-109.307,25.6644,0.0],[-109.3071,25.6637,0.0],[-109.2986,25.6577,0.0],[-109.3067,25.6584,1.4888],[-109.307,25.661,0.0],[-109.3136,25.6596,0.7665],[-109.3208,25.6608,1.5829],[-109.3213,25.6622,0.0],[-109.3275,25.6636,1.171],[-109.3275,25.6659,0.4754],[-109.3302,25.6681,0.8844],[-109.334,25.6656,1.114],[-109.3359,25.6666,0.6056],[-109.3477,25.6645,2.3593],[-109.3531,25.6665,0.7061]]]]}}