{"type":"Feature","properties":{"GID_1":"MEX.14_1","GID_0":"MEX","country":"México","province":"Jalisco","VARNAME_1":"NA","NL_NAME_1":"NA","TYPE_1":"Estado","ENGTYPE_1":"State","CC_1":"NA","HASC_1":"MX.JA","ISO_1":"MX-JAL","name":"Jalisco.province"},
"geometry":{"type": "MultiPolygon","coordinates": [[[[-104.6836,19.19,69.77],[-104.6804,19.1929,0.0],[-104.6833,19.1951,6.2482],[-104.6816,19.1966,0.6038],[-104.6887,19.1986,17.5479],[-104.6913,19.1964,2.6447],[-104.69,19.1952,33.6099],[-104.6914,19.1887,36.9505],[-104.6953,19.1869,46.7251],[-104.6973,19.1878,0.0],[-104.6983,19.1837,124.7483],[-104.7029,19.1786,0.0],[-104.7008,19.1799,18.5677],[-104.6978,19.1789,72.6225],[-104.6982,19.1757,0.0],[-104.6956,19.1757,0.0],[-104.6953,19.1772,55.6576],[-104.6931,19.176,0.0],[-104.6944,19.1743,0.0],[-104.6926,19.1733,0.0],[-104.6899,19.1774,10.3427],[-104.6889,19.1842,79.0259],[-104.6852,19.1848,48.2698],[-104.6844,19.1824,43.8787],[-104.6809,19.1838,39.3447],[-104.6803,19.1855,29.2169],[-104.6827,19.1876,101.3647],[-104.6816,19.1886,61.9872],[-104.6836,19.19,69.77]]],
[[[-104.6806,19.2004,2.3218],[-104.682,19.2005,0.3495],[-104.682,19.2,2.3218],[-104.6799,19.1992,0.2511],[-104.6806,19.2004,2.3218]]],
[[[-104.8153,19.2245,0.0],[-104.8134,19.2262,0.0],[-104.814,19.2317,0.0],[-104.8169,19.2232,0.0],[-104.8153,19.2245,0.0]]],
[[[-104.8132,19.2318,0.0],[-104.8121,19.2328,0.0],[-104.8135,19.2344,0.0],[-104.8137,19.2317,0.0],[-104.8132,19.2318,0.0]]],
[[[-104.4381,19.2747,56.5174],[-104.4398,19.2772,120.7371],[-104.4374,19.2792,68.5235],[-104.4292,19.2793,57.0468],[-104.4238,19.2821,124.7923],[-104.4203,19.2796,65.2581],[-104.4174,19.2803,74.7506],[-104.4132,19.2829,73.7256],[-104.4124,19.2853,85.7192],[-104.4009,19.2891,97.2427],[-104.3974,19.2858,76.0569],[-104.4025,19.2784,114.5911],[-104.4013,19.276,85.4013],[-104.4032,19.2718,91.8982],[-104.4013,19.2668,115.9824],[-104.3956,19.2713,110.2895],[-104.3843,19.272,121.0874],[-104.3743,19.2819,106.8114],[-104.3633,19.2753,139.032],[-104.3643,19.2698,153.8127],[-104.3619,19.2691,146.1659],[-104.3579,19.2706,153.4262],[-104.3439,19.2895,183.4225],[-104.3378,19.289,206.5911],[-104.3341,19.2865,197.4789],[-104.331,19.2876,193.7061],[-104.3246,19.2836,242.108],[-104.3225,19.2805,188.4185],[-104.3148,19.2794,196.556],[-104.3112,19.2832,203.5548],[-104.3106,19.2895,230.0237],[-104.3001,19.296,242.8534],[-104.2976,19.3027,254.5446],[-104.2922,19.303,274.4925],[-104.2872,19.2999,262.2774],[-104.2869,19.2969,292.5746],[-104.2836,19.297,293.1463],[-104.2815,19.3028,284.7961],[-104.2796,19.3034,275.4587],[-104.2764,19.3008,281.4377],[-104.2698,19.3019,327.2422],[-104.2675,19.3049,302.3386],[-104.2622,19.3074,326.1565],[-104.2612,19.3118,301.0867],[-104.2559,19.3099,313.938],[-104.2463,19.312,327.2732],[-104.2431,19.3094,322.2925],[-104.2342,19.3076,346.8552],[-104.2256,19.302,348.2771],[-104.2196,19.3014,349.2975],[-104.2184,19.299,351.2151],[-104.2142,19.3024,373.9409],[-104.2069,19.3,389.0784],[-104.2043,19.3036,363.2232],[-104.1967,19.2966,372.8631],[-104.1923,19.2953,375.7936],[-104.1921,19.2923,371.0017],[-104.1904,19.2923,371.6633],[-104.19,19.302,378.3759],[-104.1847,19.3036,390.2336],[-104.1856,19.3062,394.6108],[-104.1796,19.3088,411.6571],[-104.1815,19.3111,392.455],[-104.1798,19.3126,404.2685],[-104.1735,19.3143,434.3307],[-104.1698,19.313,412.9756],[-104.1688,19.3077,445.9859],[-104.1638,19.3082,423.9349],[-104.1616,19.3027,424.6221],[-104.1581,19.3108,451.9582],[-104.154,19.312,441.9796],[-104.1529,19.3152,433.4025],[-104.1448,19.3112,442.1075],[-104.1402,19.3162,462.0049],[-104.1377,19.3124,457.1305],[-104.136,19.3129,462.1388],[-104.136,19.3163,473.7806],[-104.1322,19.3209,481.3253],[-104.1299,19.3178,471.6504],[-104.1258,19.3204,485.3965],[-104.123,19.319,481.7354],[-104.1255,19.3243,507.5879],[-104.1248,19.3263,501.5993],[-104.1216,19.3275,513.6155],[-104.1247,19.3287,527.4053],[-104.1333,19.3537,1170.0493],[-104.1203,19.3601,1012.1751],[-104.1188,19.3717,828.2346],[-104.1096,19.3812,1079.851],[-104.0902,19.393,1140.4425],[-104.0842,19.4091,1071.6506],[-104.0838,19.4156,1156.2699],[-104.0709,19.4352,1129.0537],[-104.0799,19.4318,1164.5955],[-104.0805,19.4352,1233.5913],[-104.0866,19.442,1459.0994],[-104.0767,19.4802,1228.6594],[-104.0745,19.4826,1130.3401],[-104.072,19.4821,1123.7651],[-104.0721,19.4834,1123.7651],[-104.069,19.4843,1141.2977],[-104.0617,19.4977,1816.4602],[-104.0518,19.4976,1584.5983],[-104.0391,19.4847,1149.114],[-104.0056,19.4723,1656.1378],[-104.0,19.4688,1630.2319],[-103.9977,19.4716,1484.3348],[-103.9882,19.4712,1375.3401],[-103.9871,19.4743,1371.1411],[-103.974,19.4746,2263.209],[-103.9713,19.4626,2059.2588],[-103.9648,19.4542,1979.385],[-103.9309,19.4455,2401.2725],[-103.8995,19.4345,2140.365],[-103.8976,19.4363,2149.3401],[-103.898,19.4386,2161.9175],[-103.9088,19.4536,2328.2961],[-103.8973,19.4614,2270.334],[-103.8893,19.4636,2093.7751],[-103.8833,19.456,2026.1226],[-103.8794,19.4445,2032.8031],[-103.8756,19.4432,1890.3285],[-103.8727,19.4456,1792.4126],[-103.8693,19.4449,1597.8452],[-103.8638,19.4474,1193.6975],[-103.8582,19.4371,1614.3159],[-103.8592,19.4334,1730.6078],[-103.8565,19.4313,1714.557],[-103.8527,19.4313,1531.3639],[-103.8466,19.4337,1043.2148],[-103.841,19.4382,780.6107],[-103.8352,19.4397,679.0653],[-103.8241,19.4378,623.4815],[-103.828,19.4327,584.7452],[-103.8235,19.4272,592.1406],[-103.8221,19.4225,591.6633],[-103.8234,19.4169,569.6593],[-103.8193,19.4087,569.8887],[-103.8177,19.4124,635.7101],[-103.8092,19.4154,698.8322],[-103.8013,19.422,698.7478],[-103.7981,19.4218,741.1243],[-103.7927,19.4275,762.1115],[-103.7789,19.431,809.1556],[-103.7744,19.4305,838.7658],[-103.7714,19.4338,908.7078],[-103.7678,19.4346,875.999],[-103.7507,19.4457,973.2319],[-103.7353,19.4434,1051.3308],[-103.7254,19.4512,1115.5703],[-103.7183,19.4535,1162.5834],[-103.7162,19.457,1169.6123],[-103.7158,19.467,1231.4814],[-103.7083,19.4699,1272.884],[-103.7042,19.4771,1334.328],[-103.6989,19.4821,1418.8319],[-103.6988,19.4848,1429.3156],[-103.6934,19.4866,1444.702],[-103.69,19.4924,1521.6996],[-103.6848,19.4942,1583.217],[-103.6828,19.4931,1570.7023],[-103.6804,19.4959,1599.0748],[-103.6757,19.4968,1713.3263],[-103.6649,19.5026,1904.3234],[-103.6515,19.501,2222.2329],[-103.6183,19.5125,3865.1655],[-103.6062,19.5006,2948.5923],[-103.6107,19.4955,2842.394],[-103.6148,19.494,2741.8711],[-103.6124,19.4895,2602.2163],[-103.6124,19.4856,2552.5757],[-103.6154,19.475,2200.4705],[-103.6119,19.47,2083.5283],[-103.6087,19.4696,2052.9417],[-103.6077,19.4656,1984.2362],[-103.6015,19.4627,1883.504],[-103.5982,19.4554,1772.3859],[-103.5867,19.444,1632.9346],[-103.5863,19.4395,1589.7532],[-103.5789,19.4355,1525.0732],[-103.5787,19.4259,1450.527],[-103.5755,19.42,1400.8998],[-103.5771,19.4162,1376.3219],[-103.5745,19.415,1359.1606],[-103.5743,19.4116,1352.2974],[-103.5688,19.4062,1298.791],[-103.5589,19.409,1265.0896],[-103.5591,19.4076,1228.3345],[-103.5562,19.407,1209.4589],[-103.5517,19.3992,1157.9841],[-103.543,19.394,1116.3767],[-103.5425,19.3908,1093.7687],[-103.5383,19.3885,1060.4548],[-103.5363,19.381,1037.2725],[-103.5333,19.3802,1017.2698],[-103.5267,19.3728,979.3275],[-103.5222,19.3578,811.6855],[-103.52,19.3581,818.7735],[-103.5194,19.3559,800.1785],[-103.5171,19.3571,892.7112],[-103.5186,19.3546,889.5936],[-103.5047,19.3485,722.3598],[-103.5017,19.3449,822.9166],[-103.499,19.3446,749.1373],[-103.4975,19.3471,760.3309],[-103.4926,19.3465,658.6614],[-103.4927,19.3443,665.7228],[-103.4864,19.3379,591.142],[-103.4868,19.3274,581.4696],[-103.4957,19.3198,569.9486],[-103.49,19.3145,545.0913],[-103.4899,19.3107,538.1751],[-103.4922,19.3084,532.0721],[-103.4951,19.3103,539.8067],[-103.4992,19.3085,529.9606],[-103.501,19.2998,543.6053],[-103.5051,19.2993,540.3352],[-103.506,19.2962,503.3871],[-103.5092,19.2951,514.4028],[-103.5062,19.2897,488.6021],[-103.508,19.2753,483.335],[-103.5071,19.2727,505.9513],[-103.5089,19.2671,465.3561],[-103.5067,19.2664,494.3425],[-103.5079,19.2583,470.0869],[-103.5053,19.2533,530.0992],[-103.5099,19.2433,503.6836],[-103.5057,19.2362,445.3693],[-103.5077,19.2304,428.6388],[-103.5066,19.2275,468.7275],[-103.5107,19.2246,483.2487],[-103.511,19.2217,430.4358],[-103.5141,19.218,448.8481],[-103.514,19.2167,463.7299],[-103.5108,19.2164,413.9095],[-103.5099,19.2137,398.3689],[-103.5152,19.2114,394.9424],[-103.5114,19.2068,404.5228],[-103.5109,19.1997,416.8139],[-103.5035,19.1949,376.6575],[-103.4986,19.187,360.4153],[-103.4976,19.1746,357.733],[-103.5031,19.1702,369.8714],[-103.5021,19.1625,334.5385],[-103.5092,19.156,328.2343],[-103.5097,19.1489,369.6529],[-103.512,19.1465,392.0659],[-103.514,19.1383,362.2857],[-103.511,19.132,380.5112],[-103.5196,19.1245,319.5928],[-103.5236,19.1156,300.4383],[-103.5207,19.1117,292.5215],[-103.5211,19.102,309.6744],[-103.5174,19.0988,350.2065],[-103.5223,19.0928,300.2171],[-103.5265,19.0787,330.4263],[-103.5222,19.0767,249.9804],[-103.5226,19.0662,266.6768],[-103.517,19.061,238.8232],[-103.5094,19.0576,297.5945],[-103.5066,19.0494,234.9951],[-103.5013,19.0487,247.1624],[-103.4969,19.0417,233.7905],[-103.497,19.0352,248.3301],[-103.4909,19.0327,228.5545],[-103.491,19.0298,208.0098],[-103.4885,19.0276,232.7941],[-103.494,19.0218,217.1698],[-103.4945,19.0147,194.088],[-103.4987,19.012,182.5637],[-103.4939,19.0069,183.344],[-103.4908,18.9958,199.7358],[-103.4922,18.9871,183.9014],[-103.4899,18.9808,165.5],[-103.4956,18.9733,171.9801],[-103.495,18.9707,154.9402],[-103.4895,18.9687,150.5124],[-103.4886,18.9649,154.9478],[-103.4866,18.9682,167.5699],[-103.4875,18.9716,184.2599],[-103.482,18.9702,193.1238],[-103.4814,18.9754,170.4931],[-103.4837,18.9798,221.1247],[-103.4791,18.9793,168.9937],[-103.4778,18.9841,206.2377],[-103.4721,18.9851,206.5111],[-103.4715,18.9879,175.4091],[-103.474,18.989,173.1866],[-103.4727,18.9911,224.0258],[-103.4684,18.9869,176.099],[-103.4631,18.977,225.6195],[-103.4603,18.9771,193.7215],[-103.4578,18.9793,207.5358],[-103.4545,18.9785,215.9584],[-103.4504,18.9816,203.9919],[-103.4419,18.9835,202.2499],[-103.4195,18.9813,220.9556],[-103.4181,18.9782,221.2805],[-103.415,18.9784,215.8332],[-103.4166,18.9748,216.44],[-103.4138,18.9731,218.1008],[-103.4114,18.9677,228.4871],[-103.4072,18.9715,236.817],[-103.3997,18.9664,239.6397],[-103.3944,18.9674,293.5],[-103.3916,18.9707,293.5],[-103.3861,18.9726,293.5],[-103.3842,18.9778,293.5],[-103.3772,18.9802,293.5],[-103.3731,18.9769,293.5],[-103.3632,18.9766,293.5],[-103.3583,18.98,293.5],[-103.3553,18.9802,293.5],[-103.3523,18.9778,293.5],[-103.3445,18.9782,293.5],[-103.3325,18.9733,338.3877],[-103.3048,18.9858,356.4283],[-103.2994,18.9929,366.7985],[-103.2956,18.9942,379.1777],[-103.2918,18.993,370.6181],[-103.2896,18.9945,378.985],[-103.2878,18.9918,414.2049],[-103.2845,18.9984,392.5761],[-103.2822,18.9997,410.3527],[-103.2777,18.9969,428.7563],[-103.2734,18.9987,427.0184],[-103.2718,19.0017,424.325],[-103.2598,19.0037,486.4319],[-103.2579,19.0117,446.5162],[-103.2525,19.0107,460.8151],[-103.2484,19.0145,475.8165],[-103.2464,19.0121,526.6788],[-103.2405,19.014,508.3268],[-103.2394,19.016,502.2094],[-103.236,19.017,518.3165],[-103.2347,19.0201,498.3303],[-103.2311,19.0183,542.9824],[-103.2295,19.0227,537.1047],[-103.2239,19.0241,534.495],[-103.2247,19.0193,610.6396],[-103.2217,19.0095,830.8494],[-103.2179,19.007,996.9117],[-103.2174,19.0035,1148.2725],[-103.2095,19.003,1164.9238],[-103.2089,19.0,1088.0149],[-103.2106,18.9971,1052.0002],[-103.2093,18.9947,915.2234],[-103.2114,18.993,858.2873],[-103.2084,18.9899,944.6184],[-103.2069,18.9817,1066.3093],[-103.2032,18.9785,1158.9636],[-103.205,18.9696,1433.469],[-103.203,18.9653,1766.478],[-103.1886,18.9549,1877.3478],[-103.1734,18.9363,2032.0175],[-103.1624,18.9306,1931.4514],[-103.1482,18.9259,1567.9449],[-103.1345,18.9311,1388.6448],[-103.125,18.9301,1246.5308],[-103.1236,18.9376,1184.184],[-103.1082,18.9517,1025.4901],[-103.1077,18.9567,987.616],[-103.1052,18.9613,965.9867],[-103.098,18.9647,989.048],[-103.0881,18.9841,799.5463],[-103.0662,18.9963,677.332],[-103.0622,18.9954,681.249],[-103.0616,18.997,670.4261],[-103.0525,18.9981,668.5579],[-103.0551,19.0007,687.0248],[-103.0621,19.0022,732.7048],[-103.0638,19.0057,759.6039],[-103.0667,19.0223,858.4207],[-103.0632,19.0279,887.1681],[-103.0601,19.0281,938.4514],[-103.0549,19.0339,1098.4872],[-103.0506,19.0356,1246.0208],[-103.0479,19.0322,1322.4978],[-103.0332,19.0291,1025.4985],[-103.0331,19.0342,1112.8269],[-103.0304,19.0361,1029.6497],[-103.0252,19.0531,926.1337],[-103.0189,19.052,830.674],[-103.0156,19.0489,784.3445],[-103.0053,19.052,1173.6371],[-102.9908,19.0534,685.0565],[-102.9924,19.0578,891.338],[-102.9988,19.0615,887.6271],[-103.016,19.0792,1476.0491],[-103.0195,19.1038,876.751],[-103.0184,19.1058,892.1475],[-103.0127,19.1068,800.9081],[-103.012,19.1092,781.5724],[-103.0144,19.113,760.5371],[-103.0163,19.1131,776.2903],[-103.0161,19.1171,754.494],[-103.0205,19.125,692.8042],[-103.0204,19.1305,598.2013],[-103.0145,19.1356,590.728],[-103.0045,19.1376,561.8127],[-102.9997,19.1353,603.5558],[-102.9834,19.1214,742.9322],[-102.9776,19.1201,845.3743],[-102.9767,19.1264,809.2076],[-102.9794,19.1524,653.4675],[-102.9743,19.1537,541.9974],[-102.966,19.164,511.3435],[-102.9627,19.1658,481.0648],[-102.9612,19.1675,483.7312],[-102.9629,19.1696,534.1948],[-102.9623,19.172,552.7592],[-102.9601,19.1741,611.45],[-102.9578,19.1736,538.2743],[-102.9555,19.1696,511.4582],[-102.9523,19.1766,512.8484],[-102.951,19.175,505.4753],[-102.9475,19.1749,487.2632],[-102.942,19.1771,464.3141],[-102.9362,19.1736,436.8387],[-102.9351,19.182,456.7086],[-102.9274,19.1773,438.7526],[-102.9151,19.1794,419.9409],[-102.8864,19.2044,565.6478],[-102.8654,19.2113,393.9027],[-102.8654,19.2059,412.2556],[-102.8626,19.2032,394.1839],[-102.8599,19.2039,400.3873],[-102.8456,19.199,369.1292],[-102.8438,19.2026,375.1265],[-102.8314,19.2146,403.3721],[-102.8278,19.2113,390.1971],[-102.8302,19.21,387.5504],[-102.8244,19.2057,379.998],[-102.8177,19.2091,379.4442],[-102.814,19.2183,394.4794],[-102.8084,19.2233,369.9096],[-102.8,19.2235,349.7331],[-102.7938,19.2254,352.4818],[-102.7922,19.2287,350.5259],[-102.7944,19.2324,345.3979],[-102.7896,19.2396,371.5628],[-102.7902,19.2425,374.959],[-102.7857,19.2421,362.4815],[-102.7849,19.2439,368.4304],[-102.7769,19.2436,357.9449],[-102.7651,19.2486,381.7769],[-102.7538,19.2558,425.6549],[-102.7467,19.2522,414.2006],[-102.7453,19.2495,412.865],[-102.7406,19.2483,415.6187],[-102.7377,19.2422,367.9563],[-102.7279,19.2424,397.152],[-102.7127,19.2358,401.919],[-102.7071,19.2383,410.4359],[-102.7084,19.2412,400.2494],[-102.7055,19.2419,405.0856],[-102.7065,19.2436,404.2832],[-102.7053,19.2471,426.9297],[-102.7023,19.247,428.8102],[-102.6988,19.2499,432.3359],[-102.6949,19.2478,441.0368],[-102.6943,19.2384,415.086],[-102.6973,19.238,396.6352],[-102.6962,19.2359,388.9713],[-102.6983,19.2329,381.459],[-102.697,19.2317,382.1722],[-102.6992,19.2315,376.7516],[-102.7015,19.2262,368.7425],[-102.7007,19.2245,369.9416],[-102.6939,19.2263,402.7086],[-102.6766,19.218,395.5674],[-102.6699,19.2124,374.6993],[-102.6677,19.2215,381.9996],[-102.6621,19.2188,383.7924],[-102.6613,19.2286,392.3233],[-102.66,19.2299,402.3357],[-102.6562,19.2287,399.3809],[-102.6552,19.2299,410.7686],[-102.6568,19.2325,398.507],[-102.6518,19.2355,402.321],[-102.6567,19.2412,408.8471],[-102.6515,19.2431,417.4686],[-102.6497,19.247,417.43],[-102.6512,19.2492,428.545],[-102.6483,19.2499,433.3913],[-102.6488,19.2532,427.4846],[-102.6455,19.2553,431.5841],[-102.6456,19.2595,452.1083],[-102.6382,19.2627,454.4183],[-102.6431,19.2662,454.6518],[-102.6403,19.2666,468.0508],[-102.641,19.2681,461.7067],[-102.639,19.2699,479.3845],[-102.6389,19.273,486.51],[-102.6411,19.2742,486.0193],[-102.6395,19.2769,479.087],[-102.6431,19.2783,482.4537],[-102.6408,19.2809,512.2334],[-102.6396,19.2905,507.9094],[-102.6379,19.2913,507.2341],[-102.6382,19.2951,510.8934],[-102.6358,19.2973,541.1364],[-102.6345,19.3018,534.6617],[-102.6312,19.3045,534.4647],[-102.6327,19.307,538.2101],[-102.6299,19.3071,548.5134],[-102.6261,19.3149,570.9002],[-102.62,19.3152,599.0345],[-102.6112,19.3228,609.1461],[-102.6086,19.3291,641.1452],[-102.6101,19.3309,649.9607],[-102.6051,19.3385,692.9441],[-102.6055,19.3493,742.7737],[-102.6015,19.3569,779.2642],[-102.6011,19.3645,791.5541],[-102.5947,19.3712,836.0769],[-102.5946,19.3756,843.5494],[-102.588,19.3887,878.4229],[-102.5826,19.3897,919.0526],[-102.5688,19.4126,951.4049],[-102.572,19.4153,879.1379],[-102.5731,19.4201,839.9081],[-102.5767,19.422,821.9186],[-102.5768,19.4239,823.1303],[-102.5707,19.4267,852.4268],[-102.5651,19.4352,932.688],[-102.5556,19.4315,1011.3806],[-102.551,19.4254,1149.5587],[-102.5484,19.4287,1175.4379],[-102.5437,19.4296,1171.8553],[-102.5439,19.4323,1091.797],[-102.5466,19.4351,1054.8661],[-102.5525,19.4335,1050.9731],[-102.5592,19.4369,946.3368],[-102.558,19.4396,973.1647],[-102.5477,19.4395,1110.0474],[-102.5587,19.447,1030.8218],[-102.5667,19.4426,856.318],[-102.5686,19.4455,856.4059],[-102.5633,19.4649,984.3951],[-102.5558,19.4651,992.753],[-102.5548,19.4709,1082.7869],[-102.5483,19.4714,1101.9795],[-102.5468,19.4742,1140.2522],[-102.5432,19.4754,1160.6229],[-102.5427,19.478,1181.0507],[-102.5491,19.4924,1494.7977],[-102.5759,19.4981,835.4858],[-102.5738,19.5001,828.3877],[-102.5753,19.5037,864.775],[-102.5719,19.5112,927.8958],[-102.5763,19.5159,895.9977],[-102.5752,19.5219,961.2437],[-102.5769,19.5226,926.9773],[-102.5762,19.5249,994.7659],[-102.5783,19.5245,962.4499],[-102.5823,19.5283,1000.2547],[-102.5818,19.5258,1033.9481],[-102.584,19.5227,1027.0312],[-102.5865,19.523,1026.8845],[-102.5911,19.5201,1091.806],[-102.5929,19.5218,1066.5061],[-102.5985,19.5186,1280.0682],[-102.6095,19.5101,900.0625],[-102.6205,19.4988,863.2828],[-102.623,19.4975,845.2594],[-102.6289,19.5005,813.5201],[-102.6346,19.496,788.9232],[-102.6575,19.4872,1002.8824],[-102.6709,19.4906,765.3932],[-102.6688,19.4914,778.5895],[-102.672,19.4946,791.385],[-102.6704,19.4988,800.2333],[-102.6726,19.5045,826.5468],[-102.673,19.512,983.5179],[-102.6774,19.5103,914.5834],[-102.6895,19.5134,734.3297],[-102.6926,19.5102,728.56],[-102.7044,19.5072,662.8387],[-102.7122,19.4997,627.4692],[-102.714,19.5009,631.2689],[-102.7137,19.4991,611.018],[-102.7193,19.4974,602.8658],[-102.7237,19.4932,575.8527],[-102.732,19.496,600.7036],[-102.736,19.4932,598.4491],[-102.7381,19.4934,672.0013],[-102.7389,19.4987,647.5115],[-102.7302,19.5068,618.6624],[-102.731,19.5105,647.5856],[-102.7272,19.5122,657.8443],[-102.7255,19.5114,636.6732],[-102.7258,19.5088,631.6172],[-102.7246,19.5091,625.4749],[-102.7223,19.5181,663.6344],[-102.7175,19.5195,643.934],[-102.7184,19.5259,643.0084],[-102.7146,19.5308,662.3278],[-102.7167,19.5335,655.2783],[-102.7107,19.5411,689.7814],[-102.7116,19.5456,683.91],[-102.7158,19.5463,699.1706],[-102.7184,19.5503,691.4747],[-102.7163,19.5612,708.7948],[-102.7135,19.5633,729.3158],[-102.7196,19.5683,782.0035],[-102.7168,19.5706,734.2275],[-102.7206,19.5743,726.3495],[-102.7204,19.5796,735.6381],[-102.725,19.5779,723.1519],[-102.726,19.579,751.0098],[-102.7247,19.5819,746.9965],[-102.7224,19.5824,739.115],[-102.7266,19.5861,749.4454],[-102.7245,19.5854,768.8225],[-102.7211,19.5916,754.0068],[-102.7185,19.5929,794.4153],[-102.7181,19.5996,801.7078],[-102.7161,19.6002,806.1591],[-102.7159,19.6029,783.5273],[-102.7182,19.6041,785.5406],[-102.7175,19.6057,800.0858],[-102.7203,19.6059,804.3908],[-102.721,19.6077,811.4351],[-102.7188,19.6094,835.8767],[-102.7207,19.6107,813.3539],[-102.7259,19.6099,824.1392],[-102.7261,19.6131,832.6448],[-102.7285,19.6119,866.3055],[-102.7305,19.6138,838.6712],[-102.7372,19.6151,835.9063],[-102.7476,19.6128,873.6938],[-102.7532,19.6174,883.9639],[-102.7537,19.6202,899.0129],[-102.7554,19.6198,934.5269],[-102.7537,19.6229,929.2668],[-102.759,19.6249,959.7751],[-102.7609,19.6275,961.7772],[-102.7743,19.6266,1096.5802],[-102.7758,19.6277,1122.0366],[-102.7772,19.629,1175.8403],[-102.7768,19.6341,1330.3969],[-102.7796,19.6443,1513.6641],[-102.7823,19.6426,1529.8558],[-102.7833,19.6435,1565.1965],[-102.7821,19.6466,1593.4709],[-102.7875,19.6482,1657.4927],[-102.7842,19.6521,1617.4192],[-102.7872,19.6517,1651.39],[-102.7926,19.6546,1662.5092],[-102.7931,19.6614,1658.1234],[-102.7912,19.6681,1521.9921],[-102.7927,19.6707,1509.0255],[-102.7912,19.6732,1514.7911],[-102.7924,19.6746,1518.969],[-102.7997,19.6731,1371.4249],[-102.8004,19.6749,1426.4974],[-102.8057,19.6748,1479.7767],[-102.7976,19.6781,1661.7126],[-102.7955,19.6847,1610.0811],[-102.7906,19.6869,1635.8971],[-102.7922,19.6884,1695.7578],[-102.7853,19.6948,1489.9955],[-102.7822,19.6952,1308.2449],[-102.7831,19.6982,1271.5513],[-102.7805,19.7043,1351.6107],[-102.7822,19.7072,1330.282],[-102.7855,19.7082,1380.5782],[-102.7856,19.7125,1399.9027],[-102.7922,19.7177,1467.3455],[-102.7958,19.7284,1590.7606],[-102.7983,19.7288,1623.2896],[-102.8049,19.7347,1728.6715],[-102.8049,19.7383,1745.3431],[-102.8069,19.74,1776.0897],[-102.8108,19.741,1777.4084],[-102.8094,19.7434,1801.5464],[-102.8026,19.7466,1863.1338],[-102.8039,19.7522,1903.1653],[-102.8052,19.7529,1903.1653],[-102.8163,19.7499,1701.6667],[-102.8166,19.7519,1716.9443],[-102.8086,19.7596,1850.2106],[-102.8132,19.7664,1902.8853],[-102.8118,19.774,2042.5159],[-102.8128,19.776,2028.6003],[-102.8195,19.7779,2141.0791],[-102.7923,19.8141,2087.106],[-102.7872,19.8136,2063.9065],[-102.785,19.8154,1981.6606],[-102.7818,19.813,1956.9065],[-102.7747,19.8127,1843.5504],[-102.7698,19.8095,1795.7957],[-102.7627,19.8101,1760.2473],[-102.7591,19.808,1752.3384],[-102.7552,19.814,1749.2195],[-102.7506,19.8143,1736.9695],[-102.75,19.8127,1735.6974],[-102.7452,19.812,1737.1755],[-102.7446,19.8142,1727.9],[-102.7394,19.8158,1711.8823],[-102.7392,19.8177,1720.0537],[-102.745,19.8248,1743.7477],[-102.7452,19.828,1751.8943],[-102.7485,19.829,1771.2599],[-102.7496,19.8321,1781.4717],[-102.7533,19.8341,1799.3323],[-102.7493,19.8345,1815.4521],[-102.7431,19.8446,1914.3536],[-102.7351,19.8473,1784.7477],[-102.7343,19.8504,1775.7793],[-102.7304,19.8532,1759.4423],[-102.7349,19.8604,1711.89],[-102.7356,19.8674,1674.3882],[-102.7337,19.8698,1661.7328],[-102.7354,19.8722,1634.6559],[-102.7348,19.8745,1632.5411],[-102.7425,19.8788,1618.6056],[-102.7398,19.8858,1636.9797],[-102.7325,19.8904,1737.832],[-102.7312,19.8995,2160.7649],[-102.7448,19.9079,2333.8252],[-102.7706,19.9299,2313.6243],[-102.784,19.9512,1894.0693],[-102.7753,19.9586,1779.8666],[-102.7769,19.9602,1748.4702],[-102.7799,19.96,1764.5154],[-102.7903,19.9511,1867.8245],[-102.794,19.9503,1899.6436],[-102.803,19.9526,1965.6809],[-102.8057,19.9572,1979.9967],[-102.8077,19.9562,1980.4143],[-102.8093,19.9591,1993.7246],[-102.8185,19.9625,2065.1953],[-102.8191,19.9612,2063.6606],[-102.822,19.9646,2085.1155],[-102.8247,19.963,2134.5557],[-102.8467,19.9683,2315.0933],[-102.8565,19.968,2428.0879],[-102.8614,19.9698,2479.6104],[-102.8598,19.9714,2554.7461],[-102.8638,19.9706,2493.5764],[-102.882,19.9758,2189.4993],[-102.8821,19.9696,2214.4468],[-102.8856,19.9702,2225.4988],[-102.9026,19.9669,2395.8145],[-102.9263,19.9842,2060.3325],[-102.9336,19.9861,1983.3723],[-102.9364,19.9829,1965.1196],[-102.9436,19.9841,1934.1278],[-102.9458,19.9911,1936.5087],[-102.9512,19.9966,1935.1647],[-102.9549,19.9947,1937.0111],[-102.9549,19.9957,1936.0856],[-102.9585,19.9954,1942.7142],[-102.9584,19.992,1944.4099],[-102.9626,19.9927,1966.4438],[-102.9633,19.9898,1969.4636],[-102.9685,19.9911,2015.5123],[-102.9779,19.9872,2105.0068],[-102.9938,19.9839,2387.4973],[-102.9999,19.9751,2170.2095],[-103.0045,19.9717,2106.7615],[-103.0122,19.9702,2027.5481],[-103.0108,19.967,2038.7267],[-103.0155,19.9598,2077.0359],[-103.0236,19.9624,2094.6084],[-103.0252,19.9605,2079.4927],[-103.0261,19.9642,2029.1299],[-103.0294,19.9674,1992.4227],[-103.0348,19.9679,1965.1687],[-103.0362,19.9694,1976.6456],[-103.0406,19.9789,1896.422],[-103.0455,19.9836,1884.9066],[-103.0494,19.9907,1843.3347],[-103.0515,19.9916,1842.0337],[-103.0502,19.9967,1820.9829],[-103.0444,20.0,1808.952],[-103.0438,20.002,1806.0044],[-103.046,20.0026,1805.8434],[-103.0441,20.0046,1801.6396],[-103.0474,20.0049,1809.2864],[-103.0482,20.0073,1808.6038],[-103.045,20.0081,1795.0278],[-103.0456,20.0113,1801.4817],[-103.0374,20.017,1756.8156],[-103.0369,20.0218,1754.6365],[-103.0326,20.0247,1752.1106],[-103.0328,20.0262,1753.9656],[-103.0344,20.0252,1751.0885],[-103.0365,20.027,1786.7783],[-103.0357,20.0294,1747.9927],[-103.0338,20.0306,1745.657],[-103.0331,20.0293,1746.5784],[-103.0302,20.0295,1746.0574],[-103.0244,20.0333,1728.4408],[-103.0285,20.0367,1728.7659],[-103.0264,20.0393,1718.9424],[-103.0282,20.0446,1773.8711],[-103.0258,20.0465,1714.2717],[-103.0265,20.0493,1716.4801],[-103.0251,20.0499,1714.2134],[-103.0207,20.0473,1703.432],[-103.0216,20.0533,1709.3992],[-103.0244,20.0524,1716.5984],[-103.0244,20.0551,1704.0544],[-103.0261,20.056,1726.3181],[-103.0247,20.0578,1720.4048],[-103.0288,20.0583,1739.2086],[-103.0308,20.0622,1709.2783],[-103.0291,20.0647,1696.4872],[-103.0324,20.0687,1706.5295],[-103.0305,20.0727,1685.6196],[-103.0338,20.0757,1680.6606],[-103.0307,20.0785,1678.2161],[-103.0354,20.0814,1675.2716],[-103.0357,20.0839,1687.4965],[-103.0417,20.0906,1669.726],[-103.0391,20.0968,1670.0405],[-103.0361,20.0994,1697.8262],[-103.0328,20.1114,1648.3912],[-103.0354,20.1167,1641.9733],[-103.0426,20.1152,1660.1135],[-103.0421,20.121,1612.4146],[-103.0444,20.1236,1601.1362],[-103.0313,20.1268,1866.3157],[-103.0352,20.1335,1591.3877],[-103.0325,20.1364,1562.7263],[-103.0048,20.1382,1618.2703],[-103.0017,20.1351,1657.7051],[-102.9984,20.126,1704.2042],[-102.9855,20.1274,1960.1898],[-102.9706,20.1254,2076.5579],[-102.9645,20.1271,2129.7131],[-102.9638,20.1348,1826.0417],[-102.9616,20.1402,1674.9474],[-102.9596,20.1412,1678.7559],[-102.9512,20.1382,1740.1122],[-102.9473,20.1324,1826.0994],[-102.942,20.1288,1863.1549],[-102.9264,20.1296,2074.0122],[-102.9245,20.1363,2145.4546],[-102.9432,20.1498,1857.6345],[-102.954,20.1666,1762.0659],[-102.9541,20.1709,1524.7568],[-102.9402,20.1717,1531.0732],[-102.9358,20.1707,1519.0],[-102.9303,20.167,1522.2241],[-102.9103,20.1625,1520.1703],[-102.9069,20.1622,1519.2627],[-102.9018,20.1644,1519.5122],[-102.8946,20.1642,1519.4753],[-102.8869,20.1588,1519.8215],[-102.8815,20.1601,1522.5752],[-102.8755,20.1576,1520.9337],[-102.866,20.1624,1519.9497],[-102.8625,20.1544,1519.9436],[-102.8523,20.1492,1523.896],[-102.8529,20.1478,1522.2292],[-102.8557,20.1478,1525.4336],[-102.857,20.1443,1523.5164],[-102.855,20.1367,1524.1312],[-102.8501,20.1319,1523.9862],[-102.8461,20.1308,1522.1392],[-102.8454,20.1233,1526.3014],[-102.8407,20.1161,1524.1729],[-102.8375,20.1135,1525.7209],[-102.8352,20.1166,1520.2554],[-102.8243,20.108,1519.3628],[-102.8163,20.106,1519.9675],[-102.8073,20.1127,1523.6802],[-102.8019,20.123,1519.0],[-102.8074,20.1332,1538.2791],[-102.8193,20.1372,1519.0],[-102.8081,20.141,1519.0],[-102.7988,20.1418,1525.1132],[-102.792,20.1416,1528.6365],[-102.7894,20.1384,1524.3118],[-102.7847,20.1376,1525.6049],[-102.7761,20.1384,1541.8491],[-102.7744,20.1397,1524.2161],[-102.7762,20.1419,1520.2605],[-102.7671,20.1487,1521.2534],[-102.7572,20.1534,1522.041],[-102.7525,20.1486,1524.1428],[-102.7488,20.153,1523.4615],[-102.7433,20.1549,1523.0936],[-102.7302,20.1666,1522.6371],[-102.7253,20.1653,1522.2502],[-102.7089,20.1683,1522.8722],[-102.6897,20.166,1522.9717],[-102.6797,20.1715,1522.5439],[-102.6789,20.1851,1523.0189],[-102.6821,20.1909,1523.0785],[-102.6829,20.2067,1523.5546],[-102.6854,20.218,1523.3745],[-102.679,20.2269,1524.9342],[-102.6735,20.2263,1524.1344],[-102.6697,20.2308,1524.0375],[-102.6609,20.2315,1524.8088],[-102.6569,20.2286,1524.1061],[-102.6513,20.2287,1524.0144],[-102.6477,20.2248,1524.3329],[-102.6412,20.2235,1524.8265],[-102.6273,20.2294,1524.374],[-102.6201,20.2452,1523.75],[-102.6169,20.2479,1525.3203],[-102.621,20.2525,1525.4001],[-102.6172,20.255,1525.4933],[-102.6133,20.2551,1525.5137],[-102.6124,20.2592,1525.5995],[-102.6148,20.2633,1527.3243],[-102.6101,20.2691,1525.0964],[-102.5989,20.2671,1525.5542],[-102.5975,20.2617,1526.5388],[-102.5935,20.2625,1525.8495],[-102.5905,20.2585,1527.0076],[-102.5801,20.2644,1527.1346],[-102.5667,20.2656,1526.1926],[-102.5654,20.2702,1526.791],[-102.5687,20.2745,1526.7537],[-102.5646,20.278199999999998,1526.7563],[-102.5558,20.2714,1526.5886],[-102.5578,20.2636,1526.5034],[-102.555,20.2607,1527.7982],[-102.5521,20.2619,1530.1932],[-102.5471,20.2779,1532.8783],[-102.5441,20.2806,1528.7179],[-102.5359,20.279,1528.5513],[-102.5343,20.2764,1528.293],[-102.5352,20.2722,1526.7231],[-102.5313,20.2703,1527.4629],[-102.5286,20.271,1527.6736],[-102.5205,20.2773,1528.097],[-102.5201,20.2804,1528.9115],[-102.5222,20.2874,1526.573],[-102.5301,20.2908,1527.3732],[-102.5305,20.2958,1528.73],[-102.5208,20.3008,1527.5427],[-102.5119,20.3001,1529.1218],[-102.509,20.3014,1529.6416],[-102.5073,20.3035,1530.1082],[-102.5074,20.3116,1529.9397],[-102.5054,20.3159,1528.4098],[-102.4996,20.3131,1526.0056],[-102.4962,20.3079,1528.0914],[-102.4906,20.3086,1531.6428],[-102.4886,20.3109,1527.6216],[-102.4861,20.3201,1527.3906],[-102.4805,20.3252,1529.686],[-102.4678,20.3306,1530.653],[-102.4549,20.329,1528.5233],[-102.4545,20.3341,1531.233],[-102.4478,20.3383,1529.0527],[-102.4425,20.3383,1529.0435],[-102.4346,20.341,1529.5366],[-102.4286,20.3398,1529.1246],[-102.4212,20.3327,1530.9139],[-102.41,20.3335,1529.3933],[-102.3998,20.3277,1529.7329],[-102.3912,20.334,1530.7042],[-102.3826,20.3301,1530.9532],[-102.3724,20.33,1530.2834],[-102.3663,20.3279,1530.1653],[-102.3624,20.33,1529.2346],[-102.3584,20.337,1530.6454],[-102.346,20.3351,1528.6322],[-102.3424,20.34,1531.6553],[-102.3359,20.3415,1531.4863],[-102.3272,20.3495,1530.9883],[-102.3195,20.3448,1532.8124],[-102.3161,20.3446,1531.8796],[-102.309,20.3571,1534.7227],[-102.3066,20.3582,1530.4073],[-102.3005,20.3565,1530.6401],[-102.2964,20.3531,1529.6769],[-102.2921,20.353,1529.0029],[-102.2936,20.3459,1538.1002],[-102.2899,20.3408,1530.306],[-102.2861,20.3452,1532.3748],[-102.2841,20.3456,1538.9283],[-102.2771,20.3432,1530.6045],[-102.2742,20.3387,1540.3896],[-102.2676,20.3356,1530.2993],[-102.261,20.3358,1532.5673],[-102.2591,20.3394,1532.3213],[-102.2542,20.3353,1546.5601],[-102.2471,20.339,1551.7518],[-102.2414,20.3393,1536.0709],[-102.238,20.3418,1540.5565],[-102.2318,20.3415,1542.734],[-102.2262,20.3445,1541.9415],[-102.2218,20.3441,1546.512],[-102.2196,20.3509,1554.0259],[-102.2118,20.3521,1569.1857],[-102.2081,20.3567,1542.199],[-102.1966,20.3505,1555.7078],[-102.1893,20.3537,1552.5951],[-102.1754,20.356,1551.9131],[-102.1734,20.3578,1553.6979],[-102.1746,20.3617,1555.0267],[-102.1774,20.3632,1567.1637],[-102.177,20.3682,1557.5814],[-102.1733,20.3692,1562.135],[-102.1657,20.367,1583.6672],[-102.1582,20.367,1589.1284],[-102.16,20.3749,1576.4392],[-102.1675,20.3762,1572.8535],[-102.1682,20.3787,1582.6869],[-102.1505,20.3785,1596.7289],[-102.141,20.3753,1626.0352],[-102.1343,20.3759,1602.7363],[-102.1337,20.3797,1612.8568],[-102.1309,20.3812,1616.9707],[-102.1238,20.3782,1618.2773],[-102.1151,20.3811,1628.9093],[-102.1095,20.3782,1652.0181],[-102.1058,20.3786,1654.2493],[-102.0963,20.3841,1643.5306],[-102.0969,20.3892,1656.0525],[-102.0905,20.3894,1662.2284],[-102.0873,20.394,1680.3721],[-102.0885,20.3956,1691.5874],[-102.0862,20.3965,1676.9934],[-102.0845,20.405,1698.1462],[-102.0805,20.404,1703.795],[-102.0808,20.4071,1714.9167],[-102.0782,20.4068,1710.7748],[-102.0774,20.4093,1708.4507],[-102.0709,20.409,1708.2078],[-102.0713,20.4145,1710.8728],[-102.0761,20.4153,1718.8196],[-102.0757,20.4192,1715.6851],[-102.0793,20.4209,1716.0332],[-102.0786,20.4228,1716.7603],[-102.074,20.4251,1717.601],[-102.0762,20.4259,1718.1575],[-102.0766,20.4282,1718.9988],[-102.0739,20.4283,1718.9802],[-102.0713,20.4338,1723.1118],[-102.0678,20.4351,1723.7026],[-102.0681,20.4366,1724.0404],[-102.0664,20.437,1728.5553],[-102.068,20.4386,1724.9088],[-102.0661,20.439,1727.0656],[-102.0661,20.4408,1727.999],[-102.0645,20.4396,1728.1221],[-102.0618,20.4448,1731.0039],[-102.0576,20.4454,1736.634],[-102.058,20.4468,1735.7654],[-102.0558,20.4482,1738.1132],[-102.0563,20.452,1739.5295],[-102.0518,20.4524,1743.499],[-102.0513,20.4545,1742.4675],[-102.0496,20.4528,1746.0465],[-102.0476,20.4532,1748.4661],[-102.044,20.4566,1753.6013],[-102.0453,20.4641,1770.8884],[-102.0427,20.4683,1759.9202],[-102.0451,20.4718,1786.0416],[-102.0421,20.4745,1787.5665],[-102.046,20.4826,1780.2717],[-102.038,20.4921,1802.0078],[-102.0282,20.4965,1843.6028],[-102.0286,20.5014,1895.3171],[-102.0266,20.5011,1904.9458],[-102.0255,20.5061,1885.4454],[-102.0207,20.5082,1872.7084],[-102.0204,20.5149,1923.4875],[-102.0188,20.5178,1923.8169],[-102.0101,20.5261,1929.5194],[-102.0087,20.5332,1961.3318],[-102.0141,20.5426,2068.3508],[-102.0112,20.545,2125.4446],[-102.004,20.5453,2115.0522],[-102.0031,20.5472,2143.1799],[-101.9988,20.5456,2023.9337],[-101.9988,20.5413,2000.2107],[-101.9956,20.5405,1996.6974],[-101.9935,20.5416,1989.4962],[-101.994,20.5443,2059.4939],[-101.9918,20.542,1982.3085],[-101.9879,20.5453,2036.4006],[-101.9884,20.5396,1939.4471],[-101.984,20.535,1833.568],[-101.9789,20.5428,1855.9352],[-101.9762,20.5434,1882.906],[-101.9739,20.5418,1888.3809],[-101.9753,20.5487,1912.5455],[-101.9693,20.5591,1944.0138],[-101.9699,20.5688,1919.9333],[-101.9628,20.5702,1914.8667],[-101.9629,20.5744,1907.3306],[-101.9666,20.5751,1888.5634],[-101.967,20.5793,1874.2667],[-101.9593,20.5868,1857.5],[-101.958,20.5983,1867.0194],[-101.9511,20.6074,1824.3927],[-101.9525,20.6093,1817.636],[-101.9548,20.6078,1823.1841],[-101.9587,20.6088,1816.5],[-101.9561,20.6191,1848.3273],[-101.9578,20.6204,1848.3273],[-101.958,20.6267,1900.3534],[-101.9556,20.6287,1920.9359],[-101.9571,20.6326,1985.8115],[-101.9592,20.6323,1890.8706],[-101.9641,20.6389,1767.0],[-101.9661,20.6371,1769.5662],[-101.9665,20.6382,1772.688],[-101.9712,20.6376,1776.1864],[-101.9715,20.6406,1787.7712],[-101.9695,20.6414,1792.8425],[-101.9679,20.6446,1800.334],[-101.9702,20.658,1834.7505],[-101.9681,20.6636,1814.1953],[-101.9738,20.6643,1815.8953],[-101.9737,20.6607,1834.4219],[-101.9772,20.6601,1836.9685],[-101.9778,20.6575,1832.4995],[-101.9814,20.6575,1843.5818],[-101.9819,20.6633,1939.9211],[-101.9904,20.6609,1888.9832],[-101.993,20.6624,1896.4082],[-101.9953,20.6616,1922.9636],[-101.9971,20.6647,1934.1194],[-102.0023,20.6605,1971.0054],[-102.0047,20.6603,1981.5044],[-102.0104,20.664,2121.3943],[-102.0138,20.6644,2158.7212],[-102.0155,20.6685,2220.854],[-102.0141,20.6712,2345.1411],[-102.0191,20.6762,2409.4111],[-102.0177,20.6795,2368.8354],[-102.0185,20.6889,2215.4023],[-102.0123,20.7107,2054.7993],[-102.0144,20.7171,2008.0571],[-102.0203,20.7186,1984.9955],[-102.0245,20.718,2063.2361],[-102.0281,20.7198,2097.0857],[-102.0377,20.7174,2112.1887],[-102.0404,20.7232,2075.8472],[-102.0381,20.7262,2112.1602],[-102.0393,20.7283,2068.0503],[-102.0342,20.7355,2042.543],[-102.0345,20.7421,1978.4272],[-102.037,20.7427,2016.8064],[-102.0421,20.7405,2074.6606],[-102.0435,20.7374,2117.8394],[-102.0607,20.737,2190.6069],[-102.0645,20.7387,2187.7388],[-102.0608,20.7438,2147.1606],[-102.061,20.7485,2140.3848],[-102.0669,20.7475,2168.8889],[-102.0697,20.7491,2199.3501],[-102.073,20.7478,2218.6941],[-102.0736,20.7488,2219.7864],[-102.0723,20.7594,2223.9053],[-102.0656,20.7668,2189.3206],[-102.0676,20.7722,2128.1323],[-102.0736,20.7768,2079.9375],[-102.0761,20.7722,2136.4529],[-102.0784,20.7718,2164.1938],[-102.0789,20.7741,2097.4448],[-102.0811,20.7715,2164.1729],[-102.0825,20.7772,2142.1602],[-102.0866,20.779,1945.7933],[-102.0909,20.7785,2060.272],[-102.0905,20.7807,2012.0247],[-102.0959,20.7801,2077.8967],[-102.0923,20.7898,1914.2697],[-102.0897,20.7911,1893.8708],[-102.0903,20.7963,1847.1602],[-102.0871,20.8015,1832.1777],[-102.0852,20.8,1836.5681],[-102.0799,20.8018,1822.707],[-102.0813,20.8057,1820.0227],[-102.0786,20.8076,1826.5337],[-102.077,20.8114,1820.4954],[-102.0777,20.8156,1829.8961],[-102.0762,20.8182,1815.0596],[-102.0799,20.8291,1797.2142],[-102.0782,20.8313,1793.0425],[-102.0764,20.8311,1796.0503],[-102.0768,20.8346,1789.7773],[-102.0735,20.8363,1789.0004],[-102.0737,20.8379,1798.7422],[-102.0699,20.8391,1797.5631],[-102.0644,20.8382,1788.9308],[-102.0632,20.8417,1786.4244],[-102.0577,20.8433,1780.7345],[-102.0529,20.8476,1776.7407],[-102.042,20.8461,1773.3098],[-102.0386,20.8474,1769.0857],[-102.0338,20.8531,1774.4618],[-102.0218,20.8622,1764.2389],[-102.015,20.8695,1776.0018],[-102.0152,20.875,1770.1375],[-102.0126,20.8783,1757.8792],[-102.0161,20.8783,1759.2573],[-102.018,20.8833,1778.2798],[-102.0133,20.8827,1770.2711],[-102.0084,20.8854,1777.4811],[-102.0051,20.89,1772.7933],[-102.0033,20.8977,1772.4764],[-101.999,20.8998,1789.723],[-101.999,20.9018,1781.7256],[-101.9946,20.9054,1795.5505],[-101.994,20.9077,1808.2599],[-101.9892,20.9102,1827.4508],[-101.988,20.9127,1838.8845],[-101.9811,20.9148,1884.9917],[-101.9799,20.925,1919.0706],[-101.9646,20.9239,1920.9225],[-101.9631,20.9225,1921.5151],[-101.9579,20.9352,1979.6873],[-101.9462,20.9307,1928.2056],[-101.9439,20.9321,1916.9003],[-101.9449,20.9303,1842.2865],[-101.9421,20.9281,1804.9553],[-101.9389,20.9306,1786.4856],[-101.9384,20.9341,1791.8029],[-101.9368,20.9348,1784.4257],[-101.9381,20.9349,1791.8029],[-101.9372,20.936,1788.8396],[-101.9391,20.9381,1791.8433],[-101.9382,20.9403,1796.6714],[-101.9395,20.9425,1855.7357],[-101.9378,20.9457,1846.7717],[-101.9391,20.9502,1852.9226],[-101.9371,20.9558,1905.5262],[-101.9332,20.9575,1945.7872],[-101.9348,20.9605,1959.1812],[-101.9311,20.9632,1968.078],[-101.9314,20.9671,1970.9218],[-101.9222,20.9719,2007.0409],[-101.9257,20.978,1970.7251],[-101.9245,20.9786,1978.6783],[-101.9247,20.9832,2015.9869],[-101.9208,20.984,2025.2705],[-101.9087,20.9986,2096.9189],[-101.9082,21.0045,2131.5916],[-101.9101,21.005,2148.4277],[-101.9077,21.0061,2142.9463],[-101.9054,21.0118,2186.8574],[-101.9051,21.0234,2110.2522],[-101.9066,21.0288,2035.0338],[-101.9023,21.0321,1859.8784],[-101.8966,21.0478,1870.9636],[-101.9003,21.0501,1859.005],[-101.9013,21.053,1851.7288],[-101.8945,21.0512,1848.0059],[-101.8929,21.0558,1841.1942],[-101.8749,21.0701,1806.9517],[-101.875,21.0759,1805.1938],[-101.8778,21.0854,1808.1132],[-101.875,21.0929,1833.3965],[-101.8713,21.0953,1841.6033],[-101.8375,21.0968,1780.0023],[-101.8367,21.0998,1781.3475],[-101.828,21.1001,1839.5729],[-101.8271,21.103,1825.9578],[-101.8238,21.1031,1859.8623],[-101.8177,21.107,1871.864],[-101.8203,21.1187,1844.7428],[-101.8268,21.1221,1860.6627],[-101.8308,21.1194,1829.9225],[-101.8334,21.1373,1843.2223],[-101.8224,21.1359,1833.1711],[-101.8118,21.1412,1850.5695],[-101.8101,21.1485,1931.8326],[-101.8157,21.1495,1887.0719],[-101.8122,21.1549,1909.3772],[-101.8048,21.1585,1945.7501],[-101.8055,21.1646,1941.4243],[-101.804,21.1663,1926.3684],[-101.7873,21.1564,1971.2188],[-101.783,21.1578,1981.3931],[-101.7811,21.1605,1980.4548],[-101.7837,21.1712,1998.8014],[-101.7811,21.176,2021.0269],[-101.7813,21.1811,1989.6255],[-101.7798,21.1842,2024.0197],[-101.7807,21.1914,2051.3657],[-101.7744,21.1966,2054.6069],[-101.7737,21.2235,2076.103],[-101.7712,21.2347,2049.7251],[-101.7659,21.2422,2201.5688],[-101.7546,21.2439,2275.4084],[-101.7682,21.2577,2049.2263],[-101.7657,21.2601,2112.3945],[-101.7594,21.2606,2090.9382],[-101.7578,21.2637,2176.4377],[-101.7597,21.2676,2200.3057],[-101.7496,21.272,2125.5913],[-101.7427,21.2714,2143.9443],[-101.7385,21.2692,2158.9417],[-101.7369,21.27,2162.1501],[-101.7358,21.2773,2203.0771],[-101.7094,21.2807,2117.4624],[-101.7072,21.2765,2104.8005],[-101.702,21.2755,2037.5385],[-101.6989,21.2778,2041.3267],[-101.6977,21.2838,2074.3296],[-101.6867,21.2941,2263.0547],[-101.6762,21.2884,2226.7246],[-101.6629,21.2866,2473.6047],[-101.6594,21.2882,2428.7371],[-101.6599,21.2896,2367.5776],[-101.6585,21.2896,2381.27],[-101.654,21.2959,2446.4583],[-101.6432,21.2993,2534.9106],[-101.6413,21.3041,2561.0063],[-101.6409,21.3147,2703.6821],[-101.6431,21.322,2646.4111],[-101.6461,21.3258,2671.9719],[-101.6454,21.3344,2650.804],[-101.6466,21.3381,2698.3401],[-101.6447,21.3396,2707.5854],[-101.6428,21.3551,2664.8982],[-101.6516,21.3653,2572.7358],[-101.6516,21.3696,2622.5178],[-101.6547,21.3701,2597.5627],[-101.6556,21.3733,2604.1687],[-101.6687,21.3809,2647.5208],[-101.6725,21.3865,2685.8875],[-101.6754,21.3867,2679.6296],[-101.6762,21.3898,2727.2095],[-101.6775,21.3882,2715.7688],[-101.6795,21.3895,2711.5193],[-101.6776,21.3951,2699.3767],[-101.6719,21.3982,2633.9336],[-101.6704,21.4023,2666.499],[-101.6688,21.4018,2615.9055],[-101.6585,21.4068,2600.2058],[-101.651,21.4069,2577.1582],[-101.6384,21.41,2618.3591],[-101.6309,21.4073,2590.8582],[-101.6188,21.4154,2573.1582],[-101.6066,21.415,2533.3284],[-101.6061,21.417,2522.6116],[-101.6003,21.4205,2502.9258],[-101.5969,21.421,2488.5337],[-101.5891,21.4151,2461.0259],[-101.5787,21.4184,2524.0857],[-101.5704,21.4185,2513.2437],[-101.5733,21.4197,2524.1143],[-101.5804,21.4283,2442.2554],[-101.58,21.4329,2411.9551],[-101.5822,21.4333,2374.3564],[-101.5801,21.4359,2362.9514],[-101.5826,21.4442,2332.1035],[-101.5819,21.4478,2323.999],[-101.5879,21.4424,2262.3555],[-101.59,21.4456,2239.2722],[-101.5901,21.4502,2281.054],[-101.5867,21.4526,2236.8418],[-101.59,21.4568,2260.6714],[-101.5885,21.4606,2220.5474],[-101.589,21.4649,2213.8684],[-101.6269,21.5098,2228.3862],[-101.627,21.5136,2173.0632],[-101.6324,21.5191,2207.884],[-101.6403,21.5136,2166.2524],[-101.6394,21.5171,2075.0464],[-101.6413,21.5266,2073.8245],[-101.6359,21.5324,2022.158],[-101.63,21.5323,2021.8678],[-101.629,21.5353,2020.0306],[-101.6261,21.5346,2022.1068],[-101.62,21.5411,2042.5144],[-101.6236,21.5454,2042.4183],[-101.6224,21.5468,2034.9711],[-101.6191,21.5461,2037.3801],[-101.6194,21.5485,2040.3779],[-101.6216,21.5491,2040.2195],[-101.6217,21.5519,2044.0781],[-101.6161,21.5544,2047.1367],[-101.6174,21.5566,2061.8806],[-101.6164,21.5581,2055.4609],[-101.6104,21.5587,2082.7385],[-101.6073,21.562,2064.155],[-101.6098,21.5634,2059.9065],[-101.6065,21.5639,2067.6379],[-101.6066,21.5749,2079.5825],[-101.6122,21.5753,2094.9985],[-101.6104,21.5812,2082.6272],[-101.6123,21.5829,2085.4424],[-101.611,21.5853,2084.1394],[-101.6079,21.584,2087.0557],[-101.6071,21.5884,2096.3589],[-101.6052,21.5889,2099.1084],[-101.6029,21.5939,2134.8647],[-101.601,21.5934,2109.3359],[-101.5958,21.6003,2161.8999],[-101.5952,21.6035,2131.9355],[-101.597,21.6058,2112.3782],[-101.5953,21.61,2126.6233],[-101.5935,21.6115,2117.7422],[-101.586,21.6078,2141.1665],[-101.5834,21.614,2178.7251],[-101.584,21.6212,2164.075],[-101.5802,21.6255,2170.3098],[-101.5844,21.6311,2153.9265],[-101.5957,21.6331,2130.6924],[-101.5948,21.6347,2129.814],[-101.5961,21.6371,2139.6082],[-101.593,21.6395,2131.7891],[-101.589,21.652,2136.9387],[-101.5833,21.6567,2138.5435],[-101.5845,21.6622,2140.6057],[-101.5814,21.667,2141.366],[-101.5848,21.6702,2142.1396],[-101.5825,21.6707,2142.3699],[-101.5826,21.6726,2143.4888],[-101.5778,21.677,2144.8086],[-101.5691,21.6923,2151.5513],[-101.5701,21.6963,2152.9434],[-101.572,21.6952,2159.4333],[-101.5734,21.6994,2160.9316],[-101.5803,21.7035,2164.5723],[-101.584,21.7096,2167.4622],[-101.5781,21.7119,2167.0176],[-101.5712,21.7064,2163.8618],[-101.5709,21.7043,2163.2441],[-101.5577,21.7351,2177.8379],[-101.5663,21.7334,2190.1284],[-101.5797,21.7364,2187.564],[-101.5823,21.7727,2199.0586],[-101.5848,21.7716,2202.3081],[-101.5857,21.7788,2202.4944],[-101.5602,21.7799,2192.9111],[-101.5388,21.7773,2221.5554],[-101.5105,21.7991,2239.2063],[-101.5178,21.8148,2256.8162],[-101.5198,21.813,2255.75],[-101.522,21.818,2262.0454],[-101.5298,21.8131,2256.0549],[-101.5278,21.8092,2255.3245],[-101.537,21.8105,2233.2759],[-101.5482,21.8341,2227.1719],[-101.5614,21.8361,2209.6802],[-101.562,21.84,2210.1587],[-101.566,21.842,2208.4668],[-101.5628,21.8554,2208.5229],[-101.5647,21.8642,2206.113],[-101.5644,21.8723,2206.304],[-101.5652,21.8764,2204.8394],[-101.5664,21.8764,2204.8394],[-101.5691,21.8947,2204.1843],[-101.5698,21.9171,2196.2883],[-101.5779,21.9158,2192.2185],[-101.5784,21.9171,2192.1279],[-101.5836,21.9156,2193.9146],[-101.5834,21.9145,2193.7632],[-101.5909,21.9154,2205.5339],[-101.5923,21.9096,2211.0547],[-101.5958,21.91,2216.1208],[-101.6115,21.9192,2229.5645],[-101.6167,21.9294,2254.2004],[-101.6209,21.9176,2247.9023],[-101.6262,21.9146,2233.146],[-101.6289,21.9109,2197.7173],[-101.6368,21.9077,2178.9426],[-101.6447,21.9098,2167.5613],[-101.6501,21.9074,2157.0422],[-101.6496,21.9203,2149.2432],[-101.654,21.9242,2142.3711],[-101.6525,21.9244,2142.137],[-101.6541,21.9274,2138.5522],[-101.6523,21.9278,2137.6658],[-101.6546,21.9306,2135.7234],[-101.6579,21.9298,2136.3337],[-101.6564,21.9336,2134.2444],[-101.659,21.936,2131.3188],[-101.6571,21.9393,2128.5886],[-101.6597,21.9406,2127.7205],[-101.6591,21.9416,2127.7205],[-101.6691,21.9458,2121.707],[-101.6829,21.9629,2121.7705],[-101.7107,21.9739,2125.2546],[-101.7091,21.9799,2127.4497],[-101.7323,21.9951,2150.8882],[-101.73,22.0021,2155.167],[-101.751,22.0146,2181.3547],[-101.7597,22.009,2179.4795],[-101.7776,22.0073,2179.1506],[-101.7772,22.0153,2184.6631],[-101.7788,22.0153,2184.6631],[-101.7789,22.0176,2187.6472],[-101.7848,22.0227,2187.6934],[-101.7844,22.0241,2185.375],[-101.7934,22.0233,2199.2383],[-101.8043,22.0253,2167.9773],[-101.8012,22.0283,2149.5054],[-101.8014,22.031,2153.6985],[-101.8075,22.0232,2143.7261],[-101.8157,22.02,2125.2058],[-101.8305,22.0215,2120.4724],[-101.8406,22.0266,2110.4927],[-101.8617,22.0289,2097.9365],[-101.8611,22.0221,2096.395],[-101.8583,22.0209,2098.0002],[-101.8611,22.0211,2097.5488],[-101.8604,22.0174,2097.3667],[-101.8622,22.0147,2100.9692],[-101.861,22.0107,2103.4395],[-101.8622,22.0088,2106.4795],[-101.8604,22.0079,2108.3643],[-101.8623,22.0062,2110.7271],[-101.861,21.9987,2126.0],[-101.8638,21.99,2142.0425],[-101.8913,21.9766,2197.3728],[-101.8951,21.9845,2155.6973],[-101.8947,21.9897,2185.7756],[-101.9068,21.992,2114.604],[-101.9126,21.9975,2104.9463],[-101.9094,21.989,2119.3818],[-101.9037,21.9858,2133.3003],[-101.9001,21.9867,2161.293],[-101.8982,21.9833,2203.0977],[-101.8958,21.9633,2248.0132],[-101.8978,21.9584,2257.9314],[-101.8904,21.951,2292.9995],[-101.8858,21.9326,2433.25],[-101.8818,21.9381,2417.0286],[-101.8846,21.9392,2373.7776],[-101.8797,21.9439,2390.4504],[-101.8727,21.9465,2415.0784],[-101.8676,21.9451,2409.2688],[-101.8653,21.9475,2383.147],[-101.8566,21.9431,2357.0718],[-101.8451,21.9442,2337.2805],[-101.8353,21.9418,2388.6191],[-101.838,21.9073,2431.0125],[-101.8802,21.9101,2392.5466],[-102.02,21.8625,1991.4857],[-102.0208,21.8512,1991.5806],[-102.0384,21.8532,1990.7544],[-102.0386,21.8356,1986.9307],[-102.0411,21.8358,1986.4359],[-102.0417,21.8231,1984.2396],[-102.0551,21.8164,1984.3468],[-102.0529,21.8133,1981.7177],[-102.058,21.8019,1980.266],[-102.0637,21.7977,1979.7797],[-102.072,21.7827,1978.2811],[-102.0831,21.7871,1982.9138],[-102.0946,21.7777,1986.8433],[-102.0862,21.7673,1975.0707],[-102.1021,21.761,1971.7307],[-102.1034,21.7584,1970.5432],[-102.1022,21.7539,1971.7406],[-102.1046,21.7534,1970.4513],[-102.1043,21.751,1971.3342],[-102.1093,21.7494,1969.9178],[-102.1117,21.7455,1969.2189],[-102.1159,21.7447,1969.7649],[-102.1164,21.7431,1969.0431],[-102.1139,21.7408,1973.199],[-102.1156,21.736,1979.7517],[-102.1209,21.7364,1979.0576],[-102.1256,21.7257,1992.4004],[-102.1283,21.7267,1992.4861],[-102.1303,21.7232,1992.3796],[-102.1363,21.7205,1987.8174],[-102.1421,21.7054,2000.2173],[-102.1436,21.7062,2000.2228],[-102.1456,21.7044,2001.9825],[-102.1473,21.7058,2000.9801],[-102.1549,21.7,2010.191],[-102.1666,21.7025,2025.4969],[-102.1664,21.706,2022.0139],[-102.1714,21.707,2029.6307],[-102.1779,21.6882,2038.3618],[-102.2143,21.6948,2089.4673],[-102.2142,21.6866,2131.0874],[-102.2185,21.6834,2159.5437],[-102.218,21.6777,2109.7864],[-102.2217,21.6725,2114.2466],[-102.2205,21.6716,2180.7815],[-102.2264,21.6578,2288.0068],[-102.2376,21.652,2180.2522],[-102.2509,21.6551,1969.1528],[-102.2752,21.654,1893.9238],[-102.2796,21.6606,1896.031],[-102.2794,21.6644,1877.6301],[-102.304,21.6667,1823.7158],[-102.3019,21.6613,1840.2502],[-102.3026,21.6546,1843.5061],[-102.2954,21.6531,1878.2704],[-102.3102,21.6266,1840.8],[-102.3211,21.6301,1824.1133],[-102.3257,21.6223,1828.5627],[-102.3669,21.6428,1841.2107],[-102.3695,21.6506,1836.6813],[-102.3851,21.652,1805.52],[-102.3873,21.6526,1816.7424],[-102.3869,21.6538,1827.1375],[-102.4075,21.6595,1872.3573],[-102.4046,21.6656,1878.7192],[-102.4134,21.6668,1851.6685],[-102.425,21.6718,1845.1014],[-102.4415,21.6734,1845.578],[-102.4512,21.682,1769.3701],[-102.4539,21.681,1763.0725],[-102.4525,21.6784,1769.9545],[-102.4611,21.6793,1789.9196],[-102.4545,21.6825,1764.8958],[-102.4547,21.6852,1762.2523],[-102.4521,21.6869,1762.6882],[-102.4546,21.6895,1765.7609],[-102.4569,21.6981,1779.5852],[-102.4684,21.6979,1803.9885],[-102.4758,21.6949,1804.1014],[-102.4765,21.7021,1825.615],[-102.5425,21.7326,1935.0065],[-102.541,21.7356,1978.4729],[-102.549,21.7386,1994.6484],[-102.5525,21.7427,1959.902],[-102.5674,21.7446,1928.5992],[-102.5748,21.7423,2035.8538],[-102.5963,21.744,1979.582],[-102.5968,21.755,1987.98],[-102.6012,21.7558,2026.8246],[-102.6063,21.7511,2076.5142],[-102.6135,21.755,2105.6707],[-102.6181,21.7557,2159.2786],[-102.6335,21.7673,2674.5789],[-102.6435,21.7619,2723.314],[-102.6509,21.7654,2633.7009],[-102.6596,21.7624,2641.209],[-102.6659,21.7647,2664.1299],[-102.6689,21.7641,2563.1838],[-102.6719,21.7619,2583.6562],[-102.6752,21.7556,2500.4575],[-102.6788,21.7532,2433.8938],[-102.6907,21.7524,2568.5859],[-102.6923,21.7466,2451.3149],[-102.6973,21.7415,2499.9438],[-102.6974,21.7346,2444.3145],[-102.6953,21.7325,2449.561],[-102.6963,21.7288,2444.2251],[-102.714,21.7301,2388.8394],[-102.7156,21.7341,2289.9583],[-102.7176,21.7331,2330.2007],[-102.7197,21.7288,2445.3411],[-102.7188,21.727,2382.4719],[-102.7202,21.7216,2396.7471],[-102.7228,21.7191,2402.075],[-102.7373,21.7156,2569.98],[-102.7416,21.721,2649.5276],[-102.7441,21.7192,2619.5603],[-102.7453,21.7201,2620.1765],[-102.7615,21.6929,2526.6738],[-102.766,21.6895,2475.1833],[-102.7665,21.6869,2484.0466],[-102.7763,21.6836,2292.3416],[-102.7792,21.6792,2227.2246],[-102.7831,21.6782,2170.6108],[-102.7861,21.6749,2106.4924],[-102.7894,21.6749,2075.1729],[-102.7918,21.677,1994.707],[-102.7955,21.6759,1982.8159],[-102.798,21.6703,2233.1196],[-102.8017,21.6717,2203.2622],[-102.8053,21.671,2024.2966],[-102.8021,21.667,2171.7314],[-102.7952,21.6635,2206.7205],[-102.7887,21.6636,2242.3682],[-102.7836,21.6598,2281.2673],[-102.7734,21.6583,2335.2087],[-102.7735,21.6548,2349.5801],[-102.7798,21.6515,2384.301],[-102.7836,21.6467,2589.0764],[-102.7804,21.6448,2482.2324],[-102.7792,21.6399,2526.6606],[-102.7776,21.6389,2544.9011],[-102.7776,21.6322,2471.3645],[-102.7744,21.6269,2424.4509],[-102.7754,21.6216,2370.8872],[-102.7708,21.6148,2287.4771],[-102.7709,21.6118,2240.5156],[-102.7675,21.6084,2157.9595],[-102.7684,21.6037,2141.8464],[-102.7647,21.5961,2125.6777],[-102.7374,21.5868,2129.124],[-102.7353,21.5911,2159.0083],[-102.7295,21.5931,2221.7725],[-102.7254,21.5898,2219.4133],[-102.7239,21.5867,2219.3486],[-102.7246,21.5842,2225.6201],[-102.7219,21.5809,2215.3225],[-102.7221,21.5766,2194.4858],[-102.718,21.5762,2146.1394],[-102.7171,21.5713,2138.585],[-102.7115,21.5729,2154.7158],[-102.7089,21.5718,2173.2114],[-102.6951,21.5729,2216.1868],[-102.6923,21.5631,2147.145],[-102.6971,21.5515,2075.3281],[-102.6964,21.543,2018.2836],[-102.6922,21.5421,2002.377],[-102.6893,21.5449,2021.1382],[-102.6872,21.5425,2002.041],[-102.6825,21.5439,2027.2546],[-102.6652,21.5399,1987.1799],[-102.6596,21.5336,1959.4631],[-102.6553,21.5354,1948.4238],[-102.651,21.5344,1937.2435],[-102.642,21.5359,1921.5787],[-102.6307,21.534,1888.8414],[-102.6312,21.5279,1928.3145],[-102.6388,21.5234,1934.2197],[-102.6422,21.5187,1937.7665],[-102.6299,21.5083,1917.0967],[-102.6248,21.5014,1899.8677],[-102.6322,21.4969,1880.191],[-102.6327,21.4909,1852.8438],[-102.6381,21.4827,1807.5762],[-102.6343,21.4817,1805.7097],[-102.6367,21.4771,1802.4651],[-102.6397,21.477,1805.2246],[-102.6389,21.4813,1817.6714],[-102.6423,21.4786,1804.6492],[-102.6427,21.4761,1797.9226],[-102.6491,21.4742,1798.7676],[-102.6479,21.4625,1773.8674],[-102.6432,21.4612,1835.5901],[-102.6367,21.4648,1840.7013],[-102.6361,21.4629,1833.6545],[-102.6389,21.4555,1800.9697],[-102.6445,21.4498,1774.3728],[-102.6474,21.4477,1764.3507],[-102.6513,21.4487,1759.7795],[-102.6517,21.4468,1761.9031],[-102.655,21.4466,1767.3429],[-102.6503,21.442,1756.2441],[-102.6507,21.4408,1756.2441],[-102.6535,21.4415,1754.0479],[-102.6552,21.4392,1750.2781],[-102.6541,21.4371,1750.0989],[-102.6511,21.4369,1751.5704],[-102.6543,21.4356,1757.2283],[-102.6548,21.4322,1747.271],[-102.6517,21.4319,1748.6371],[-102.652,21.4258,1741.543],[-102.6543,21.4259,1744.9503],[-102.6533,21.4216,1753.8059],[-102.6558,21.4239,1743.0947],[-102.6573,21.4222,1737.078],[-102.656,21.4187,1743.894],[-102.6529,21.4162,1735.8918],[-102.6521,21.4122,1732.2292],[-102.6559,21.4132,1729.9525],[-102.6597,21.4109,1727.4604],[-102.6587,21.409,1724.1123],[-102.6522,21.4075,1725.266],[-102.6557,21.4024,1731.176],[-102.6493,21.4,1726.8896],[-102.6468,21.3942,1712.9524],[-102.6444,21.3929,1722.6443],[-102.6381,21.3932,1718.7441],[-102.6393,21.39,1713.3309],[-102.6428,21.3881,1720.0486],[-102.6404,21.382,1769.6376],[-102.6426,21.3672,1737.8348],[-102.6456,21.3645,1759.6246],[-102.6512,21.3636,1784.4939],[-102.6778,21.3409,1792.6642],[-102.6818,21.3392,1798.1057],[-102.6844,21.3431,1808.9678],[-102.6865,21.3431,1802.2557],[-102.6951,21.340699999999998,1759.1534],[-102.6995,21.3445,1763.3076],[-102.701,21.3483,1769.7473],[-102.6998,21.3494,1770.2402],[-102.7009,21.3519,1769.8722],[-102.6993,21.3565,1774.3557],[-102.7013,21.3598,1778.1672],[-102.7006,21.3613,1788.6667],[-102.7117,21.3754,1805.4058],[-102.7133,21.3798,1822.5377],[-102.7206,21.3811,1841.2373],[-102.7243,21.3867,1868.2606],[-102.7291,21.3874,1878.2043],[-102.7293,21.3744,1857.8452],[-102.7327,21.3692,1824.7965],[-102.728,21.3571,1803.0564],[-102.7349,21.353,1828.1995],[-102.7405,21.3466,1849.8147],[-102.751,21.3457,1857.3557],[-102.7578,21.3392,1778.9479],[-102.7593,21.3354,1752.0692],[-102.7553,21.3334,1749.2645],[-102.7552,21.331,1748.5634],[-102.7589,21.3275,1772.3311],[-102.7553,21.3232,1751.4257],[-102.7588,21.3205,1795.8657],[-102.7718,21.316,1863.7408],[-102.7749,21.3176,1881.7458],[-102.7837,21.3295,1930.9583],[-102.7889,21.3295,1932.722],[-102.7914,21.328,1938.937],[-102.7985,21.3069,1908.8314],[-102.8057,21.3202,1993.5631],[-102.8077,21.3227,2026.0181],[-102.812,21.3237,2057.0095],[-102.8157,21.3188,1967.2749],[-102.8176,21.3185,1954.0112],[-102.8161,21.3107,1928.6338],[-102.8181,21.3072,1922.8955],[-102.8177,21.2997,1917.4778],[-102.8152,21.2947,1896.266],[-102.8371,21.3034,1984.181],[-102.8397,21.3016,1971.2629],[-102.8399,21.2981,1950.812],[-102.8429,21.2976,1950.4515],[-102.8442,21.294,1937.6377],[-102.8488,21.2932,1932.9895],[-102.8508,21.2814,1898.8191],[-102.8468,21.2802,1888.9612],[-102.8448,21.2773,1885.0853],[-102.852,21.2755,1891.84],[-102.8594,21.2705,1778.5198],[-102.8588,21.2665,1748.4718],[-102.8635,21.2609,1720.8914],[-102.8609,21.256,1717.276],[-102.8633,21.2556,1701.3188],[-102.8637,21.2528,1701.4448],[-102.865,21.2525,1701.4448],[-102.8657,21.2546,1702.9349],[-102.868,21.2528,1720.0234],[-102.8685,21.2549,1704.8347],[-102.8729,21.2552,1721.5952],[-102.8735,21.2529,1752.6282],[-102.8714,21.2473,1763.2665],[-102.8747,21.2427,1757.9677],[-102.8766,21.2366,1698.1188],[-102.8808,21.238,1713.7603],[-102.8802,21.2394,1708.3439],[-102.8837,21.2418,1710.6829],[-102.8831,21.2387,1726.8931],[-102.8851,21.2384,1713.4935],[-102.8864,21.2354,1737.2911],[-102.8918,21.2376,1739.074],[-102.8917,21.2335,1750.4062],[-102.8987,21.2375,1738.6056],[-102.903,21.2352,1744.2891],[-102.9022,21.2283,1811.3799],[-102.904,21.2274,1773.3732],[-102.9042,21.2248,1803.9382],[-102.9057,21.2251,1803.8801],[-102.9053,21.2235,1799.3838],[-102.9084,21.2231,1808.321],[-102.9098,21.2206,1808.4386],[-102.9083,21.2196,1819.7709],[-102.9104,21.2112,1835.0996],[-102.9092,21.2074,1863.5127],[-102.9107,21.2052,1883.9148],[-102.9215,21.21,1921.9885],[-102.9478,21.2146,1945.113],[-102.9496,21.2268,1940.9985],[-102.9463,21.2303,1858.4409],[-102.9488,21.2336,1825.1288],[-102.9463,21.2344,1790.4275],[-102.9519,21.2341,1818.8899],[-102.9503,21.233,1807.976],[-102.9519,21.2316,1833.0208],[-102.9544,21.234,1850.7642],[-102.9591,21.2336,1840.9452],[-102.9592,21.2352,1826.0369],[-102.9636,21.2352,1853.3528],[-102.9655,21.2378,1832.7251],[-102.9645,21.2401,1830.6882],[-102.9671,21.2398,1872.9677],[-102.968,21.2417,1843.6085],[-102.9758,21.2392,1863.4778],[-102.979,21.2397,1900.0894],[-102.9793,21.2465,1886.6735],[-102.9868,21.2494,1932.479],[-102.9895,21.2567,1945.1338],[-102.9915,21.2554,1970.5328],[-102.9969,21.2597,1978.5115],[-103.0112,21.2554,2047.8391],[-103.0116,21.2456,2005.5205],[-103.017,21.241,2050.8044],[-103.0265,21.2421,2088.7822],[-103.0272,21.2458,2100.0435],[-103.0301,21.2483,2120.2715],[-103.0298,21.2511,2113.0708],[-103.0389,21.2496,2199.1018],[-103.0401,21.248,2207.7539],[-103.0407,21.2497,2189.4363],[-103.0459,21.2494,2201.8396],[-103.0459,21.2539,2217.4968],[-103.0477,21.2556,2227.0349],[-103.0434,21.2604,2251.4883],[-103.0449,21.2624,2206.7344],[-103.0528,21.2626,2097.3855],[-103.063,21.2555,1932.9752],[-103.0655,21.2558,1753.8228],[-103.057,21.2468,2035.5132],[-103.0681,21.2351,2299.5552],[-103.0742,21.2183,2106.8601],[-103.0775,21.2154,1982.1648],[-103.0771,21.2122,2038.182],[-103.0692,21.2099,2421.52],[-103.072,21.2051,2404.187],[-103.0746,21.2054,2392.0322],[-103.0788,21.2023,2413.8748],[-103.0791,21.1984,2369.5532],[-103.081,21.1987,2372.0596],[-103.0843,21.1941,2337.167],[-103.0836,21.1821,2249.4658],[-103.0787,21.17,2069.491],[-103.0755,21.1677,2042.1897],[-103.0774,21.1628,1948.8253],[-103.0714,21.1529,1777.3199],[-103.0781,21.14,1674.6914],[-103.0956,21.133,1581.1049],[-103.0955,21.1319,1617.1713],[-103.0986,21.1312,1533.4834],[-103.0985,21.1285,1592.2974],[-103.094,21.1214,1628.5851],[-103.0926,21.1213,1640.8035],[-103.0917,21.1158,1783.4509],[-103.0896,21.1168,1853.559],[-103.085,21.1147,1954.4895],[-103.0846,21.1105,2020.4819],[-103.0737,21.11,2095.5112],[-103.077,21.102,1912.521],[-103.0754,21.1011,1890.2726],[-103.0758,21.0969,1847.7223],[-103.0739,21.0963,1850.1436],[-103.0723,21.0986,1881.0337],[-103.0663,21.0997,1971.2002],[-103.0652,21.1043,2124.3848],[-103.0632,21.1039,2135.2881],[-103.0633,21.1006,2013.0398],[-103.0583,21.0984,2168.4087],[-103.0565,21.0993,2188.6772],[-103.0593,21.0931,2127.884],[-103.0646,21.0908,2104.3511],[-103.065,21.087,2073.8918],[-103.0754,21.0758,2037.4304],[-103.0746,21.0743,2026.2354],[-103.0774,21.0724,2004.0404],[-103.0782,21.0734,2006.7678],[-103.0828,21.0719,2013.157],[-103.0884,21.0657,2034.6801],[-103.0976,21.0648,2054.5732],[-103.105,21.062,1900.5077],[-103.1077,21.0654,1806.381],[-103.113,21.0658,1727.2812],[-103.1144,21.0679,1694.6279],[-103.1233,21.0668,1588.7931],[-103.1244,21.0654,1582.0857],[-103.1215,21.0624,1611.2781],[-103.1262,21.0544,1688.7211],[-103.1293,21.0533,1632.0057],[-103.1323,21.0548,1585.5618],[-103.134,21.0584,1550.4882],[-103.1413,21.0611,1513.3134],[-103.1432,21.0657,1513.4973],[-103.1457,21.0643,1510.6853],[-103.147,21.0659,1508.6052],[-103.1501,21.0651,1508.9635],[-103.1524,21.0693,1491.5793],[-103.1629,21.0729,1487.2312],[-103.1624,21.0698,1444.4923],[-103.1661,21.0692,1394.8303],[-103.1702,21.0724,1352.938],[-103.1788,21.0719,1458.6294],[-103.1801,21.0746,1376.9454],[-103.1884,21.0707,1319.019],[-103.187,21.0744,1305.0806],[-103.1917,21.0793,1247.6047],[-103.1887,21.0816,1233.088],[-103.1884,21.0852,1230.2865],[-103.2017,21.0859,1194.5922],[-103.2052,21.0926,1154.8347],[-103.2072,21.0917,1221.6232],[-103.2096,21.0942,1172.603],[-103.2127,21.0911,1129.3475],[-103.216,21.0908,1185.9983],[-103.22,21.0856,1121.0854],[-103.2228,21.0868,1119.2634],[-103.2274,21.0849,1112.3351],[-103.2326,21.0791,1110.9851],[-103.2378,21.0786,1100.5753],[-103.2435,21.0841,1098.4501],[-103.2524,21.081,1060.3217],[-103.2537,21.0831,1052.76],[-103.2558,21.0826,1009.8805],[-103.2552,21.0846,1038.6855],[-103.2582,21.0831,980.4647],[-103.2585,21.0785,1057.748],[-103.2617,21.0746,988.8469],[-103.2572,21.0707,994.2357],[-103.2599,21.0686,1020.1366],[-103.2623,21.0626,984.5887],[-103.2695,21.06,988.3838],[-103.2723,21.054,1006.53],[-103.2757,21.0514,985.2878],[-103.2777,21.0519,1003.2058],[-103.2791,21.0565,997.331],[-103.2853,21.058,973.8388],[-103.2886,21.0616,960.9338],[-103.2966,21.0648,945.0636],[-103.3019,21.0546,968.0437],[-103.307,21.0575,948.3969],[-103.3147,21.0559,940.6049],[-103.3167,21.0541,940.9983],[-103.3234,21.0559,990.1591],[-103.3303,21.0545,977.5525],[-103.333,21.0524,991.8833],[-103.3325,21.0452,1006.7996],[-103.335,21.0426,934.9406],[-103.3402,21.0422,909.3571],[-103.344,21.0462,904.0601],[-103.3472,21.0442,907.8497],[-103.3531,21.0453,925.2379],[-103.3608,21.0513,889.5244],[-103.3627,21.0503,943.2495],[-103.369,21.052,904.4449],[-103.3684,21.0567,942.6654],[-103.3766,21.0659,900.2067],[-103.3806,21.0678,888.1036],[-103.3855,21.0674,908.9338],[-103.3844,21.0714,899.5844],[-103.3886,21.0765,1010.9582],[-103.3879,21.0792,926.7781],[-103.391,21.0784,965.1186],[-103.396,21.0803,970.7892],[-103.3977,21.0848,919.781],[-103.3944,21.0871,999.476],[-103.3965,21.0901,1035.3613],[-103.393,21.0911,949.158],[-103.3939,21.0934,954.8173],[-103.396,21.0937,976.8212],[-103.3961,21.0987,989.197],[-103.3984,21.0981,988.5121],[-103.4014,21.0998,1031.381],[-103.4012,21.103,1056.668],[-103.4037,21.1027,1059.8193],[-103.4115,21.1115,1160.8669],[-103.4183,21.1152,1214.0234],[-103.419,21.1196,1287.2036],[-103.4232,21.1252,1225.6426],[-103.4163,21.1373,1433.0187],[-103.4257,21.139,1458.2831],[-103.428,21.1412,1449.0107],[-103.4286,21.1467,1397.3784],[-103.4348,21.1421,1318.9943],[-103.4426,21.143,1460.0308],[-103.4452,21.141,1437.8718],[-103.4498,21.1439,1290.5958],[-103.4583,21.1419,1067.182],[-103.4693,21.1434,1041.5687],[-103.4754,21.1373,1265.5544],[-103.5041,21.1277,1696.3367],[-103.5062,21.129,1654.5505],[-103.5073,21.135,1619.0275],[-103.5102,21.1378,1587.2122],[-103.5095,21.1436,1256.1882],[-103.511,21.1462,1214.9819],[-103.5187,21.1417,1289.5183],[-103.5315,21.142,1531.4094],[-103.5331,21.1385,1598.061],[-103.5298,21.1341,1597.5065],[-103.5411,21.1263,1641.5304],[-103.5467,21.1269,1637.696],[-103.55029999999999,21.125,1640.4342],[-103.5545,21.1209,1660.9226],[-103.5544,21.1166,1667.1663],[-103.5571,21.1198,1679.7742],[-103.56,21.1183,1675.6575],[-103.5647,21.1196,1710.3505],[-103.5652,21.1179,1716.1521],[-103.5669,21.1208,1719.0897],[-103.569,21.1167,1737.8555],[-103.5731,21.1216,1719.858],[-103.5773,21.1215,1722.0414],[-103.5805,21.1273,1790.1088],[-103.5837,21.126,1799.5905],[-103.5833,21.1278,1828.4956],[-103.5904,21.1275,1853.1851],[-103.5968,21.1353,1894.2704],[-103.597,21.1398,1889.7742],[-103.5993,21.1417,1937.5364],[-103.5977,21.1422,1876.8994],[-103.5978,21.1436,1876.8994],[-103.6014,21.1479,1955.5126],[-103.602,21.1517,1929.9642],[-103.6071,21.1553,1946.5441],[-103.6117,21.1552,1928.9077],[-103.6141,21.1569,1940.6379],[-103.6148,21.1593,1926.9324],[-103.6118,21.1648,1869.225],[-103.6129,21.1676,1848.6738],[-103.6114,21.1787,1820.7059],[-103.6182,21.1835,1827.9716],[-103.6161,21.1857,1814.6699],[-103.6186,21.1888,1783.8318],[-103.6248,21.1933,1752.0649],[-103.6299,21.194,1733.4276],[-103.6334,21.1913,1721.6294],[-103.6328,21.1934,1723.5803],[-103.6371,21.1997,1634.8491],[-103.6454,21.2031,1532.2402],[-103.6485,21.207,1482.6619],[-103.6537,21.2088,1422.2856],[-103.6568,21.2111,1407.0901],[-103.6561,21.2127,1397.1832],[-103.6601,21.2139,1396.0985],[-103.6606,21.2155,1397.0922],[-103.6673,21.216,1359.0535],[-103.664,21.2182,1392.1057],[-103.6634,21.2242,1546.1025],[-103.6567,21.222,1566.1257],[-103.6484,21.2231,1571.3199],[-103.6402,21.2221,1692.8086],[-103.6391,21.2331,1756.2996],[-103.6363,21.2417,1708.7361],[-103.6367,21.2433,1702.5587],[-103.6397,21.2434,1711.499],[-103.6394,21.2517,1665.666],[-103.6417,21.254,1624.603],[-103.6413,21.2595,1691.7185],[-103.64,21.2663,1650.4093],[-103.6378,21.2669,1663.7776],[-103.6374,21.2691,1676.9406],[-103.637,21.276,1697.7004],[-103.6395,21.2775,1681.2346],[-103.6364,21.2789,1695.5266],[-103.634,21.2823,1716.1716],[-103.6351,21.2832,1716.1716],[-103.6482,21.2839,1816.6693],[-103.6522,21.282,1805.0424],[-103.6571,21.2821,1770.4102],[-103.6582,21.2804,1791.6642],[-103.6648,21.2902,1903.0781],[-103.6667,21.2905,1955.4617],[-103.6763,21.2834,1880.5823],[-103.6836,21.2855,1796.869],[-103.6899,21.2854,1711.6233],[-103.6975,21.2829,1638.0795],[-103.7063,21.2757,1538.7974],[-103.7108,21.2745,1518.01],[-103.711,21.272,1566.359],[-103.7141,21.27,1460.068],[-103.7126,21.268,1428.8423],[-103.7135,21.2667,1458.9368],[-103.7162,21.2679,1442.9325],[-103.7174,21.2734,1524.1296],[-103.7203,21.2752,1530.3562],[-103.7199,21.2831,1543.8787],[-103.7221,21.2839,1541.9015],[-103.7196,21.2999,1726.5314],[-103.7208,21.301,1730.9053],[-103.7208,21.308,1759.0569],[-103.7109,21.3135,1873.5291],[-103.7111,21.3177,1855.8229],[-103.7072,21.3199,1860.3386],[-103.7051,21.3255,1926.5913],[-103.6961,21.324,1924.814],[-103.6914,21.3201,1934.6201],[-103.6898,21.3213,1918.494],[-103.6826,21.3188,1913.4491],[-103.681,21.3207,1898.2539],[-103.6774,21.3199,1903.0183],[-103.6744,21.3214,1886.6284],[-103.6743,21.3231,1880.8562],[-103.6717,21.3225,1877.5546],[-103.6636,21.3381,1852.2465],[-103.6581,21.3363,1855.0023],[-103.6551,21.3392,1830.1915],[-103.6489,21.3374,1845.071],[-103.6498,21.3418,1885.3337],[-103.6463,21.3424,1824.9817],[-103.6462,21.3444,1828.175],[-103.6431,21.3417,1816.4717],[-103.6381,21.3449,1806.0326],[-103.6344,21.3401,1833.9321],[-103.6315,21.3416,1797.7366],[-103.6315,21.3443,1773.3457],[-103.629,21.3454,1780.574],[-103.6255,21.3434,1791.9141],[-103.6187,21.3445,1761.9897],[-103.6166,21.3475,1766.0465],[-103.6169,21.3534,1756.234],[-103.6112,21.3488,1733.9835],[-103.603,21.3491,1729.9492],[-103.5995,21.3469,1709.9226],[-103.5981,21.3419,1725.2662],[-103.5956,21.3439,1719.8219],[-103.5927,21.3423,1700.0898],[-103.5933,21.3406,1690.1515],[-103.5887,21.3422,1694.5145],[-103.5866,21.3381,1690.4248],[-103.584,21.3369,1683.4912],[-103.5844,21.3354,1687.3462],[-103.5785,21.3302,1721.0447],[-103.5771,21.3327,1692.4232],[-103.5741,21.3327,1714.8298],[-103.5686,21.3376,1743.4153],[-103.5676,21.3522,1692.4139],[-103.5651,21.3505,1735.3036],[-103.5626,21.3527,1756.2559],[-103.5574,21.3481,1841.4149],[-103.5506,21.3509,1908.0544],[-103.5483,21.3501,1898.519],[-103.5354,21.3539,1922.9469],[-103.527,21.3522,1949.1069],[-103.525,21.3535,1984.3248],[-103.5233,21.352,2022.5876],[-103.5194,21.3565,1993.824],[-103.518,21.3551,2019.4663],[-103.51,21.3549,1997.3064],[-103.5131,21.3641,2028.564],[-103.5039,21.3768,2035.9365],[-103.5082,21.3803,2029.6233],[-103.5094,21.3924,1987.8042],[-103.5218,21.4014,2030.6968],[-103.5218,21.4057,1988.4612],[-103.5336,21.4206,2052.8257],[-103.5338,21.4256,2087.6812],[-103.5374,21.4316,2147.0837],[-103.5371,21.4406,2132.2881],[-103.5386,21.4412,2097.2986],[-103.5387,21.4448,2101.1294],[-103.5439,21.4373,2059.0693],[-103.5483,21.4405,2053.645],[-103.5529,21.4361,2035.29],[-103.5546,21.4379,2000.418],[-103.5584,21.4362,1974.7723],[-103.5604,21.4302,1974.343],[-103.5655,21.4382,1950.6544],[-103.5677,21.4393,1947.9257],[-103.5698,21.4384,1933.1874],[-103.5711,21.4397,1936.8357],[-103.5738,21.436,1886.2825],[-103.5759,21.4362,1892.9336],[-103.5775,21.4343,1877.8433],[-103.576,21.4285,1881.8223],[-103.5784,21.4291,1858.6624],[-103.5815,21.4275,1853.9296],[-103.5805,21.4247,1815.3044],[-103.5823,21.424,1862.3519],[-103.5823,21.4176,1808.3065],[-103.5844,21.4101,1769.297],[-103.5871,21.4079,1766.4792],[-103.5873,21.4029,1753.4756],[-103.5852,21.4027,1790.8174],[-103.5864,21.3924,1744.8373],[-103.5897,21.3919,1775.5017],[-103.5888,21.3936,1748.8452],[-103.5927,21.3936,1739.3551],[-103.5953,21.3909,1726.2273],[-103.5981,21.3945,1738.5134],[-103.601,21.3939,1750.4028],[-103.6003,21.3982,1760.8733],[-103.6103,21.4053,1783.589],[-103.6098,21.4072,1804.8535],[-103.6157,21.4077,1779.5649],[-103.6158,21.4117,1803.6523],[-103.6229,21.4131,1834.1997],[-103.6243,21.4203,1836.3523],[-103.6226,21.4239,1830.9891],[-103.6193,21.424,1842.1234],[-103.6212,21.4253,1830.9891],[-103.6204,21.4267,1862.9434],[-103.6234,21.4267,1936.209],[-103.6262,21.4293,1864.8455],[-103.6265,21.4345,1905.3658],[-103.6304,21.4351,1897.4954],[-103.6305,21.4369,1914.1356],[-103.6342,21.4393,1925.7144],[-103.6389,21.4373,1936.7344],[-103.6492,21.4386,1999.9949],[-103.6503,21.4346,2032.5826],[-103.6608,21.4416,2106.2405],[-103.6633,21.4465,2083.0117],[-103.6647,21.4549,2132.689],[-103.6587,21.4637,2218.8572],[-103.6693,21.465699999999998,2228.4604],[-103.6849,21.4636,2280.9707],[-103.6977,21.467,2313.7771],[-103.7015,21.4663,2288.0574],[-103.6994,21.4728,2236.9741],[-103.6932,21.479,2212.0649],[-103.6922,21.4871,2153.2612],[-103.6943,21.4902,2115.9131],[-103.6918,21.4956,2102.4141],[-103.6849,21.5015,2109.6396],[-103.6726,21.5055,2101.3303],[-103.6726,21.508,2072.0337],[-103.6754,21.5108,2078.1406],[-103.6798,21.5112,2027.4287],[-103.6816,21.5205,2016.928],[-103.6842,21.522,1997.4674],[-103.6861,21.5212,1993.969],[-103.6867,21.5247,1995.9685],[-103.6945,21.5289,1992.7449],[-103.6935,21.5325,2049.2256],[-103.6863,21.5351,2205.6992],[-103.6866,21.5391,2147.2932],[-103.6895,21.544,2130.0322],[-103.6898,21.5524,2040.0984],[-103.6871,21.556,2054.387],[-103.6832,21.5577,2111.0132],[-103.6808,21.5578,2128.0088],[-103.6816,21.5559,2103.1077],[-103.6792,21.5559,2093.7581],[-103.6782,21.5578,2111.6653],[-103.6764,21.5553,2143.8997],[-103.6736,21.5549,2188.7363],[-103.6664,21.558,2198.3108],[-103.6583,21.5559,2207.1714],[-103.6607,21.5605,2191.8113],[-103.66,21.5648,2106.5022],[-103.6449,21.5765,2021.7869],[-103.64,21.5763,2032.2805],[-103.6399,21.5743,2020.5067],[-103.6298,21.5734,2031.7145],[-103.6249,21.5686,2066.8518],[-103.6246,21.5658,2041.4175],[-103.6213,21.5646,2042.4155],[-103.6216,21.5581,2050.4912],[-103.619,21.5569,2067.3428],[-103.6131,21.5581,2079.1396],[-103.6081,21.5565,2104.8892],[-103.6033,21.5585,2124.5674],[-103.5929,21.5592,2150.856],[-103.5967,21.5655,2131.4341],[-103.5933,21.5759,2085.8538],[-103.5948,21.5817,2082.8501],[-103.5905,21.5898,2052.1746],[-103.582,21.5892,2056.2578],[-103.58,21.5842,2080.7485],[-103.5742,21.5849,2063.5532],[-103.5726,21.5819,2066.6282],[-103.5662,21.5816,2070.8933],[-103.5589,21.5764,2088.1338],[-103.5547,21.5766,2087.739],[-103.5524,21.5839,2101.4031],[-103.5452,21.5876,2089.1157],[-103.5504,21.597,2150.8442],[-103.5506,21.6134,2198.1685],[-103.5538,21.6246,2177.5125],[-103.5556,21.6254,2181.9849],[-103.5555,21.6341,2236.4487],[-103.5517,21.6409,2267.1694],[-103.5522,21.6458,2271.7046],[-103.547,21.6507,2222.5103],[-103.5408,21.6653,2267.0161],[-103.5375,21.6663,2251.4839],[-103.5366,21.6689,2231.9592],[-103.5295,21.6724,2260.7271],[-103.5267,21.6756,2264.3306],[-103.5257,21.6786,2305.7939],[-103.5266,21.687,2255.4487],[-103.5239,21.6955,2263.5747],[-103.5191,21.7021,2265.9382],[-103.5179,21.7115,2219.7947],[-103.5129,21.7143,2122.4834],[-103.5098,21.713,2089.3044],[-103.5078,21.7197,2077.2419],[-103.5101,21.7215,2045.0214],[-103.5108,21.7257,2049.6113],[-103.5094,21.7307,2061.1501],[-103.5107,21.737,2014.2561],[-103.5085,21.7397,2016.2075],[-103.5121,21.7483,1981.3112],[-103.5147,21.7492,1974.6741],[-103.5234,21.761,1939.9512],[-103.5236,21.7657,1943.5562],[-103.5273,21.768,1951.1379],[-103.526,21.7699,1916.6061],[-103.5279,21.7723,1917.353],[-103.5433,21.7711,1877.9209],[-103.5538,21.7798,1859.3466],[-103.5608,21.7803,1838.4568],[-103.5626,21.7857,1863.6154],[-103.5659,21.7848,1833.5997],[-103.5694,21.7892,1865.1174],[-103.5679,21.7971,1800.8756],[-103.5689,21.7996,1822.9557],[-103.5715,21.8001,1830.8862],[-103.5726,21.8035,1760.2375],[-103.5667,21.8047,1832.7267],[-103.5619,21.8036,1857.854],[-103.5606,21.8011,1858.983],[-103.5548,21.8009,1874.6697],[-103.5365,21.8052,1948.415],[-103.5261,21.8051,2040.55],[-103.5261,21.8097,2075.593],[-103.53,21.8117,2075.0745],[-103.5314,21.8178,2055.8506],[-103.5257,21.8189,2111.2344],[-103.5097,21.8275,2068.8821],[-103.5028,21.8331,2070.8611],[-103.4956,21.8235,2147.9038],[-103.4827,21.8174,2140.0793],[-103.4825,21.8133,2140.7292],[-103.4757,21.8124,2107.6836],[-103.4705,21.8135,2136.8145],[-103.474,21.8197,2130.6267],[-103.4729,21.8246,2120.7261],[-103.4751,21.8266,2129.7446],[-103.4724,21.836,2162.4082],[-103.4698,21.8393,2133.9231],[-103.4667,21.84,2135.9895],[-103.4554,21.8328,2172.123],[-103.4551,21.8354,2164.272],[-103.4572,21.8365,2154.1975],[-103.4572,21.8385,2147.2344],[-103.4559,21.8406,2139.019],[-103.4532,21.8406,2139.9834],[-103.4533,21.8442,2124.1621],[-103.4497,21.8481,2108.7444],[-103.4513,21.8539,2066.3308],[-103.4393,21.8646,2001.5632],[-103.4357,21.8711,1962.6602],[-103.4354,21.8761,1937.7607],[-103.4275,21.8857,1914.6582],[-103.4258,21.891,1918.8403],[-103.4225,21.8911,1903.2662],[-103.4207,21.8931,1905.9862],[-103.4217,21.8953,1946.4763],[-103.4162,21.8975,1888.8361],[-103.4163,21.8994,1889.6731],[-103.4139,21.9006,1882.8668],[-103.4141,21.9031,1894.1592],[-103.4128,21.9037,1896.8727],[-103.4139,21.9055,1925.8302],[-103.4084,21.9076,1858.1874],[-103.4051,21.9018,1926.6594],[-103.3943,21.8967,1939.502],[-103.3938,21.8982,1944.9583],[-103.3892,21.8987,1969.3588],[-103.3907,21.904,1980.1208],[-103.3898,21.9055,1978.4088],[-103.3748,21.9137,1858.1042],[-103.369,21.9123,1797.5868],[-103.3551,21.9149,1772.5137],[-103.3441,21.9135,1791.386],[-103.3416,21.921,1775.3717],[-103.344,21.9297,1721.4039],[-103.341,21.9322,1714.0104],[-103.3398,21.9382,1703.0144],[-103.3417,21.9388,1681.2437],[-103.3414,21.9404,1681.2437],[-103.3387,21.9423,1655.6282],[-103.3319,21.943,1618.9979],[-103.3305,21.9459,1633.9045],[-103.3244,21.9484,1671.0425],[-103.3236,21.9511,1651.5386],[-103.3183,21.9561,1662.3097],[-103.3101,21.9591,1708.9221],[-103.3092,21.9663,1727.843],[-103.2786,21.9897,1734.1411],[-103.276,21.9887,1733.5802],[-103.2734,21.9791,1730.6644],[-103.2647,21.9718,1712.001],[-103.2622,21.9726,1714.9005],[-103.2571,21.9696,1724.149],[-103.2528,21.9696,1729.5463],[-103.2448,21.9666,1751.2555],[-103.2414,21.9708,1778.3131],[-103.2468,21.9759,1739.2874],[-103.2451,21.9772,1755.3384],[-103.24,21.9767,1766.1802],[-103.224,21.9718,1822.7003],[-103.2215,21.968,1846.7939],[-103.2157,21.9668,1870.688],[-103.2107,21.9681,1941.6412],[-103.2087,21.9651,1977.0214],[-103.2056,21.9652,1973.089],[-103.2041,21.9677,2039.048],[-103.1926,21.9699,2349.7112],[-103.1918,21.9744,2255.2063],[-103.1921,21.9793,2190.0945],[-103.1955,21.9798,2155.6702],[-103.1982,21.9846,2111.3081],[-103.194,21.9901,2073.9634],[-103.2021,21.9934,1926.1687],[-103.203,21.996,1916.2668],[-103.2017,21.9986,1876.7706],[-103.1977,21.9991,1868.6008],[-103.1967,22.0009,1842.7371],[-103.1907,21.9979,1832.4832],[-103.1817,21.9971,1845.1206],[-103.1801,21.9984,1854.0894],[-103.1725,21.9966,1879.3712],[-103.1681,21.9986,1912.6879],[-103.1657,21.9968,1928.1302],[-103.1596,22.0006,1924.5055],[-103.1601,22.0032,1913.1162],[-103.146,22.0053,1958.7809],[-103.1437,22.008,1943.2584],[-103.138,22.003,1951.5801],[-103.1328,22.003,2023.4237],[-103.1209,22.0152,2057.8333],[-103.1171,22.0129,2065.1824],[-103.1115,22.0143,2098.9019],[-103.11,22.0174,2118.231],[-103.1116,22.0211,2129.6912],[-103.1089,22.0258,2134.3291],[-103.1102,22.0275,2141.3713],[-103.1091,22.029,2150.2864],[-103.1141,22.0391,2189.623],[-103.1085,22.0392,2252.4917],[-103.1062,22.047,2273.6851],[-103.1079,22.0634,2204.3401],[-103.1444,22.0679,2488.0415],[-103.1543,22.0722,2595.5273],[-103.1522,22.0826,2480.3999],[-103.1528,22.0876,2530.8188],[-103.1434,22.0872,2329.0081],[-103.1386,22.0913,2296.4048],[-103.1351,22.0905,2312.0352],[-103.135,22.0976,2260.9258],[-103.1256,22.1048,2235.9756],[-103.1167,22.1024,2244.3831],[-103.1017,22.1018,2234.5029],[-103.101,22.1078,2178.2173],[-103.0961,22.1114,2123.2817],[-103.0924,22.1099,2197.5215],[-103.0883,22.1129,2100.4941],[-103.0904,22.1139,2111.6594],[-103.0895,22.1152,2086.9856],[-103.0867,22.1149,2100.0918],[-103.0862,22.1122,2131.7332],[-103.0845,22.114,2152.9478],[-103.0877,22.1178,2107.7114],[-103.0817,22.1203,2062.689],[-103.0802,22.1245,2088.4468],[-103.077,22.1255,2055.0017],[-103.0765,22.1278,2047.1206],[-103.0816,22.1301,2146.5491],[-103.0759,22.1332,2040.1702],[-103.0788,22.1371,2040.0582],[-103.0842,22.1373,2057.3484],[-103.0901,22.14,2055.5225],[-103.0907,22.1435,2097.3484],[-103.0959,22.1455,2183.7629],[-103.1088,22.1443,2171.4199],[-103.1025,22.1536,2202.9258],[-103.1065,22.1518,2154.5139],[-103.1087,22.1534,2172.7996],[-103.1049,22.1575,2193.2336],[-103.1059,22.1682,2259.6802],[-103.1028,22.1711,2255.3115],[-103.1039,22.172,2255.3115],[-103.1014,22.1786,2253.824],[-103.1061,22.1914,2056.6829],[-103.0921,22.1984,1986.8885],[-103.0882,22.2044,2044.9248],[-103.076,22.2023,2266.0076],[-103.071,22.2035,2226.4331],[-103.0728,22.2104,2246.3525],[-103.0719,22.212,2244.0188],[-103.0696,22.2112,2222.311],[-103.0598,22.2172,2144.249],[-103.0548,22.2138,2114.6614],[-103.0523,22.2207,2137.8972],[-103.0597,22.2242,2149.989],[-103.0578,22.2283,2193.5637],[-103.0621,22.2283,2202.9209],[-103.0557,22.2412,2194.3647],[-103.0555,22.2473,2190.3291],[-103.0629,22.2493,2102.1807],[-103.0624,22.2522,2115.7686],[-103.0683,22.2551,2052.9165],[-103.0739,22.2549,2037.3135],[-103.0747,22.2576,2034.2826],[-103.0783,22.2571,2030.6139],[-103.0818,22.2633,2040.7614],[-103.0838,22.2634,2051.1331],[-103.083,22.2771,2073.7808],[-103.0872,22.2784,2086.1799],[-103.0876,22.2824,2101.283],[-103.0911,22.2859,2131.792],[-103.0981,22.2863,2174.5483],[-103.0998,22.2886,2181.0076],[-103.099,22.2923,2039.3966],[-103.101,22.294,2022.9849],[-103.1171,22.2956,1987.0573],[-103.126,22.2932,1922.2858],[-103.1315,22.2952,1912.7375],[-103.1401,22.2937,1896.7405],[-103.1525,22.296,1831.0411],[-103.1547,22.2984,1831.5688],[-103.1598,22.296,1819.2727],[-103.1647,22.2971,1845.3462],[-103.1651,22.2948,1849.861],[-103.1906,22.2985,1892.5078],[-103.1948,22.2924,1885.1619],[-103.1963,22.2925,1885.1619],[-103.1955,22.2905,1885.3879],[-103.2019,22.2803,1886.4825],[-103.2037,22.2813,1865.8823],[-103.2144,22.2775,1797.1791],[-103.2206,22.2805,1759.5826],[-103.2223,22.2831,1767.2173],[-103.2189,22.2869,1764.3661],[-103.2184,22.29,1765.6632],[-103.2208,22.2924,1769.375],[-103.2204,22.2964,1792.0015],[-103.2166,22.2993,1772.9785],[-103.2174,22.3018,1774.3209],[-103.2151,22.3016,1777.3177],[-103.215,22.3058,1779.1509],[-103.213,22.3069,1783.8376],[-103.2096,22.3146,1795.054],[-103.2127,22.3191,1819.9191],[-103.2095,22.3202,1807.2808],[-103.2101,22.3283,1820.1968],[-103.2082,22.3331,1820.9548],[-103.2042,22.3344,1830.0964],[-103.1941,22.332,1851.8873],[-103.1849,22.3386,1864.6509],[-103.1848,22.341,1895.2548],[-103.1827,22.3429,1871.7461],[-103.1789,22.3426,1883.7769],[-103.1776,22.346,1903.1023],[-103.1729,22.3502,1906.5281],[-103.1728,22.3524,1914.0613],[-103.1686,22.3546,1916.0311],[-103.1704,22.3618,1928.3696],[-103.1664,22.3706,1911.6545],[-103.174,22.3778,1891.6871],[-103.1729,22.3796,1890.5503],[-103.1705,22.3789,1893.9893],[-103.1686,22.385,1905.9722],[-103.1779,22.3867,1905.4873],[-103.1813,22.3904,1866.6608],[-103.1825,22.3888,1861.4105],[-103.1894,22.3902,1870.2148],[-103.1988,22.3806,1853.4838],[-103.2032,22.3988,1895.0175],[-103.2053,22.4005,1907.9183],[-103.2039,22.4041,1898.03],[-103.2134,22.4101,1937.5411],[-103.2209,22.4096,2002.1263],[-103.2261,22.4045,1972.0615],[-103.2321,22.3934,1904.1487],[-103.235,22.3971,1894.1741],[-103.2445,22.3994,1953.9601],[-103.2522,22.3989,2008.1512],[-103.2551,22.4048,2080.8223],[-103.2584,22.4064,2148.8157],[-103.2602,22.4119,2237.2637],[-103.2635,22.4106,2311.7336],[-103.2662,22.4119,2313.8657],[-103.2749,22.4096,2386.2136],[-103.2747,22.4114,2428.2397],[-103.2786,22.4111,2407.707],[-103.2852,22.4142,2259.6274],[-103.2856,22.4056,2247.7312],[-103.2931,22.3987,2244.1025],[-103.2954,22.3987,2217.0061],[-103.2965,22.3959,2206.9792],[-103.3005,22.393,2188.2761],[-103.3053,22.3904,2189.6423],[-103.3092,22.392,2239.3835],[-103.3095,22.3983,2271.4521],[-103.3146,22.4049,2220.7271],[-103.3234,22.3891,2160.6421],[-103.3255,22.389,2178.604],[-103.3293,22.3845,2142.5894],[-103.3396,22.3855,2114.8647],[-103.3481,22.3795,2089.5249],[-103.3474,22.3755,2073.8213],[-103.3531,22.3694,2056.4377],[-103.3599,22.3713,2046.0392],[-103.3647,22.3695,2037.1686],[-103.3667,22.351,2098.6665],[-103.3626,22.3364,2187.7737],[-103.343,22.3351,2162.9258],[-103.3472,22.331,2144.7534],[-103.3494,22.3259,2120.8713],[-103.3596,22.3206,2128.1174],[-103.3638,22.3145,2086.4807],[-103.3501,22.3075,2155.3047],[-103.3528,22.2857,2066.5281],[-103.3557,22.2798,2056.8064],[-103.3384,22.2875,2145.1614],[-103.3277,22.3074,2188.7458],[-103.3069,22.3063,2254.3442],[-103.2978,22.2983,2253.4277],[-103.3004,22.2962,2241.501],[-103.3078,22.2817,2207.9438],[-103.306,22.2763,2201.9707],[-103.3068,22.2732,2196.6836],[-103.3049,22.2701,2196.7368],[-103.3053,22.2657,2194.4343],[-103.3139,22.2587,2149.3472],[-103.2971,22.2572,2222.3838],[-103.2951,22.2533,2246.0129],[-103.3119,22.2333,2184.7131],[-103.3265,22.2417,2177.7485],[-103.3283,22.2401,2173.4897],[-103.3315,22.241,2171.1465],[-103.3377,22.2452,2158.5759],[-103.3497,22.2392,2111.2717],[-103.3553,22.2409,2054.0271],[-103.3618,22.2392,2029.2463],[-103.3697,22.2313,1988.6049],[-103.383,22.227,1967.8887],[-103.384,22.222,1956.1903],[-103.3802,22.219,1949.4281],[-103.3852,22.2158,1940.7849],[-103.3844,22.2137,1936.71],[-103.3857,22.2125,1936.71],[-103.409,22.2154,1931.5845],[-103.4172,22.1905,1825.2935],[-103.4217,22.1895,1890.2175],[-103.423,22.1913,1836.0331],[-103.4239,22.1892,1863.7535],[-103.4341,22.1908,1767.1455],[-103.4313,22.1873,1895.4365],[-103.4305,22.1825,1881.4735],[-103.4253,22.1826,1877.9465],[-103.4197,22.1775,1893.1406],[-103.4253,22.1765,1885.3744],[-103.4251,22.1703,1869.2902],[-103.4292,22.1622,1687.4441],[-103.427,22.1545,1628.5667],[-103.4288,22.1483,1602.6555],[-103.4259,22.1394,1552.7562],[-103.4282,22.1393,1562.7368],[-103.4305,22.1346,1594.8521],[-103.4322,22.1345,1567.2397],[-103.4321,22.1316,1536.9694],[-103.4336,22.1328,1525.4257],[-103.4341,22.1308,1520.3293],[-103.4346,22.1329,1525.4257],[-103.4363,22.1269,1532.877],[-103.4383,22.1289,1532.9657],[-103.4373,22.1255,1532.877],[-103.4394,22.1219,1445.6173],[-103.4395,22.1176,1485.4286],[-103.4456,22.1135,1450.2671],[-103.4467,22.1153,1417.1912],[-103.4504,22.1142,1408.9834],[-103.4549,22.1153,1439.7791],[-103.4617,22.1111,1416.9603],[-103.4593,22.1087,1412.9359],[-103.4592,22.1059,1443.2543],[-103.4665,22.1073,1439.5325],[-103.4732,22.1055,1387.1106],[-103.4733,22.1112,1423.0786],[-103.4793,22.1148,1396.2915],[-103.4829,22.1113,1389.1526],[-103.4861,22.1106,1381.7777],[-103.4849,22.1078,1423.2358],[-103.4861,22.1065,1418.1367],[-103.4956,22.1105,1389.6853],[-103.4968,22.1068,1483.9224],[-103.5016,22.1056,1474.4916],[-103.5044,22.1082,1497.4985],[-103.5118,22.1075,1376.7041],[-103.5159,22.1099,1386.3306],[-103.5179,22.1209,1435.9548],[-103.5142,22.1261,1344.163],[-103.5146,22.1291,1333.3451],[-103.5306,22.1268,1316.0422],[-103.534,22.1211,1314.444],[-103.5427,22.1206,1309.1836],[-103.5451,22.1227,1377.1423],[-103.5453,22.1269,1328.803],[-103.5507,22.1306,1327.277],[-103.5502,22.1357,1310.8979],[-103.5548,22.1343,1288.2579],[-103.5601,22.1366,1281.772],[-103.5669,22.1361,1278.5997],[-103.5697,22.1319,1296.2656],[-103.5761,22.1309,1293.304],[-103.58,22.1268,1294.9673],[-103.5797,22.1226,1278.3135],[-103.5774,22.12,1324.8142],[-103.5811,22.1049,1258.2997],[-103.5853,22.1094,1265.5681],[-103.594,22.1116,1245.5969],[-103.6011,22.1034,1278.2897],[-103.6048,22.1016,1257.469],[-103.6047,22.0979,1222.3719],[-103.6109,22.0971,1237.8954],[-103.6204,22.0985,1269.5322],[-103.6262,22.1026,1277.5647],[-103.6285,22.1063,1249.0233],[-103.6361,22.1064,1221.5042],[-103.648,22.1005,1208.7449],[-103.6513,22.1009,1201.2544],[-103.6539,22.104,1171.2821],[-103.6623,22.103,1180.0961],[-103.6701,22.1085,1163.8776],[-103.6838,22.1092,1147.9895],[-103.6861,22.1114,1162.6436],[-103.6859,22.1141,1161.9625],[-103.6783,22.1154,1171.3643],[-103.6774,22.1187,1150.2095],[-103.6802,22.1237,1119.3457],[-103.6873,22.1255,1112.3751],[-103.6908,22.1283,1118.9379],[-103.6903,22.1301,1144.8514],[-103.6881,22.1332,1206.4696],[-103.682,22.1352,1388.9897],[-103.6775,22.1413,1437.4875],[-103.6761,22.1488,1550.8141],[-103.661,22.167,1666.4487],[-103.6545,22.1719,1783.4143],[-103.6589,22.1752,1606.5204],[-103.6566,22.1813,1656.8994],[-103.6578,22.1838,1765.2889],[-103.6558,22.1848,1666.163],[-103.6561,22.1861,1678.7693],[-103.6525,22.1872,1707.9186],[-103.649,22.1961,1787.0195],[-103.6491,22.2021,1862.4027],[-103.6472,22.2016,1814.9419],[-103.6477,22.2031,1862.4027],[-103.6411,22.2098,2090.5117],[-103.6393,22.2182,2221.282],[-103.6364,22.221,2285.2229],[-103.636,22.2283,2281.656],[-103.6309,22.2389,2311.4583],[-103.6174,22.2511,2290.6548],[-103.6028,22.27,2297.9341],[-103.5949,22.2731,2300.876],[-103.6009,22.278199999999998,2318.3311],[-103.6077,22.2797,2346.8491],[-103.6107,22.279,2354.7966],[-103.6192,22.2818,2355.5488],[-103.6235,22.2875,2373.0815],[-103.6256,22.2881,2387.3591],[-103.6285,22.294,2419.7527],[-103.6378,22.2952,2429.5737],[-103.6447,22.315,2470.7749],[-103.645,22.3178,2455.7437],[-103.6382,22.3352,2180.1096],[-103.6383,22.3372,2125.0972],[-103.6421,22.3409,2052.1812],[-103.635,22.3435,2314.4087],[-103.6274,22.3404,2359.9946],[-103.6214,22.340699999999998,2455.2927],[-103.612,22.338,2451.3867],[-103.6067,22.3383,2444.3831],[-103.6048,22.3401,2422.1367],[-103.6026,22.3463,2436.4299],[-103.6095,22.3527,2457.0032],[-103.6107,22.3598,2458.0461],[-103.6098,22.3615,2453.7231],[-103.6028,22.3609,2442.5569],[-103.6003,22.3703,2457.1753],[-103.5976,22.3745,2458.1326],[-103.5959,22.3832,2454.0171],[-103.5928,22.3893,2445.4609],[-103.5944,22.3946,2437.2454],[-103.594,22.4072,2393.1462],[-103.5896,22.407,2392.3425],[-103.5855,22.4094,2347.8689],[-103.5784,22.4105,2305.6079],[-103.571,22.4182,2223.4941],[-103.5607,22.4228,2186.6494],[-103.5592,22.4284,2151.8721],[-103.5641,22.4308,2177.5801],[-103.565,22.4351,2183.3333],[-103.5677,22.4378,2191.3989],[-103.5725,22.4375,2218.1243],[-103.5722,22.4411,2261.1689],[-103.5689,22.4463,2218.123],[-103.5707,22.4531,2180.1562],[-103.5699,22.4556,2159.208],[-103.5739,22.4611,2115.0371],[-103.5726,22.4645,2097.6821],[-103.5739,22.4666,2117.0156],[-103.5721,22.4667,2079.9121],[-103.5708,22.4692,2105.2834],[-103.5736,22.4731,2026.0262],[-103.5806,22.4774,2000.5427],[-103.5799,22.4805,1999.1357],[-103.5825,22.4888,1965.4943],[-103.5791,22.491,1984.8441],[-103.5804,22.4955,1925.7469],[-103.5793,22.4962,1987.7617],[-103.5802,22.4987,1906.3558],[-103.5834,22.4987,1917.649],[-103.5863,22.502,1879.2374],[-103.589,22.5016,1890.6306],[-103.5946,22.5054,1852.8793],[-103.589,22.5081,1868.0354],[-103.5885,22.5144,1906.8569],[-103.5842,22.5188,1942.0604],[-103.5837,22.522,1960.2285],[-103.5853,22.5253,1996.3893],[-103.5993,22.5264,2034.3083],[-103.6024,22.5357,2018.8064],[-103.6048,22.5384,2020.3959],[-103.603,22.5435,1978.7769],[-103.606,22.5457,1898.9539],[-103.6045,22.5515,1859.1682],[-103.6021,22.5519,1846.4894],[-103.6028,22.5568,1828.2179],[-103.6097,22.5597,1675.1775],[-103.6118,22.5584,1665.7827],[-103.6175,22.5604,1685.9945],[-103.6185,22.5637,1652.7253],[-103.6224,22.5636,1658.8491],[-103.6282,22.5619,1626.0305],[-103.6305,22.5593,1618.0691],[-103.6362,22.56,1609.554],[-103.6462,22.5548,1603.2106],[-103.6516,22.5565,1605.123],[-103.6545,22.5547,1602.2616],[-103.6559,22.5516,1578.98],[-103.6596,22.5503,1567.5537],[-103.661,22.5471,1571.04],[-103.6726,22.5611,1749.5416],[-103.6742,22.5613,1749.5416],[-103.6818,22.5548,1707.3065],[-103.6869,22.5584,1616.8828],[-103.694,22.5586,1596.6011],[-103.7008,22.563,1675.8828],[-103.7115,22.5645,1789.3799],[-103.7266,22.5741,1854.4535],[-103.7385,22.572,2110.3191],[-103.7445,22.5585,2075.0334],[-103.7531,22.5579,2025.7496],[-103.7553,22.5542,1980.561],[-103.7592,22.5517,1956.7391],[-103.76,22.5556,1963.6971],[-103.7691,22.5558,2009.1965],[-103.7739,22.5464,2048.7991],[-103.7774,22.5249,2120.8096],[-103.7831,22.5111,2106.885],[-103.7857,22.5105,2108.7893],[-103.7851,22.509,2105.0464],[-103.7836,22.5098,2105.0464],[-103.785,22.4992,2123.313],[-103.7838,22.4888,2136.8528],[-103.787,22.4778,2142.4722],[-103.7956,22.465,2144.6125],[-103.7992,22.4522,2163.2854],[-103.8015,22.4499,2156.8105],[-103.8028,22.4451,2146.3582],[-103.8063,22.4418,2131.7998],[-103.808,22.4313,2151.9146],[-103.8102,22.4273,2172.9915],[-103.8101,22.4127,2200.696],[-103.8133,22.4055,2194.2461],[-103.8125,22.4015,2212.0903],[-103.8087,22.3987,2268.718],[-103.8116,22.3926,2287.0286],[-103.813,22.3839,2305.2383],[-103.8112,22.3767,2187.6455],[-103.8175,22.3715,2245.165],[-103.8175,22.3679,2254.8997],[-103.8268,22.3583,2245.5557],[-103.8262,22.3563,2269.2461],[-103.8279,22.3542,2269.0293],[-103.8306,22.3552,2275.356],[-103.8375,22.352,2304.0547],[-103.8415,22.3456,2302.199],[-103.8454,22.3428,2322.7883],[-103.846,22.3303,2335.5149],[-103.8412,22.3226,2335.8772],[-103.8367,22.3043,2408.2158],[-103.8286,22.2866,2390.1675],[-103.8398,22.2663,2365.6782],[-103.8425,22.2664,2355.9209],[-103.8449,22.2626,2324.1609],[-103.8423,22.2503,2253.6201],[-103.8435,22.2312,2302.5139],[-103.8447,22.2304,2306.052],[-103.8441,22.2221,2330.1594],[-103.8578,22.1882,2551.2295],[-103.8629,22.1669,2625.4033],[-103.8731,22.1784,2431.8857],[-103.8734,22.1845,2429.0757],[-103.8769,22.1921,2382.6948],[-103.8851,22.1964,2395.7368],[-103.8811,22.2061,2313.5588],[-103.8822,22.2145,2246.4773],[-103.8851,22.2173,2242.6543],[-103.8844,22.2203,2224.5918],[-103.8861,22.2262,2242.5676],[-103.8924,22.2288,2181.248],[-103.9017,22.2371,2123.3342],[-103.9077,22.2546,2056.7876],[-103.9102,22.2545,2054.2317],[-103.9146,22.2607,2057.1389],[-103.9179,22.262,2032.5775],[-103.9163,22.2667,2004.4385],[-103.9118,22.2705,2001.2847],[-103.914,22.2722,1992.5442],[-103.9142,22.278199999999998,1984.903],[-103.9121,22.2796,1968.1283],[-103.9123,22.2817,1944.844],[-103.9102,22.2811,1953.3976],[-103.9101,22.2833,1960.573],[-103.9136,22.2849,1935.8011],[-103.9137,22.2872,1929.1868],[-103.916,22.2885,1936.0157],[-103.9143,22.2891,1917.9211],[-103.9149,22.2909,1909.0239],[-103.9134,22.2922,1903.2554],[-103.916,22.2927,1909.7667],[-103.9161,22.3001,1887.8263],[-103.914,22.3009,1893.8755],[-103.9189,22.3044,1893.9857],[-103.9158,22.3113,1868.1846],[-103.921,22.3143,1850.3887],[-103.9197,22.3166,1854.7367],[-103.9225,22.3198,1852.7061],[-103.9204,22.3223,1903.793],[-103.9237,22.3239,1853.4136],[-103.9225,22.3272,1825.5889],[-103.9261,22.3321,1843.973],[-103.92,22.3356,1802.7168],[-103.9213,22.3479,1823.2086],[-103.9118,22.3523,1872.2711],[-103.9079,22.3621,1820.9296],[-103.9043,22.3646,1814.3301],[-103.8991,22.363,1832.5441],[-103.8957,22.3641,1858.4055],[-103.8987,22.3796,1837.4736],[-103.8973,22.3816,1856.9568],[-103.8912,22.3836,1937.3132],[-103.8925,22.388,1917.1614],[-103.8835,22.39,1888.8833],[-103.8836,22.395,1875.3457],[-103.8862,22.4002,1868.7877],[-103.8826,22.4016,1873.4598],[-103.8693,22.4013,1936.1848],[-103.8669,22.4094,1960.4014],[-103.866,22.4152,1898.3491],[-103.8696,22.4154,1896.2421],[-103.8708,22.4173,1898.9098],[-103.873,22.416,1870.6265],[-103.8746,22.417,1874.9005],[-103.8737,22.4191,1885.2444],[-103.8806,22.4182,1859.6506],[-103.8793,22.4207,1842.6586],[-103.8727,22.4228,1905.0405],[-103.8732,22.4248,1893.9678],[-103.8849,22.4306,1868.0254],[-103.8947,22.4382,1814.1299],[-103.8902,22.4418,1829.387],[-103.8807,22.4399,1869.5198],[-103.8761,22.4412,1808.7765],[-103.8784,22.4514,1788.355],[-103.8829,22.4546,1797.8344],[-103.8818,22.4688,1750.0115],[-103.8848,22.469,1828.3568],[-103.8854,22.4735,1806.5729],[-103.8821,22.4772,1737.6721],[-103.8812,22.4747,1742.0387],[-103.8761,22.472,1765.0742],[-103.8711,22.4725,1798.1486],[-103.8678,22.4784,1832.1875],[-103.8679,22.482,1834.3195],[-103.864,22.4914,1817.7483],[-103.8623,22.5019,1756.444],[-103.8644,22.5039,1763.7523],[-103.8632,22.5071,1776.033],[-103.8649,22.5075,1746.8441],[-103.8652,22.5096,1729.8684],[-103.8636,22.5099,1729.8684],[-103.866,22.5125,1721.4989],[-103.8642,22.5135,1699.7444],[-103.8682,22.5178,1717.8013],[-103.8724,22.5184,1648.1647],[-103.8752,22.5216,1634.4991],[-103.8715,22.5382,1721.0278],[-103.8699,22.5396,1730.2036],[-103.8647,22.5394,1762.3469],[-103.8681,22.5424,1699.1586],[-103.8669,22.5447,1696.1583],[-103.8612,22.5479,1734.0118],[-103.8542,22.5494,1737.338],[-103.8518,22.5536,1774.1195],[-103.8522,22.5563,1810.0789],[-103.8607,22.5651,1724.2263],[-103.8607,22.5676,1718.0577],[-103.8579,22.5665,1730.4595],[-103.856,22.5703,1725.6274],[-103.8573,22.5717,1724.5994],[-103.8554,22.5718,1724.5994],[-103.8553,22.575,1730.5867],[-103.8524,22.5776,1733.8728],[-103.8484,22.5793,1740.4659],[-103.8431,22.5791,1744.6273],[-103.8345,22.5834,1762.5895],[-103.8334,22.5858,1763.7004],[-103.8278,22.5884,1773.2382],[-103.8252,22.588,1777.8574],[-103.8233,22.5928,1778.8472],[-103.8196,22.5956,1786.6616],[-103.7735,22.6115,2020.7996],[-103.7727,22.6145,2080.2476],[-103.7677,22.6182,2127.2908],[-103.7659,22.6223,2161.0869],[-103.761,22.6256,2189.4995],[-103.7652,22.6295,2134.4927],[-103.7685,22.6433,2065.6824],[-103.7666,22.6493,2078.6099],[-103.7616,22.6505,2103.678],[-103.7587,22.6584,2147.7461],[-103.7599,22.6608,2127.5425],[-103.7636,22.6627,2133.5986],[-103.7616,22.6684,2061.9834],[-103.7637,22.6721,2078.6267],[-103.7619,22.6755,2080.6541],[-103.7632,22.677,2094.8677],[-103.7562,22.6901,2163.4941],[-103.7513,22.695,2180.2117],[-103.7534,22.6985,2188.3369],[-103.7515,22.7036,2229.7549],[-103.7536,22.7083,2253.8447],[-103.7521,22.7122,2253.4541],[-103.7557,22.7152,2297.5767],[-103.7548,22.7195,2336.6968],[-103.7691,22.7204,2205.9878],[-103.7692,22.7273,2176.1294],[-103.7711,22.7324,2102.6787],[-103.7747,22.7339,2130.2026],[-103.7814,22.7298,2081.1245],[-103.7845,22.7316,2046.5521],[-103.7863,22.73,2051.1917],[-103.7911,22.7307,2023.9868],[-103.7939,22.729,1994.7354],[-103.7953,22.7304,1994.7354],[-103.7999,22.73,1975.8633],[-103.8009,22.7315,1967.866],[-103.805,22.73,1948.6232],[-103.8056,22.7316,1956.5354],[-103.8168,22.7285,1932.71],[-103.8189,22.7302,1905.0125],[-103.8192,22.7283,1918.4907],[-103.8216,22.734,1927.9808],[-103.8266,22.7349,1911.8662],[-103.8295,22.7309,1874.4686],[-103.8299,22.733,1881.9554],[-103.8327,22.7336,1875.5668],[-103.8362,22.728,1861.6025],[-103.8385,22.7318,1860.8827],[-103.8487,22.7316,1833.9736],[-103.8546,22.7297,1822.7643],[-103.858,22.7333,1828.0216],[-103.8655,22.7354,1806.1744],[-103.8678,22.7324,1787.1426],[-103.8703,22.7355,1766.425],[-103.8737,22.7352,1763.1245],[-103.8751,22.7372,1768.606],[-103.8814,22.7345,1712.1274],[-103.8911,22.7352,1647.3577],[-103.8983,22.7283,1655.6515],[-103.9034,22.7309,1642.4877],[-103.9016,22.7349,1856.634],[-103.9025,22.7384,1847.9359],[-103.9066,22.7463,1746.6094],[-103.9093,22.7474,1747.9956],[-103.9093,22.7501,1736.4675],[-103.9235,22.7485,1713.8195],[-103.9314,22.7452,1728.2223],[-103.9404,22.7502,1664.5706],[-103.9467,22.7457,1670.2012],[-103.951,22.7473,1687.3774],[-103.9586,22.7453,1648.7952],[-103.9615,22.7471,1624.8873],[-103.968,22.7469,1572.7437],[-103.9706,22.7457,1615.4783],[-103.972,22.7416,1535.7214],[-103.9751,22.7449,1576.8209],[-103.9743,22.747,1593.5663],[-103.9786,22.7467,1412.8031],[-103.9891,22.7418,1380.5125],[-103.9904,22.7431,1332.7207],[-103.9889,22.7465,1318.4224],[-103.9919,22.748,1341.8798],[-104.003,22.7469,1233.3264],[-104.0078,22.7443,1197.965],[-104.0095,22.7474,1281.9775],[-104.0119,22.7479,1177.1681],[-104.0165,22.7449,1186.1311],[-104.0257,22.7433,1175.1704],[-104.0278,22.7417,1137.7744],[-104.0277,22.739,1129.5012],[-104.036,22.734,1099.5928],[-104.037,22.7296,1083.6061],[-104.0408,22.7281,1081.2496],[-104.0466,22.7286,1074.9371],[-104.0559,22.724,1068.5654],[-104.0555,22.7201,1093.3242],[-104.048,22.7135,1050.4391],[-104.0489,22.7093,1056.8976],[-104.0511,22.7078,1051.645],[-104.0561,22.709,1057.5802],[-104.0642,22.707,1049.281],[-104.0608,22.6991,1048.7098],[-104.058,22.6967,1039.4641],[-104.0592,22.6921,1045.1582],[-104.0626,22.6927,1042.5776],[-104.0699,22.7014,1032.9208],[-104.0725,22.701,1039.1722],[-104.0733,22.6941,1031.8662],[-104.0692,22.6901,1036.073],[-104.0664,22.6908,1050.0139],[-104.0595,22.6875,1023.6874],[-104.0527,22.6887,1023.0675],[-104.049,22.6871,1031.2648],[-104.0466,22.6842,1039.516],[-104.0469,22.6818,1027.9384],[-104.0548,22.6784,1021.3927],[-104.0469,22.6771,1039.337],[-104.0433,22.6719,1102.1938],[-104.0337,22.6707,1123.9489],[-104.0328,22.6763,1148.2798],[-104.0308,22.6791,1148.9747],[-104.0261,22.6743,1177.9932],[-104.0155,22.6689,1218.7478],[-104.0195,22.6526,1158.8047],[-104.0252,22.652,1083.2203],[-104.0248,22.653,1078.5659],[-104.0275,22.6484,1054.114],[-104.0277,22.6395,1033.4105],[-104.0333,22.6341,1023.9669],[-104.0307,22.628,998.4668],[-104.0259,22.6242,1013.5925],[-104.0266,22.6165,1026.6348],[-104.0249,22.6172,1017.1527],[-104.027,22.6132,1023.3587],[-104.0241,22.6093,1032.3596],[-104.0234,22.6035,1052.2379],[-104.0181,22.597,1079.9755],[-104.0062,22.5955,1117.6543],[-103.9964,22.5908,1225.6411],[-103.9889,22.5925,1335.2473],[-103.9862,22.5909,1344.4362],[-103.9833,22.5855,1502.4142],[-103.99,22.5825,1445.3784],[-103.9902,22.573,1299.71],[-104.0008,22.5668,1159.8466],[-103.9994,22.5643,1187.7416],[-103.9939,22.5645,1194.9558],[-103.9936,22.561,1216.5728],[-103.9907,22.557,1275.3877],[-103.9869,22.5559,1353.9866],[-103.9853,22.5534,1360.9185],[-103.9839,22.5541,1370.6041],[-103.9822,22.5495,1394.9154],[-103.9723,22.5451,1448.1292],[-103.973,22.5431,1532.6697],[-103.9801,22.5406,1513.548],[-103.9857,22.5427,1475.4338],[-103.9989,22.5436,1202.5552],[-104.0031,22.5413,1154.8855],[-104.0056,22.5366,1118.9678],[-104.0028,22.5353,1125.1375],[-103.9998,22.5308,1151.2296],[-103.9938,22.5299,1151.5568],[-103.9904,22.5277,1209.5652],[-103.9872,22.5288,1232.3495],[-103.9913,22.5233,1349.5299],[-103.9882,22.5235,1220.7722],[-103.9848,22.5191,1239.5269],[-103.9803,22.519,1385.0983],[-103.9806,22.5151,1281.9127],[-103.9779,22.5168,1263.7506],[-103.9752,22.5135,1285.354],[-103.9743,22.5162,1399.266],[-103.9662,22.5172,1427.6384],[-103.9631,22.515,1353.5546],[-103.9634,22.508,1390.5469],[-103.9618,22.5091,1415.8434],[-103.9583,22.5077,1393.8702],[-103.9564,22.5046,1460.6486],[-103.9535,22.5055,1424.489],[-103.9524,22.5085,1425.385],[-103.95,22.5089,1441.0605],[-103.9511,22.5053,1429.9465],[-103.9499,22.5029,1431.5983],[-103.9456,22.5041,1490.9087],[-103.9417,22.5022,1474.22],[-103.9407,22.4994,1441.533],[-103.9344,22.4999,1404.7424],[-103.9381,22.4954,1417.4816],[-103.9331,22.4891,1437.9535],[-103.935,22.4881,1439.2407],[-103.9392,22.4901,1437.6245],[-103.9398,22.4889,1465.9498],[-103.9294,22.4751,1558.4924],[-103.9315,22.4736,1532.996],[-103.9347,22.4766,1511.4851],[-103.9378,22.4752,1493.2792],[-103.9382,22.4733,1500.1534],[-103.9346,22.4732,1515.2056],[-103.9334,22.4712,1534.3176],[-103.9385,22.4697,1508.9849],[-103.9368,22.4664,1532.3696],[-103.938,22.4663,1523.9373],[-103.938,22.4628,1546.2125],[-103.9493,22.4618,1603.2545],[-103.9534,22.4551,1735.6138],[-103.9587,22.4511,1872.9224],[-103.958,22.4481,1872.3979],[-103.9603,22.4446,1895.0757],[-103.9606,22.4332,1946.8206],[-103.9674,22.4331,1892.2017],[-103.9756,22.4362,1771.1829],[-103.9765,22.4354,1782.2913],[-103.9747,22.4313,1811.8036],[-103.9765,22.4304,1795.0298],[-103.9765,22.4273,1805.2303],[-103.979,22.4254,1818.9366],[-103.9815,22.4261,1832.3392],[-103.9828,22.4237,1904.6713],[-103.985,22.4231,1898.2322],[-103.9864,22.4148,1888.2373],[-103.9928,22.4105,1935.6522],[-104.0033,22.4103,1969.5626],[-104.0059,22.4087,1997.8328],[-104.0063,22.4028,2030.4001],[-104.0033,22.3899,2242.6387],[-104.0127,22.3785,1731.8427],[-104.0121,22.3708,1638.509],[-104.015,22.3684,1547.7559],[-104.0151,22.3648,1511.8398],[-104.0232,22.3645,1356.8695],[-104.0293,22.3711,1292.7039],[-104.0332,22.3708,1253.8313],[-104.0419,22.3758,1239.7665],[-104.0488,22.3764,1165.8567],[-104.0531,22.3718,1119.9495],[-104.0568,22.3721,1149.6082],[-104.0646,22.3633,1045.1597],[-104.0667,22.3641,1056.6471],[-104.0675,22.3614,1003.6223],[-104.0716,22.3618,1036.2611],[-104.0753,22.3644,973.9539],[-104.0834,22.3579,929.9005],[-104.0942,22.355,852.2936],[-104.0973,22.3578,782.8945],[-104.0956,22.3658,824.6807],[-104.0972,22.3715,836.465],[-104.0922,22.3784,802.8208],[-104.0886,22.3789,824.889],[-104.088,22.3746,884.5017],[-104.0844,22.3745,822.8278],[-104.0788,22.3769,864.7249],[-104.0769,22.3796,828.4164],[-104.0755,22.3837,822.7307],[-104.081,22.3898,821.3151],[-104.0762,22.3988,824.7825],[-104.0768,22.4072,862.882],[-104.0735,22.4132,909.9494],[-104.0728,22.4203,855.2993],[-104.0713,22.4222,886.6838],[-104.0665,22.4269,830.2169],[-104.0632,22.425,882.1498],[-104.0616,22.4258,852.7844],[-104.0636,22.4413,976.5753],[-104.0586,22.4435,882.9285],[-104.0577,22.4476,863.7157],[-104.0622,22.4513,948.668],[-104.0575,22.4558,915.8678],[-104.0516,22.4667,873.8809],[-104.0519,22.4732,893.2946],[-104.0557,22.4835,951.9141],[-104.0545,22.4884,897.7926],[-104.0566,22.4928,918.4927],[-104.0717,22.503,1021.4008],[-104.0694,22.509,925.0788],[-104.0742,22.5133,966.0042],[-104.0742,22.5157,972.0279],[-104.0688,22.522,997.988],[-104.0772,22.5318,1077.8401],[-104.0819,22.5336,1091.7855],[-104.1027,22.5314,1247.7208],[-104.1048,22.53,1261.2667],[-104.1066,22.5233,1341.8788],[-104.11,22.5228,1357.7158],[-104.115,22.5179,1447.2581],[-104.1204,22.5175,1472.9884],[-104.1208,22.5156,1500.8853],[-104.1126,22.5092,1397.8428],[-104.1133,22.5071,1395.7051],[-104.1115,22.5035,1271.8564],[-104.113,22.5039,1298.3453],[-104.1152,22.4996,1369.0901],[-104.1135,22.4966,1345.7465],[-104.1213,22.4967,1423.1086],[-104.1246,22.5025,1500.2461],[-104.1431,22.5047,1773.0527],[-104.1498,22.5097,1856.7393],[-104.1504,22.5163,1833.9557],[-104.152,22.5147,1823.5052],[-104.1566,22.5152,1858.356],[-104.1569,22.5101,1879.3232],[-104.1584,22.5093,1888.8573],[-104.1632,22.5144,1886.3596],[-104.1669,22.5123,1908.0974],[-104.1706,22.5072,1727.7963],[-104.1748,22.5075,1601.6494],[-104.1781,22.5053,1418.3043],[-104.1824,22.5077,1456.6945],[-104.1902,22.5076,1631.2268],[-104.1927,22.5038,1674.0308],[-104.1951,22.5037,1738.1371],[-104.1937,22.4998,1768.1191],[-104.199,22.4949,1990.299],[-104.2023,22.4887,2119.6597],[-104.2017,22.487,2157.2612],[-104.2075,22.4855,2224.5767],[-104.2088,22.4834,2218.6675],[-104.2148,22.4842,2248.5718],[-104.2113,22.4814,2168.7317],[-104.2012,22.483,2153.1455],[-104.1989,22.4805,1982.9893],[-104.2049,22.4719,2210.7805],[-104.2004,22.473,2208.5352],[-104.1973,22.4771,2109.8726],[-104.1952,22.4729,2201.6401],[-104.1932,22.4754,2110.9263],[-104.1908,22.4704,2182.8086],[-104.1883,22.4701,2154.7458],[-104.19,22.4683,2143.436],[-104.187,22.4698,2154.7458],[-104.1864,22.4718,2118.3228],[-104.1857,22.4714,2118.3228],[-104.1876,22.4682,2113.6614],[-104.185,22.4646,2090.6479],[-104.1957,22.4622,2149.6646],[-104.1979,22.4606,2162.5327],[-104.1982,22.4563,2130.2705],[-104.1999,22.4563,2151.3745],[-104.1951,22.4476,2168.3562],[-104.1901,22.4461,2168.479],[-104.1849,22.4484,2156.4297],[-104.1815,22.448,2091.0276],[-104.1796,22.4501,2084.5562],[-104.1751,22.4468,2049.3521],[-104.1751,22.4425,1980.2009],[-104.1675,22.4452,1985.26],[-104.17,22.4409,2021.1927],[-104.1723,22.4404,2046.1918],[-104.1717,22.4381,2055.5667],[-104.1736,22.4377,2054.6719],[-104.1747,22.4337,2137.5793],[-104.174,22.4321,2145.3254],[-104.1761,22.4317,2097.0051],[-104.1738,22.4295,2065.394],[-104.1764,22.4289,2009.729],[-104.1759,22.4274,2071.2839],[-104.1789,22.4274,1963.1201],[-104.1774,22.423,1884.9874],[-104.1744,22.4208,1875.5315],[-104.1719,22.4101,1727.5938],[-104.1737,22.4083,1681.2703],[-104.1683,22.4049,1609.1801],[-104.1647,22.3916,1400.0131],[-104.1674,22.3874,1274.3152],[-104.1777,22.3896,1340.8235],[-104.1902,22.3991,1445.2283],[-104.193,22.3991,1487.3027],[-104.1952,22.4041,1488.03],[-104.1992,22.4073,1514.7966],[-104.2016,22.4163,1633.6387],[-104.207,22.4217,1756.0658],[-104.215,22.4228,1841.6411],[-104.2165,22.4211,1877.8727],[-104.2207,22.4211,1904.1952],[-104.2257,22.4193,1928.0283],[-104.23,22.4145,1995.3201],[-104.2336,22.4151,2005.6545],[-104.2387,22.4121,1999.9448],[-104.241,22.4128,2017.3756],[-104.253,22.395,2137.2095],[-104.2517,22.394,2121.9185],[-104.2544,22.3925,2126.1953],[-104.253,22.3866,2049.1113],[-104.2573,22.3861,2039.9149],[-104.2583,22.3847,2032.0819],[-104.2593,22.3781,1915.7286],[-104.2551,22.3733,1904.3423],[-104.2567,22.3593,1761.4113],[-104.2552,22.3577,1744.5088],[-104.2547,22.3488,1706.1104],[-104.2627,22.3456,1659.6992],[-104.2653,22.3466,1718.0955],[-104.2661,22.3434,1773.8623],[-104.2738,22.3428,1935.7405],[-104.2856,22.3457,2016.3699],[-104.2927,22.344,2083.7358],[-104.2953,22.3475,2118.5376],[-104.2984,22.3478,2095.2319],[-104.293,22.3307,2188.5459],[-104.2946,22.3283,2238.6211],[-104.2992,22.3279,2217.5862],[-104.2993,22.3258,2216.0134],[-104.2927,22.32,2274.1782],[-104.2946,22.3141,2282.9431],[-104.2926,22.3074,2270.8872],[-104.2893,22.307,2285.7065],[-104.2848,22.3027,2316.158],[-104.2849,22.2971,2305.8879],[-104.2898,22.2936,2257.0378],[-104.2903,22.2868,2223.0225],[-104.2888,22.2856,2194.168],[-104.2924,22.285,2172.4175],[-104.2956,22.2769,2139.7234],[-104.3001,22.2759,2144.448],[-104.3003,22.2729,2118.522],[-104.3028,22.2717,2059.6599],[-104.3067,22.265,2018.2611],[-104.3108,22.2633,1982.7544],[-104.3155,22.2567,1953.6542],[-104.3191,22.2566,1853.1052],[-104.3224,22.2538,1843.2434],[-104.3238,22.2503,1833.6499],[-104.3287,22.2454,1787.5129],[-104.3285,22.2386,1732.8259],[-104.3259,22.2318,1692.3346],[-104.332,22.2284,1677.5962],[-104.3339,22.2158,1625.1143],[-104.3398,22.2132,1672.6653],[-104.3414,22.2096,1524.5891],[-104.3403,22.2059,1442.9402],[-104.3318,22.1998,1653.6748],[-104.3361,22.1942,1674.7723],[-104.3366,22.1867,1916.1621],[-104.3461,22.1803,2050.7026],[-104.3483,22.1763,2068.2361],[-104.3506,22.1759,2108.6768],[-104.3494,22.1698,1983.1525],[-104.3563,22.1654,2068.0542],[-104.3541,22.1567,1993.4224],[-104.3546,22.1512,2012.2053],[-104.3616,22.1367,2227.6494],[-104.3611,22.1279,2188.8516],[-104.3639,22.1221,2162.8999],[-104.3647,22.1124,2145.385],[-104.3698,22.1081,2153.9294],[-104.3732,22.1026,2125.4895],[-104.3692,22.0965,2125.626],[-104.3666,22.0875,2085.5776],[-104.3682,22.083,2083.1506],[-104.3635,22.0741,2109.1699],[-104.3635,22.06,2022.3275],[-104.3615,22.0529,1976.9673],[-104.3678,22.0452,1536.8593],[-104.365,22.0363,1471.0061],[-104.3666,22.0344,1406.5004],[-104.366,22.0296,1349.0784],[-104.3689,22.0286,1352.8364],[-104.3679,22.0256,1334.9155],[-104.369,22.0246,1305.626],[-104.3673,22.024,1351.3748],[-104.368,22.0214,1240.2909],[-104.3666,22.02,1175.3988],[-104.3613,22.0194,1112.9762],[-104.36,22.0151,1088.0413],[-104.36,22.0104,913.0707],[-104.3622,22.0097,949.4885],[-104.3625,22.0062,836.8118],[-104.3676,21.9974,695.0742],[-104.3687,21.9928,585.1525],[-104.367,21.9868,611.946],[-104.3701,21.9838,539.2259],[-104.3707,21.9762,468.6105],[-104.3671,21.9728,340.1622],[-104.3651,21.9744,356.8704],[-104.3571,21.9721,395.5206],[-104.3436,21.9747,380.4022],[-104.3409,21.9778,360.3538],[-104.3359,21.9798,349.6873],[-104.3269,21.9754,370.7047],[-104.3251,21.9776,413.628],[-104.3249,21.9841,412.9131],[-104.3198,21.9842,364.9332],[-104.3151,21.9908,384.5082],[-104.3081,21.9886,398.4],[-104.3023,21.9982,385.3392],[-104.2941,22.0028,389.579],[-104.2917,22.002,468.8094],[-104.2894,21.9984,393.8987],[-104.2856,22.0,384.7451],[-104.2814,21.9997,405.5974],[-104.2762,21.9877,437.5031],[-104.2778,21.9836,443.2992],[-104.2754,21.9806,430.5336],[-104.266,21.9769,513.3823],[-104.262,21.9769,553.5614],[-104.2585,21.9722,516.5325],[-104.246,21.9669,527.5237],[-104.2413,21.97,517.3215],[-104.2339,21.9692,504.8064],[-104.2127,21.9829,521.7153],[-104.2027,21.9828,547.89],[-104.1973,21.9859,585.9543],[-104.1933,21.9854,625.8815],[-104.1797,21.9771,642.4287],[-104.1737,21.9709,610.1442],[-104.1737,21.9634,748.231],[-104.1764,21.9571,896.8331],[-104.1769,21.9489,958.0261],[-104.1794,21.9456,944.9744],[-104.1787,21.939,1021.5912],[-104.1884,21.9282,1150.3888],[-104.1888,21.919,1196.8954],[-104.2002,21.9095,1259.4468],[-104.201,21.8915,1445.4126],[-104.1987,21.889,1494.4771],[-104.196,21.8795,1544.9039],[-104.1909,21.8772,1618.589],[-104.1864,21.868,1757.3245],[-104.1788,21.8676,1842.4189],[-104.1756,21.8719,1873.1028],[-104.1722,21.8713,1815.541],[-104.1778,21.8651,1864.8708],[-104.1796,21.8601,1889.8481],[-104.197,21.8508,1891.5944],[-104.1966,21.8505,1892.1946],[-104.195,21.8504,1912.5792],[-104.1907,21.8511,1900.6509],[-104.1872,21.8379,1699.3308],[-104.1821,21.8371,1733.5447],[-104.1807,21.8342,1639.4166],[-104.1766,21.8322,1612.4987],[-104.17,21.8205,1532.926],[-104.1646,21.816,1461.8728],[-104.1638,21.8123,1436.4386],[-104.162,21.8125,1436.4386],[-104.1617,21.8098,1438.507],[-104.1562,21.8108,1433.1951],[-104.1541,21.8076,1420.7776],[-104.1465,21.8064,1384.7067],[-104.1438,21.8023,1343.4966],[-104.1388,21.8003,1240.2856],[-104.1346,21.7937,1206.358],[-104.1304,21.7905,1203.6838],[-104.1215,21.7905,1168.3369],[-104.1095,21.7873,1108.9536],[-104.1066,21.7909,1159.7671],[-104.1017,21.7903,1149.1367],[-104.0984,21.7928,1103.3453],[-104.0933,21.7912,1085.7552],[-104.0933,21.7846,1080.7075],[-104.084,21.7858,1089.3116],[-104.0799,21.7824,1057.2239],[-104.08,21.7856,1106.1553],[-104.0772,21.7871,1068.761],[-104.0762,21.7897,1042.283],[-104.0662,21.7898,1031.5149],[-104.0653,21.7942,1065.3208],[-104.0566,21.7923,1040.7606],[-104.0523,21.7948,1045.261],[-104.0392,21.7891,1058.0562],[-104.0337,21.7907,1095.3674],[-104.028,21.7876,1090.6685],[-104.0209,21.7871,1135.9519],[-104.0107,21.7819,1278.9473],[-104.0026,21.783,1396.7463],[-103.9971,21.7793,1471.0844],[-103.9891,21.7799,1469.158],[-103.9849,21.7752,1493.2856],[-103.9846,21.7727,1490.3951],[-103.9809,21.7743,1512.9684],[-103.9778,21.7713,1511.3582],[-103.9753,21.7725,1533.1492],[-103.974,21.7708,1511.0361],[-103.961,21.7729,1525.5917],[-103.9581,21.772,1554.1843],[-103.9574,21.7735,1531.5961],[-103.9536,21.7737,1560.3203],[-103.9529,21.776,1550.9304],[-103.9511,21.7739,1546.574],[-103.9445,21.7768,1564.2458],[-103.9408,21.7754,1589.9065],[-103.9345,21.7759,1612.1088],[-103.9314,21.7736,1712.8207],[-103.9275,21.7743,1771.2371],[-103.9235,21.7718,2075.418],[-103.9186,21.7662,2222.0029],[-103.9196,21.7593,2260.0054],[-103.9161,21.7558,2296.793],[-103.9201,21.7509,2232.3262],[-103.9317,21.7513,1788.9866],[-103.9336,21.7484,1793.5457],[-103.9318,21.7434,1879.1671],[-103.9277,21.737,2147.8066],[-103.9213,21.7346,2161.769],[-103.9176,21.7294,2226.3523],[-103.9108,21.7254,2361.6313],[-103.9075,21.7184,2456.6665],[-103.9042,21.7185,2589.8857],[-103.9028,21.7163,2560.6562],[-103.9007,21.7191,2554.9255],[-103.8988,21.7277,2471.6873],[-103.8959,21.7277,2469.3838],[-103.8966,21.7127,2456.459],[-103.8914,21.7057,2220.0659],[-103.8904,21.6994,2544.7576],[-103.8877,21.6978,2484.8091],[-103.894,21.6938,2494.3308],[-103.8986,21.6874,2325.4583],[-103.9033,21.6858,2324.9553],[-103.9026,21.6829,2222.1289],[-103.9062,21.6824,2418.8315],[-103.9088,21.6738,2507.6228],[-103.9124,21.669,2524.0703],[-103.9153,21.6708,2585.6838],[-103.9213,21.6684,2375.1592],[-103.9302,21.6419,2290.7842],[-103.9118,21.6298,1949.6415],[-103.9077,21.6187,1401.4238],[-103.9098,21.6148,1323.764],[-103.9148,21.6161,1418.8267],[-103.9165,21.6183,1431.5653],[-103.9191,21.6162,1548.7128],[-103.9188,21.6134,1710.5016],[-103.9148,21.6114,1707.0054],[-103.9124,21.608,1343.6953],[-103.9165,21.6025,1574.2961],[-103.9172,21.5979,1410.2832],[-103.9232,21.5906,1561.9033],[-103.9197,21.5858,1687.6985],[-103.9192,21.582,1813.7319],[-103.9174,21.5798,1741.083],[-103.904,21.5775,1279.7347],[-103.903,21.5744,1161.4331],[-103.8959,21.5753,1078.3922],[-103.8926,21.5741,1037.0103],[-103.8902,21.5716,999.874],[-103.8927,21.566,946.068],[-103.8911,21.5638,922.7908],[-103.8918,21.5625,904.955],[-103.8861,21.5564,970.1775],[-103.8871,21.5554,950.6825],[-103.881,21.5531,823.4841],[-103.8816,21.5521,823.4841],[-103.8708,21.5487,739.1251],[-103.8687,21.5503,748.3771],[-103.8594,21.5503,829.5599],[-103.8563,21.5524,770.5804],[-103.8545,21.547,837.5325],[-103.8558,21.546,874.9384],[-103.854,21.5435,831.8066],[-103.8551,21.5429,831.8066],[-103.8534,21.542,844.0012],[-103.8559,21.5387,867.4626],[-103.854,21.5332,895.4536],[-103.858,21.5313,959.5302],[-103.8599,21.5247,1084.7974],[-103.8493,21.5145,1120.4539],[-103.8366,21.5127,1325.386],[-103.8321,21.5134,1351.3083],[-103.832,21.5095,1402.3539],[-103.8279,21.5053,1433.8741],[-103.8282,21.4982,1428.0719],[-103.8237,21.493,1274.8586],[-103.814,21.4945,1279.808],[-103.8004,21.4872,1072.002],[-103.8016,21.4898,1111.5957],[-103.793,21.4887,1134.769],[-103.7912,21.4918,1103.3462],[-103.7927,21.4927,1143.2668],[-103.7911,21.4977,1137.0697],[-103.7899,21.4968,1109.3979],[-103.7848,21.4985,1155.5297],[-103.7834,21.4973,1155.5297],[-103.7801,21.5,1301.124],[-103.7775,21.499,1338.4207],[-103.7786,21.4983,1255.4884],[-103.7741,21.4984,1234.4271],[-103.7739,21.4962,1246.4573],[-103.7777,21.4949,1338.3961],[-103.7782,21.4921,1431.1887],[-103.7703,21.4884,1396.4323],[-103.7691,21.483,1371.9081],[-103.7613,21.4817,1489.0182],[-103.7494,21.4745,1698.0304],[-103.7482,21.4709,1639.7815],[-103.7529,21.4661,1441.3184],[-103.7484,21.4623,1488.8422],[-103.7445,21.4541,1683.5717],[-103.7453,21.4517,1725.9073],[-103.742,21.4416,1826.6995],[-103.7395,21.4417,1851.3264],[-103.7337,21.4369,1924.2847],[-103.7284,21.4357,1924.417],[-103.7209,21.4254,2142.3091],[-103.7234,21.4212,2169.1716],[-103.7276,21.421,2212.1113],[-103.7313,21.4159,2350.2261],[-103.7513,21.4175,1970.7871],[-103.7548,21.4157,1978.7534],[-103.7564,21.4101,1973.7173],[-103.7644,21.4103,2083.897],[-103.7644,21.4079,2107.946],[-103.7569,21.3999,2032.8158],[-103.7596,21.3994,2029.9467],[-103.7661,21.3934,2077.5056],[-103.7673,21.3884,2108.8652],[-103.7654,21.386,2174.2117],[-103.7498,21.3821,2260.3313],[-103.7413,21.3741,2277.1057],[-103.7471,21.3598,2182.0605],[-103.7443,21.3523,2145.1992],[-103.7483,21.3451,2152.8479],[-103.7523,21.3433,2153.0676],[-103.7524,21.3411,2129.0132],[-103.7496,21.3415,2111.4343],[-103.7494,21.3367,2072.1606],[-103.7531,21.3358,2054.6409],[-103.7556,21.3377,2066.5493],[-103.7574,21.3355,2055.8364],[-103.7574,21.3298,2109.4429],[-103.7642,21.3285,2146.9592],[-103.7668,21.3265,2172.5142],[-103.7683,21.3224,2145.2371],[-103.7725,21.3203,2109.2957],[-103.7761,21.3217,2201.8997],[-103.7777,21.3115,2161.74],[-103.7806,21.3085,2158.0796],[-103.7848,21.3073,2150.072],[-103.7855,21.3057,2175.0862],[-103.792,21.3056,2165.1243],[-103.7991,21.3033,2221.3865],[-103.8036,21.3003,2184.1423],[-103.8078,21.2889,2120.5706],[-103.8121,21.2866,2128.8455],[-103.8147,21.2871,2238.1128],[-103.8203,21.281,2254.2051],[-103.8201,21.2765,2299.009],[-103.825,21.2713,2287.0989],[-103.8211,21.2665,2214.4824],[-103.821,21.2617,2221.1934],[-103.817,21.2561,2016.7994],[-103.8172,21.2511,1848.8633],[-103.8194,21.2484,1798.4934],[-103.84,21.2398,1955.6287],[-103.845,21.2403,2046.1582],[-103.853,21.2461,2188.9878],[-103.8619,21.2489,2321.3027],[-103.8639,21.2463,2252.5388],[-103.8741,21.2423,2238.5427],[-103.8752,21.2386,2206.0967],[-103.8826,21.2419,2285.1514],[-103.8869,21.2392,2264.4863],[-103.8923,21.2384,2285.4602],[-103.8969,21.2268,2515.3777],[-103.8984,21.2265,2515.3777],[-103.9031,21.2334,2408.0254],[-103.9179,21.231,1724.3445],[-103.9197,21.2342,1617.6714],[-103.9176,21.2413,1406.955],[-103.9186,21.2456,1356.2733],[-103.9311,21.2625,971.3656],[-103.9338,21.2609,908.5002],[-103.9355,21.2542,1115.7864],[-103.9286,21.2498,1564.1921],[-103.924,21.2346,1851.1722],[-103.9304,21.2353,1675.0032],[-103.9366,21.2385,1422.3472],[-103.9459,21.238,1270.397],[-103.9517,21.2446,1116.6216],[-103.9523,21.2478,1049.4709],[-103.9584,21.2528,961.9097],[-103.9606,21.2512,916.3601],[-103.9635,21.2541,848.7922],[-103.9693,21.2557,629.0807],[-103.9693,21.2569,629.0807],[-103.9735,21.2563,589.7225],[-103.9745,21.2518,642.011],[-103.9853,21.2492,621.8416],[-103.9879,21.2443,571.4916],[-104.0036,21.2365,578.6076],[-104.0061,21.228,539.5],[-104.0175,21.2272,539.5],[-104.0146,21.2207,540.4888],[-104.0168,21.2186,539.5],[-104.0151,21.2138,539.5],[-104.0172,21.2119,539.5],[-104.016,21.2075,539.5],[-104.0186,21.2051,539.5],[-104.0223,21.2051,559.7323],[-104.0223,21.2108,539.5],[-104.025,21.2129,539.5],[-104.0294,21.2087,539.5],[-104.0329,21.2027,539.5],[-104.0264,21.2005,539.5],[-104.028,21.1947,539.5],[-104.0353,21.196,539.5],[-104.0357,21.2012,539.5],[-104.0384,21.2044,539.5],[-104.0452,21.1992,539.5],[-104.0528,21.2054,539.5],[-104.055,21.2046,539.5],[-104.0548,21.1965,539.5],[-104.0563,21.1941,539.5],[-104.0595,21.1939,539.5],[-104.0619,21.2001,539.5],[-104.0679,21.1982,539.5],[-104.0694,21.1945,539.5],[-104.0661,21.1897,539.5],[-104.0686,21.1868,539.5],[-104.0728,21.1902,539.5],[-104.081,21.1897,539.5],[-104.0809,21.2018,539.5],[-104.0824,21.2043,539.5],[-104.0857,21.2054,539.5],[-104.0885,21.2036,539.5],[-104.0888,21.1961,539.5],[-104.0942,21.1958,539.5],[-104.1,21.2009,539.5],[-104.1088,21.1956,458.3249],[-104.1091,21.1901,404.8766],[-104.1108,21.1886,398.6341],[-104.124,21.1963,387.4661],[-104.1286,21.191,385.9139],[-104.1387,21.1887,394.8787],[-104.1473,21.1916,382.5],[-104.1595,21.1846,382.0],[-104.1658,21.1889,462.0149],[-104.1772,21.1882,393.8631],[-104.1964,21.1936,395.0526],[-104.2028,21.1928,381.0],[-104.2087,21.1893,381.0],[-104.2142,21.1796,388.1413],[-104.2194,21.1766,380.5],[-104.2173,21.1747,435.1267],[-104.2187,21.1743,380.5],[-104.2179,21.1727,380.5],[-104.2205,21.1733,419.0561],[-104.2205,21.1698,389.1441],[-104.2236,21.1692,412.6512],[-104.2215,21.1658,417.0505],[-104.2242,21.1605,456.2459],[-104.2217,21.159,418.7777],[-104.2249,21.1577,433.0289],[-104.222,21.1533,432.2686],[-104.2252,21.1512,436.7937],[-104.2221,21.1467,457.0605],[-104.2228,21.1452,479.1073],[-104.2212,21.1444,465.1005],[-104.2215,21.1407,466.4686],[-104.2191,21.1409,494.2423],[-104.219,21.1376,474.3668],[-104.2151,21.1391,531.0793],[-104.215,21.134,503.9489],[-104.2127,21.134,528.8459],[-104.2106,21.1309,561.7207],[-104.2123,21.1246,610.5778],[-104.2111,21.1211,587.1729],[-104.2127,21.1204,587.8585],[-104.2109,21.1186,644.1697],[-104.2148,21.1168,595.652],[-104.2121,21.1145,566.0863],[-104.2155,21.114,642.9934],[-104.2146,21.1077,604.9595],[-104.2208,21.1014,620.9845],[-104.2214,21.0979,616.9663],[-104.2181,21.0929,630.2572],[-104.2183,21.0878,689.5182],[-104.2167,21.0858,757.7147],[-104.2199,21.0801,844.56],[-104.2187,21.0786,860.9428],[-104.2226,21.0735,983.7756],[-104.2218,21.07,1082.313],[-104.2291,21.0662,996.4785],[-104.2348,21.0677,1037.2474],[-104.2392,21.0571,1417.8538],[-104.2378,21.0561,1346.926],[-104.2384,21.0523,1464.4636],[-104.2316,21.0506,1376.2251],[-104.2311,21.0492,1345.3829],[-104.2308,21.051,1376.2251],[-104.2252,21.0505,1134.2177],[-104.2274,21.0457,1165.4243],[-104.2266,21.0443,1198.8323],[-104.2358,21.0401,1149.1677],[-104.2346,21.035,1039.5645],[-104.236,21.0315,1246.3405],[-104.2397,21.0279,1330.8611],[-104.2418,21.0286,1281.0305],[-104.2427,21.0273,1329.8341],[-104.2407,21.0217,1316.4795],[-104.2371,21.0215,1399.5],[-104.2296,21.0163,1517.3679],[-104.2243,21.0076,1560.5465],[-104.2253,21.0057,1556.5159],[-104.2232,21.0013,1543.3582],[-104.225,20.9961,1512.9552],[-104.2339,20.9983,1499.9144],[-104.2355,20.9942,1563.9078],[-104.2385,20.9922,1615.4852],[-104.2367,20.9903,1619.8013],[-104.2381,20.9842,1645.3744],[-104.236,20.9807,1583.8248],[-104.2365,20.9773,1638.9373],[-104.2331,20.9687,1643.9697],[-104.2279,20.9672,1688.627],[-104.2271,20.965,1731.4467],[-104.2186,20.9603,1772.8961],[-104.2013,20.9592,1990.1855],[-104.2011,20.9573,1956.2928],[-104.2045,20.9549,1995.6378],[-104.2046,20.952,2099.8303],[-104.208,20.9511,2040.9346],[-104.2066,20.9364,2141.2012],[-104.2211,20.9415,1960.4866],[-104.2288,20.9356,1882.4634],[-104.2301,20.932,1909.7969],[-104.2365,20.9262,1922.4641],[-104.2465,20.9212,1878.2302],[-104.2471,20.9099,1863.0498],[-104.2489,20.9058,1831.2197],[-104.2562,20.8969,1504.0315],[-104.2679,20.8875,1474.5844],[-104.2909,20.8878,1499.0239],[-104.2884,20.8853,1487.7253],[-104.2854,20.875,1366.4933],[-104.2791,20.8645,1298.9302],[-104.2907,20.8623,1230.4469],[-104.2902,20.849,1123.8481],[-104.2951,20.8479,1083.4663],[-104.2954,20.8455,1092.7686],[-104.2982,20.8474,1077.8724],[-104.3021,20.8457,1065.2877],[-104.3088,20.8468,1122.1897],[-104.3127,20.843,1055.9766],[-104.3126,20.8404,1026.9872],[-104.3157,20.840699999999998,1024.1958],[-104.3184,20.8386,1002.2717],[-104.3225,20.8413,991.3592],[-104.3317,20.8427,965.3132],[-104.3343,20.8467,965.5995],[-104.3419,20.8442,958.012],[-104.3452,20.8464,920.7476],[-104.3473,20.8448,935.0023],[-104.35,20.8457,962.9041],[-104.3536,20.8428,906.4636],[-104.3563,20.8437,922.6795],[-104.36,20.8419,909.5148],[-104.3593,20.8401,980.4549],[-104.3618,20.8409,984.3635],[-104.3617,20.8385,949.6038],[-104.3584,20.8343,1022.0732],[-104.3589,20.824,1162.0242],[-104.3571,20.8199,1311.4851],[-104.3603,20.8198,1285.9176],[-104.3641,20.8139,1462.0228],[-104.3504,20.8116,1638.8562],[-104.3759,20.7841,923.0939],[-104.3752,20.7754,815.6005],[-104.3664,20.7831,915.7441],[-104.3614,20.7854,978.6403],[-104.3582,20.7905,1080.1117],[-104.3464,20.7932,1253.9243],[-104.3453,20.7908,1286.999],[-104.3358,20.7899,1489.5735],[-104.3283,20.7981,1621.4764],[-104.2976,20.7708,1573.6851],[-104.2915,20.7706,1624.2439],[-104.2902,20.773,1673.1936],[-104.2922,20.7771,1758.5422],[-104.2899,20.7813,1722.759],[-104.2829,20.7835,1688.0319],[-104.28,20.7689,1658.4901],[-104.2745,20.77,1626.79],[-104.2599,20.7353,1698.8451],[-104.2476,20.7263,1654.645],[-104.2466,20.7183,1501.0687],[-104.2418,20.7134,1408.6003],[-104.2414,20.71,1404.1709],[-104.2474,20.7056,1259.4971],[-104.2481,20.6996,1202.6399],[-104.2428,20.6943,1112.8156],[-104.2433,20.6917,1084.3638],[-104.248,20.6897,1040.9365],[-104.2479,20.6865,993.2794],[-104.2532,20.6823,973.4199],[-104.2458,20.6738,1305.876],[-104.2469,20.6709,1357.9905],[-104.237,20.6651,1514.9363],[-104.2365,20.6629,1570.3163],[-104.2387,20.6603,1571.5698],[-104.2553,20.6533,1367.1895],[-104.2571,20.6459,1389.8846],[-104.2604,20.6428,1342.8248],[-104.2602,20.6413,1403.9075],[-104.2469,20.6315,1344.2947],[-104.248,20.6294,1290.7399],[-104.2538,20.6306,1298.1021],[-104.2547,20.6184,1109.7126],[-104.253,20.6182,1092.687],[-104.2519,20.6145,1086.6913],[-104.2553,20.6125,1132.7532],[-104.2554,20.6108,1094.7589],[-104.2515,20.6083,1034.4427],[-104.2529,20.6076,1038.0984],[-104.2536,20.6034,1002.5195],[-104.2587,20.6043,1010.302],[-104.267,20.6142,989.2167],[-104.2745,20.6166,1014.943],[-104.275,20.6222,1012.7798],[-104.2788,20.6238,970.2044],[-104.2801,20.6282,981.6887],[-104.282,20.629,988.5743],[-104.2808,20.6354,978.3314],[-104.2828,20.6362,973.6715],[-104.2815,20.6412,977.8826],[-104.2826,20.6427,986.0347],[-104.2806,20.6464,1001.1124],[-104.2848,20.6529,938.3995],[-104.2834,20.6576,921.7659],[-104.287,20.6586,945.0621],[-104.288,20.6604,926.439],[-104.2864,20.6683,938.0214],[-104.2846,20.6706,909.4333],[-104.2884,20.6754,897.8574],[-104.2891,20.6829,887.9893],[-104.287,20.6865,886.3995],[-104.2885,20.6892,883.0123],[-104.2949,20.6925,874.478],[-104.2979,20.6916,889.7542],[-104.3056,20.6942,868.3113],[-104.308,20.6968,865.0918],[-104.3072,20.6998,860.1262],[-104.309,20.7037,855.1257],[-104.3164,20.707,887.2092],[-104.3185,20.7135,846.3096],[-104.3229,20.714,846.3737],[-104.3241,20.7175,860.3596],[-104.3319,20.7167,834.7061],[-104.3359,20.7215,834.1598],[-104.3508,20.7253,884.2271],[-104.3534,20.7359,814.5533],[-104.359,20.7371,809.6209],[-104.3637,20.7444,799.0648],[-104.3671,20.7447,797.3701],[-104.3723,20.7413,794.8221],[-104.3775,20.7424,786.3365],[-104.3765,20.7476,805.2191],[-104.3789,20.7552,814.493],[-104.386,20.7632,769.7083],[-104.3842,20.7665,760.0097],[-104.3887,20.768,780.1221],[-104.3914,20.7726,765.4119],[-104.395,20.7744,779.2638],[-104.3966,20.7808,740.0263],[-104.4018,20.7832,736.3755],[-104.4036,20.7861,760.565],[-104.4125,20.79,726.0906],[-104.4141,20.7938,738.3362],[-104.4191,20.7962,732.0947],[-104.4234,20.7913,714.7812],[-104.4273,20.791,713.1747],[-104.4291,20.7924,710.4091],[-104.4293,20.7968,710.0417],[-104.4343,20.8004,712.74],[-104.4357,20.8058,698.1443],[-104.4386,20.8053,699.4576],[-104.441,20.8077,714.1832],[-104.4493,20.8035,707.693],[-104.4555,20.8068,685.2526],[-104.4584,20.8065,725.6293],[-104.4584,20.809,697.5894],[-104.463,20.8108,701.2798],[-104.46,20.8131,688.6513],[-104.4643,20.814,676.6995],[-104.4742,20.8199,674.2623],[-104.4769,20.8196,720.2862],[-104.4755,20.8227,663.4886],[-104.4803,20.8233,677.286],[-104.4802,20.825,672.3664],[-104.4836,20.8274,679.5007],[-104.4853,20.8333,665.59],[-104.4901,20.835,642.595],[-104.4932,20.8388,661.5861],[-104.4999,20.8382,671.9146],[-104.5032,20.8418,652.7648],[-104.5016,20.8454,611.2366],[-104.5043,20.8468,632.8088],[-104.5064,20.8608,602.4633],[-104.5106,20.8597,611.3243],[-104.514,20.8665,571.7045],[-104.5195,20.8692,578.801],[-104.5226,20.8797,558.7756],[-104.5248,20.8805,562.4929],[-104.5232,20.8829,556.643],[-104.5244,20.8858,554.7072],[-104.529,20.8856,558.0093],[-104.5311,20.8827,550.1505],[-104.5346,20.884,547.3588],[-104.5349,20.8878,545.1382],[-104.5333,20.8897,546.0746],[-104.536,20.8939,542.6432],[-104.5357,20.8959,545.1355],[-104.5433,20.8976,537.1475],[-104.5447,20.9011,570.1116],[-104.5429,20.9119,529.6046],[-104.5511,20.9171,521.5728],[-104.5557,20.9181,520.5013],[-104.5575,20.9208,532.3302],[-104.5569,20.9242,518.834],[-104.5602,20.9262,516.5865],[-104.5645,20.9263,520.7474],[-104.5693,20.9309,532.3729],[-104.5763,20.9307,508.6623],[-104.5782,20.934,561.2971],[-104.5907,20.9346,515.6382],[-104.5915,20.9315,491.2975],[-104.601,20.9314,474.5189],[-104.6071,20.9262,472.9528],[-104.6107,20.9256,470.8608],[-104.6118,20.9232,486.4873],[-104.617,20.9231,460.1966],[-104.6227,20.9263,455.9665],[-104.6285,20.9239,451.9711],[-104.6333,20.9281,491.7596],[-104.6346,20.9319,453.2899],[-104.6381,20.9341,439.8423],[-104.647,20.9354,434.9106],[-104.6529,20.9322,430.6793],[-104.6581,20.9332,490.553],[-104.6621,20.9387,426.7588],[-104.6614,20.944,440.7232],[-104.6691,20.9413,415.9291],[-104.681,20.9438,409.4429],[-104.6827,20.9492,409.1395],[-104.6787,20.9547,403.7042],[-104.6811,20.9607,398.5933],[-104.6926,20.9617,393.9221],[-104.6977,20.9654,388.4844],[-104.7057,20.9669,434.5463],[-104.7083,20.9696,383.2948],[-104.7071,20.9724,409.5614],[-104.7089,20.9744,444.3806],[-104.7134,20.9733,399.5552],[-104.7162,20.9749,386.3347],[-104.7142,20.9778,376.5093],[-104.7158,20.9805,402.6157],[-104.7216,20.9827,378.7282],[-104.7294,20.9832,370.2025],[-104.7262,20.9914,387.4584],[-104.728,20.9951,434.8475],[-104.7255,20.998,390.4875],[-104.7252,21.0005,463.0411],[-104.727,21.0029,371.3372],[-104.7251,21.0048,418.7451],[-104.7282,21.0075,438.5779],[-104.7285,21.0114,358.47],[-104.73,21.0123,386.5369],[-104.7318,21.0121,386.5369],[-104.7342,21.008,361.1366],[-104.7392,21.0061,356.9685],[-104.7499,21.009,356.6223],[-104.7525,21.0123,374.3483],[-104.7603,21.0119,399.5501],[-104.7626,21.0089,348.9603],[-104.7669,21.0106,369.8104],[-104.7717,21.0086,385.1983],[-104.7751,21.0175,361.0605],[-104.7778,21.0175,332.9849],[-104.7794,21.0212,328.6686],[-104.7825,21.0234,323.443],[-104.7836,21.0202,351.1225],[-104.7902,21.015,346.1499],[-104.7954,21.0141,322.4867],[-104.8032,21.0165,315.5931],[-104.8102,21.012,348.714],[-104.815,21.0153,309.9274],[-104.821,21.0148,319.7797],[-104.8277,21.0181,294.23],[-104.8325,21.0141,285.3907],[-104.8354,21.0194,286.0651],[-104.8381,21.02,280.2893],[-104.8374,21.0157,282.1354],[-104.8412,21.0067,288.93],[-104.8537,21.005,291.4911],[-104.8513,21.0002,266.9365],[-104.8579,20.9944,252.6881],[-104.8634,20.9959,270.4116],[-104.8669,20.9952,243.835],[-104.8735,20.9824,234.2582],[-104.8808,20.9809,260.6082],[-104.8823,20.9789,245.282],[-104.881,20.976,233.2995],[-104.8827,20.9737,287.6135],[-104.8895,20.9738,262.2789],[-104.8934,20.9671,181.6833],[-104.9006,20.9627,174.4952],[-104.9023,20.9561,164.1446],[-104.8986,20.9524,164.7743],[-104.9005,20.9463,189.417],[-104.9047,20.9454,157.8903],[-104.9065,20.9422,152.7355],[-104.9134,20.9442,230.4927],[-104.9283,20.9395,151.0586],[-104.9343,20.9345,149.3519],[-104.9412,20.9351,137.9277],[-104.9431,20.9327,144.5772],[-104.9532,20.9301,129.3148],[-104.9585,20.9247,150.2388],[-104.9605,20.9199,124.0185],[-104.9639,20.9191,125.1517],[-104.9672,20.9095,118.0635],[-104.9698,20.9091,118.5007],[-104.9819,20.9147,115.5252],[-104.9872,20.9204,108.6803],[-104.9904,20.9216,120.3499],[-104.9974,20.9195,119.6998],[-105.0002,20.9117,101.5],[-105.0034,20.9109,105.2266],[-105.0022,20.9159,103.9702],[-105.0063,20.9225,126.3067],[-105.0121,20.9186,92.326],[-105.0202,20.9181,109.1194],[-105.0212,20.9115,92.6304],[-105.0276,20.9114,88.9617],[-105.0293,20.9093,86.9864],[-105.0316,20.9092,86.3095],[-105.0391,20.9131,131.3789],[-105.0389,20.9185,109.1314],[-105.0363,20.9249,80.3223],[-105.0397,20.9302,79.2802],[-105.0446,20.9314,76.2289],[-105.0468,20.9343,77.6495],[-105.0502,20.9317,76.1177],[-105.0544,20.9328,75.3848],[-105.0581,20.9309,74.4027],[-105.0605,20.9335,72.1584],[-105.0652,20.9313,69.751],[-105.0682,20.9318,70.515],[-105.0728,20.928,67.0086],[-105.0803,20.9315,69.4104],[-105.0855,20.9239,64.1293],[-105.0994,20.9188,74.3322],[-105.0974,20.9159,59.8329],[-105.1045,20.9123,56.9697],[-105.1045,20.9078,60.2858],[-105.1122,20.9048,54.6531],[-105.112,20.9004,73.2855],[-105.1172,20.9008,55.246],[-105.1171,20.897,55.556399999999996],[-105.1281,20.8892,50.3708],[-105.1425,20.8865,47.373],[-105.1425,20.8838,46.0072],[-105.1391,20.8819,56.4244],[-105.1412,20.8756,46.1888],[-105.1482,20.8687,43.1525],[-105.153,20.8689,43.9558],[-105.1539,20.867,40.297],[-105.1527,20.8619,41.4723],[-105.1606,20.8574,39.6487],[-105.1554,20.8531,40.0084],[-105.1578,20.8501,37.3565],[-105.1628,20.8487,36.774],[-105.1612,20.84,34.1622],[-105.1638,20.8343,33.4496],[-105.1616,20.8311,33.9592],[-105.1651,20.8289,31.6663],[-105.1657,20.8205,30.7367],[-105.1713,20.8211,29.809],[-105.1712,20.8168,29.0045],[-105.1739,20.8139,27.5144],[-105.1711,20.8112,28.3961],[-105.1728,20.806,26.7689],[-105.1676,20.8037,26.6257],[-105.171,20.7961,24.6695],[-105.1623,20.7925,24.6665],[-105.1734,20.7677,19.9243],[-105.197,20.7772,18.844],[-105.201,20.7726,15.0433],[-105.2019,20.7672,15.4914],[-105.2058,20.7641,15.3982],[-105.2094,20.7665,16.8796],[-105.2114,20.7659,15.2942],[-105.2203,20.7612,12.1666],[-105.2229,20.7562,8.7425],[-105.2342,20.7476,9.3606],[-105.2399,20.7474,9.3528],[-105.2369,20.7275,7.8292],[-105.2391,20.7259,7.0094],[-105.2447,20.7266,4.6353],[-105.2456,20.7241,7.7425],[-105.2437,20.7197,3.9976],[-105.2462,20.7129,5.802],[-105.2422,20.7078,5.7244],[-105.2426,20.7042,3.6109],[-105.2519,20.705,3.2334],[-105.2559,20.7028,2.7234],[-105.2565,20.6946,1.6074],[-105.2606,20.6924,2.3829],[-105.2627,20.6892,2.9895],[-105.2603,20.6856,3.8727],[-105.2613,20.6798,4.442],[-105.2657,20.6789,4.451],[-105.2724,20.6838,3.2152],[-105.2789,20.6813,0.0],[-105.2784,20.6759,2.3246],[-105.2744,20.6756,6.0107],[-105.2744,20.6737,9.122],[-105.2763,20.672,1.5491],[-105.2805,20.6733,0.0],[-105.2812,20.6721,0.0],[-105.2648,20.6659,1.4095],[-105.2477,20.6548,0.5871],[-105.2457,20.6584,0.0],[-105.2507,20.6629,1.7457],[-105.2528,20.663,5.2963],[-105.2502,20.6665,4.0772],[-105.2499,20.6631,2.2856],[-105.2476,20.6635,2.6026],[-105.2469,20.6623,2.6026],[-105.2483,20.6618,1.6194],[-105.2466,20.6607,1.6194],[-105.2459,20.662,5.4267],[-105.2418,20.6566,0.6367],[-105.2421,20.6536,3.8166],[-105.2453,20.6534,2.5773],[-105.2417,20.6437,0.5569],[-105.2336,20.6353,5.0244],[-105.232,20.6248,0.0],[-105.233,20.6154,4.5953],[-105.2384,20.6053,0.0],[-105.24,20.5966,21.2884],[-105.2439,20.5922,13.9599],[-105.2446,20.5824,3.1284],[-105.2578,20.5577,7.0071],[-105.2597,20.5559,12.7224],[-105.2638,20.5555,0.0],[-105.2742,20.5482,13.8306],[-105.2874,20.5449,26.8964],[-105.288,20.5393,12.6241],[-105.2923,20.5355,0.0],[-105.2912,20.534,22.7466],[-105.2921,20.5321,0.0],[-105.2968,20.5337,4.0819],[-105.2962,20.5311,10.5701],[-105.2999,20.5303,11.9348],[-105.3024,20.5276,5.3503],[-105.3195,20.5188,0.0],[-105.3195,20.5163,0.0],[-105.3158,20.5132,22.496],[-105.3166,20.5115,66.8494],[-105.325,20.5139,0.0],[-105.3254,20.512,81.0718],[-105.3285,20.513,17.1765],[-105.3362,20.5118,15.1774],[-105.3441,20.5073,0.0],[-105.3538,20.5083,22.7643],[-105.3697,20.5042,1.9199],[-105.372,20.5061,7.7484],[-105.3748,20.5044,8.6721],[-105.3801,20.5057,0.0],[-105.3815,20.5045,19.222],[-105.3859,20.5056,6.0412],[-105.3864,20.5073,0.0],[-105.3913,20.5059,7.7514],[-105.3989,20.5074,26.1613],[-105.4001,20.5089,0.0],[-105.4019,20.5067,43.6605],[-105.4065,20.5061,9.9486],[-105.4079,20.5035,90.9421],[-105.4112,20.5044,0.0],[-105.4112,20.5021,18.8684],[-105.4162,20.5036,33.7401],[-105.42,20.5019,63.9725],[-105.4248,20.4971,163.7264],[-105.4273,20.4996,31.069],[-105.4421,20.5009,3.1939],[-105.4456,20.4983,78.4391],[-105.4425,20.492,0.8788],[-105.4453,20.4883,14.1014],[-105.4488,20.489,16.0622],[-105.4573,20.495,45.8346],[-105.4646,20.4964,28.1444],[-105.4756,20.4959,0.0],[-105.4811,20.4923,36.1141],[-105.4842,20.494,0.0],[-105.4871,20.4924,2.0952],[-105.4875,20.4901,75.4076],[-105.4944,20.4894,15.3413],[-105.502,20.4922,0.0],[-105.5131,20.4918,48.5472],[-105.5167,20.4934,11.8493],[-105.5198,20.491,94.9185],[-105.5279,20.4919,35.6182],[-105.5365,20.4889,0.0],[-105.5405,20.4894,0.7218],[-105.5434,20.4858,46.8326],[-105.5538,20.4879,14.2741],[-105.558,20.4873,0.0],[-105.5672,20.4821,12.1557],[-105.5744,20.4834,16.7143],[-105.5843,20.4765,39.525],[-105.5875,20.4765,15.4816],[-105.5918,20.4735,32.9638],[-105.6041,20.4758,0.0],[-105.6062,20.4732,26.041],[-105.608,20.4735,11.647],[-105.6092,20.4686,173.2586],[-105.6103,20.4711,15.1918],[-105.6143,20.4711,9.6127],[-105.6211,20.4614,0.0],[-105.6214,20.4587,197.5586],[-105.626,20.4561,5.0428],[-105.6356,20.4458,0.0],[-105.643,20.4423,0.0],[-105.6482,20.4446,10.3345],[-105.6482,20.4432,36.8751],[-105.6513,20.4413,0.0],[-105.6497,20.4384,0.0],[-105.6544,20.4281,0.0],[-105.6576,20.4259,26.8125],[-105.6595,20.4274,0.0],[-105.6662,20.4278,0.0],[-105.6713,20.4259,0.5702],[-105.6708,20.4221,6.6518],[-105.6726,20.4179,0.0],[-105.6704,20.4145,2.3937],[-105.6738,20.4129,37.7056],[-105.672,20.4106,16.0644],[-105.6724,20.4074,0.0],[-105.678,20.4082,20.3236],[-105.6802,20.4119,3.3341],[-105.6871,20.412,6.922],[-105.6888,20.4117,0.0],[-105.6886,20.4103,58.8845],[-105.6943,20.4097,2.9874],[-105.6952,20.4062,0.0],[-105.6927,20.3885,4.4812],[-105.6863,20.3732,5.1905],[-105.6854,20.3693,0.4193],[-105.6865,20.3677,2.9054],[-105.6763,20.3523,16.705],[-105.6764,20.3485,14.7432],[-105.674,20.3437,2.8915],[-105.6594,20.3254,0.0],[-105.6562,20.3177,1.713],[-105.6476,20.3123,12.5885],[-105.5902,20.2631,0.0],[-105.5848,20.2556,2.1848],[-105.5848,20.2479,8.0387],[-105.5824,20.2471,5.4785],[-105.5824,20.2442,4.2933],[-105.5784,20.2397,53.1942],[-105.5811,20.2382,17.4838],[-105.5766,20.2352,3.4676],[-105.5748,20.2354,0.0],[-105.5746,20.2384,9.3627],[-105.5723,20.2392,20.8996],[-105.5627,20.2349,4.23],[-105.5587,20.2317,18.7118],[-105.5543,20.2248,2.0483],[-105.5465,20.2026,3.5137],[-105.5427,20.1848,1.1369],[-105.5481,20.1685,3.6728],[-105.5481,20.1372,3.4708],[-105.5453,20.1113,0.0],[-105.546,20.1021,0.0],[-105.5471,20.0993,0.0],[-105.5489,20.0988,0.0],[-105.5496,20.0946,1.3265],[-105.5445,20.0913,8.5627],[-105.5124,20.0253,0.0],[-105.4927,19.9923,0.0],[-105.4102,19.8816,0.0],[-105.3891,19.8561,0.0],[-105.3583,19.8227,4.4395],[-105.3446,19.8049,1.0755],[-105.3329,19.7854,0.0],[-105.3288,19.7757,0.0],[-105.3279,19.7711,0.0],[-105.3303,19.7664,1.5722],[-105.3192,19.7586,0.0],[-105.3035,19.7422,15.0276],[-105.2918,19.7253,0.0],[-105.2912,19.7201,0.1402],[-105.2757,19.7095,0.5277],[-105.2635,19.6956,0.0],[-105.26,19.6888,2.5687],[-105.2594,19.6835,0.0],[-105.2606,19.6812,4.9916],[-105.2637,19.6813,0.0],[-105.2644,19.6793,0.5537],[-105.2608,19.679,1.8137],[-105.2497,19.6715,1.7085],[-105.2087,19.6354,4.996],[-105.2022,19.6314,0.0],[-105.1987,19.6259,12.1368],[-105.2015,19.6229,0.0],[-105.1995,19.6213,5.0632],[-105.1894,19.6221,22.9735],[-105.1807,19.6207,3.034],[-105.1771,19.6171,1.7023],[-105.1705,19.6162,0.0],[-105.1622,19.6115,0.0],[-105.1596,19.6067,10.3328],[-105.1619,19.6037,0.0],[-105.1604,19.6032,0.0],[-105.1595,19.6047,21.6021],[-105.1527,19.6035,0.0],[-105.1506,19.6004,0.0],[-105.1528,19.5968,9.5835],[-105.1506,19.5923,2.6935],[-105.1524,19.5904,6.9192],[-105.1523,19.5871,0.0],[-105.1444,19.5833,13.9659],[-105.1458,19.5826,0.0],[-105.1442,19.5818,7.8428],[-105.1423,19.5751,0.0],[-105.141,19.5748,0.0],[-105.1416,19.5771,17.7752],[-105.1387,19.5756,6.9559],[-105.1342,19.576,5.8716],[-105.1343,19.5805,9.0746],[-105.1332,19.5802,12.9745],[-105.1344,19.5851,4.1824],[-105.1328,19.5866,0.9373],[-105.1285,19.5879,2.7118],[-105.1195,19.5873,1.9854],[-105.1089,19.5825,1.5681],[-105.1024,19.5758,1.2605],[-105.0974,19.5661,0.0],[-105.089,19.5605,1.2775],[-105.0892,19.5542,3.1137],[-105.0857,19.5498,5.7257],[-105.0814,19.5318,0.6234],[-105.0848,19.5291,1.5941],[-105.0844,19.5269,0.8399],[-105.0825,19.527,3.3002],[-105.0825,19.5229,1.4559],[-105.0801,19.5201,7.0543],[-105.0828,19.5191,1.4839],[-105.0825,19.5159,12.6864],[-105.0841,19.5155,0.0],[-105.0818,19.5143,7.9857],[-105.0796,19.5152,21.2647],[-105.0791,19.5136,31.4257],[-105.083,19.5119,3.5055],[-105.0818,19.5111,3.5055],[-105.0827,19.5101,0.6518],[-105.0796,19.5081,50.523],[-105.0816,19.5071,2.3303],[-105.0815,19.5054,0.0],[-105.0788,19.5031,2.2416],[-105.0762,19.5041,27.3016],[-105.0766,19.5025,5.7122],[-105.0717,19.4998,0.0],[-105.0704,19.5019,12.9592],[-105.0669,19.5012,40.7676],[-105.0675,19.4992,0.0],[-105.0658,19.4966,0.0],[-105.0602,19.4954,63.6756],[-105.0666,19.4894,6.1567],[-105.0625,19.4859,19.3729],[-105.0635,19.4841,0.0],[-105.06,19.4836,14.8861],[-105.0598,19.4823,14.8861],[-105.061,19.4824,14.8861],[-105.0589,19.4809,45.0188],[-105.062,19.48,0.0],[-105.0595,19.4798,12.5258],[-105.0608,19.4776,28.6642],[-105.0575,19.4745,6.7204],[-105.0603,19.4739,0.0],[-105.0591,19.4711,21.365],[-105.0618,19.4711,35.5631],[-105.065,19.4736,15.5441],[-105.0655,19.4722,0.0],[-105.0723,19.4725,0.0],[-105.0731,19.4711,2.4641],[-105.0684,19.4697,26.0175],[-105.0695,19.468,0.0],[-105.0641,19.4636,0.0],[-105.0609,19.4629,43.6084],[-105.0618,19.4619,0.0],[-105.056,19.4601,5.1725],[-105.0526,19.4545,19.3803],[-105.0441,19.4545,21.3237],[-105.0443,19.4513,36.8923],[-105.0461,19.4503,0.0],[-105.0418,19.4487,44.9105],[-105.0426,19.4464,29.9701],[-105.0383,19.4444,17.3955],[-105.0363,19.4458,9.1429],[-105.0325,19.4447,4.3406],[-105.0305,19.4382,0.0],[-105.0248,19.4361,5.2809],[-105.0249,19.4341,2.3055],[-105.0299,19.4291,17.6439],[-105.027,19.4287,0.0],[-105.0246,19.4236,0.0],[-105.0231,19.424,61.0921],[-105.0196,19.4208,0.9156],[-105.0174,19.4065,4.8432],[-105.0204,19.3965,0.0],[-105.0228,19.3938,0.0],[-105.0248,19.3929,8.8684],[-105.031,19.3969,0.0],[-105.03,19.3925,16.5347],[-105.0323,19.3891,3.9612],[-105.0278,19.3837,0.0],[-105.0172,19.3798,13.8753],[-104.9954,19.3636,0.0],[-104.9928,19.36,13.7921],[-104.9933,19.3584,0.0],[-104.9889,19.3569,8.5084],[-104.9859,19.3515,0.0],[-104.9846,19.3518,5.7493],[-104.9856,19.3511,0.0],[-104.9704,19.3416,19.1045],[-104.9637,19.3309,10.189],[-104.9609,19.3314,0.8211],[-104.9534,19.3219,0.0],[-104.9485,19.3206,21.9874],[-104.9387,19.3139,4.5787],[-104.936,19.3082,0.0],[-104.935,19.3099,0.0],[-104.9314,19.3091,2.9137],[-104.9146,19.3008,4.4695],[-104.9099,19.297,0.0],[-104.9059,19.2971,1.0827],[-104.8865,19.2894,0.0],[-104.8781,19.2847,0.0],[-104.8767,19.2809,18.6769],[-104.8734,19.2807,4.3149],[-104.8737,19.2838,0.0],[-104.871,19.2875,3.4378],[-104.8627,19.2906,2.8976],[-104.8541,19.291,17.3987],[-104.8503,19.2884,0.0],[-104.8505,19.29,4.3896],[-104.8474,19.2906,32.0864],[-104.8469,19.2881,0.0],[-104.8397,19.2922,29.8745],[-104.837,19.2898,4.8882],[-104.8368,19.2952,4.8841],[-104.84,19.2962,10.8085],[-104.8412,19.3,3.7205],[-104.8377,19.3042,0.4561],[-104.8307,19.3076,24.2749],[-104.8269,19.3083,2.7462],[-104.8256,19.3068,0.0],[-104.8152,19.3058,5.031],[-104.8012,19.3008,5.6038],[-104.7918,19.2923,0.0],[-104.7887,19.2818,4.0856],[-104.7901,19.2786,75.4401],[-104.7927,19.2787,22.5595],[-104.7945,19.2755,0.0],[-104.7938,19.2735,22.8066],[-104.7986,19.2691,0.0],[-104.8011,19.2603,12.9023],[-104.8054,19.2617,13.3807],[-104.8093,19.2585,12.7303],[-104.8065,19.2533,6.0318],[-104.8093,19.2473,1.4943],[-104.808,19.2434,60.239],[-104.8103,19.2352,0.0],[-104.8089,19.2332,0.0],[-104.8077,19.2331,0.0],[-104.8078,19.2355,45.7318],[-104.8027,19.2357,49.3228],[-104.8025,19.234,3.1614],[-104.7983,19.2339,23.8354],[-104.7978,19.2301,0.0],[-104.7956,19.2309,0.0],[-104.7957,19.2328,19.9129],[-104.7928,19.2331,6.2353],[-104.7901,19.2379,28.6837],[-104.7846,19.2371,23.9569],[-104.781,19.2393,54.1533],[-104.7786,19.2377,0.0],[-104.7763,19.2406,52.6783],[-104.7714,19.238,3.8663],[-104.7719,19.233,16.6404],[-104.769,19.2307,9.8096],[-104.7611,19.2319,4.1397],[-104.7585,19.2287,0.0],[-104.7515,19.2376,33.4796],[-104.7473,19.2357,36.0452],[-104.739,19.2402,18.9301],[-104.7327,19.2394,24.4389],[-104.7302,19.2369,0.0],[-104.7313,19.2343,5.4764],[-104.7294,19.2308,7.2962],[-104.7316,19.2284,19.4771],[-104.7359,19.2287,42.5489],[-104.7359,19.2257,65.4851],[-104.733,19.2246,121.13],[-104.7346,19.2237,6.6025],[-104.734,19.2217,0.0],[-104.7307,19.2229,34.9065],[-104.7284,19.2214,0.0],[-104.7286,19.2195,0.0],[-104.7267,19.2191,34.5897],[-104.7238,19.2218,13.3197],[-104.7219,19.2188,0.0],[-104.7166,19.2192,37.8996],[-104.7135,19.216,0.0],[-104.7143,19.2205,3.6415],[-104.7114,19.2226,6.6729],[-104.7056,19.2229,3.4367],[-104.6998,19.2208,5.3292],[-104.6865,19.2083,0.996],[-104.6845,19.2036,6.8808],[-104.6854,19.1984,0.0],[-104.6818,19.2015,0.3495],[-104.6793,19.1998,0.2511],[-104.6795,19.1957,0.0],[-104.6766,19.1977,3.3833],[-104.6727,19.1976,2.8069],[-104.6728,19.1942,1.0373],[-104.6693,19.1969,0.4394],[-104.6631,19.1969,0.0],[-104.6565,19.1938,3.3819],[-104.6554,19.1832,5.6245],[-104.6632,19.1829,1.7971],[-104.6532,19.1825,3.7855],[-104.6293,19.1729,7.7882999999999996],[-104.6263,19.1759,7.5984],[-104.626,19.1782,5.2383],[-104.6188,19.1809,6.4539],[-104.6161,19.178,6.5005],[-104.6153,19.1741,5.9266],[-104.6159,19.1706,4.4021],[-104.619,19.1677,5.6617],[-104.6168,19.1662,5.1799],[-104.6157,19.1617,9.9903],[-104.6115,19.161,1.3929],[-104.6131,19.1558,0.0],[-104.6024,19.1518,0.0],[-104.5898,19.1501,0.0],[-104.587,19.1535,3.3403],[-104.5858,19.1618,2.1259],[-104.5961,19.1641,2.9245],[-104.5961,19.1716,4.4804],[-104.6003,19.1791,7.8907],[-104.5955,19.1843,6.823],[-104.59,19.1865,7.1753],[-104.5867,19.1854,8.2904],[-104.584,19.178,8.3467],[-104.581,19.1776,8.4385],[-104.5769,19.1802,7.776],[-104.5744,19.1858,9.5742],[-104.5748,19.193,10.5387],[-104.5697,19.197,11.9079],[-104.5672,19.2013,10.2331],[-104.5696,19.2059,12.1804],[-104.5705,19.2137,11.4882],[-104.5691,19.2187,14.1483],[-104.5673,19.2198,12.3919],[-104.5624,19.2182,12.1621],[-104.5599,19.2201,13.8666],[-104.5603,19.2282,13.9647],[-104.5545,19.2371,17.0729],[-104.5485,19.2433,14.6635],[-104.5371,19.251,15.8018],[-104.5338,19.258,16.986],[-104.5253,19.2611,24.7792],[-104.5233,19.2604,18.8173],[-104.5141,19.2481,22.9461],[-104.5084,19.2442,22.2053],[-104.5061,19.2451,21.5049],[-104.5014,19.2526,24.7824],[-104.4974,19.2545,32.3998],[-104.4945,19.2539,28.4952],[-104.4884,19.2472,28.086],[-104.4901,19.2327,27.2255],[-104.489,19.2299,27.586],[-104.4838,19.2305,28.3367],[-104.4777,19.2387,32.0288],[-104.474,19.2365,33.3868],[-104.4725,19.2289,29.64],[-104.4669,19.231,32.2215],[-104.4648,19.23,40.5362],[-104.4628,19.2361,34.2302],[-104.467,19.2451,61.7046],[-104.463,19.2474,40.7445],[-104.4601,19.246,42.1718],[-104.4557,19.248,81.0676],[-104.4598,19.2544,37.25],[-104.457,19.2598,58.3384],[-104.4489,19.259,41.2726],[-104.4386,19.2627,54.1018],[-104.4358,19.2696,47.6739],[-104.4381,19.2747,56.5174]]],
[[[-104.8778,19.2732,0.0],[-104.8774,19.2724,0.0],[-104.8754,19.2728,0.0],[-104.8773,19.274,0.0],[-104.8778,19.2732,0.0]]],
[[[-104.96,19.3081,0.0],[-104.9608,19.3081,0.0],[-104.9601,19.3066,0.0],[-104.9595,19.3076,0.0],[-104.96,19.3081,0.0]]],
[[[-104.9556,19.3106,0.0],[-104.9554,19.3107,0.0],[-104.9564,19.3108,0.0],[-104.9562,19.31,0.0],[-104.9556,19.3106,0.0]]],
[[[-105.0339,19.3902,0.0],[-105.0355,19.391,0.0],[-105.036,19.389,0.0],[-105.0343,19.389,0.0],[-105.0339,19.3902,0.0]]],
[[[-105.0349,19.4408,0.0],[-105.0361,19.4412,0.0],[-105.0362,19.44,0.0],[-105.0352,19.4397,0.0],[-105.0349,19.4408,0.0]]],
[[[-105.0643,19.4764,0.0],[-105.0631,19.4762,0.0],[-105.0639,19.4771,0.0],[-105.0661,19.4765,0.0],[-105.0659,19.4759,0.0],[-105.0643,19.4764,0.0]]],
[[[-105.0675,19.4771,0.0],[-105.0641,19.4783,0.0],[-105.0661,19.479,0.0],[-105.0683,19.4781,0.0],[-105.0675,19.4771,0.0]]],
[[[-104.9513,19.3153,0.0],[-104.952,19.3154,0.0],[-104.952,19.3149,0.0],[-104.9515,19.3147,0.0],[-104.9513,19.3153,0.0]]],
[[[-105.0861,19.5147,0.0],[-105.0859,19.5138,0.0],[-105.0851,19.5138,0.7312],[-105.0851,19.5147,0.7312],[-105.0861,19.5147,0.0]]],
[[[-105.0853,19.5222,0.0],[-105.0858,19.5228,0.0],[-105.0872,19.5225,3.4023],[-105.0856,19.521,0.0],[-105.0853,19.5222,0.0]]],
[[[-105.0923,19.5255,0.0],[-105.0934,19.5267,0.0],[-105.0958,19.5259,0.0],[-105.092,19.5222,0.0],[-105.0904,19.5238,1.7385],[-105.0923,19.5255,0.0]]],
[[[-105.0936,19.5299,0.0],[-105.0931,19.5303,0.0],[-105.0941,19.5304,0.0],[-105.0942,19.5296,0.0],[-105.0936,19.5299,0.0]]],
[[[-105.0893,19.5317,0.0],[-105.088,19.5316,0.0],[-105.0882,19.5332,3.4352],[-105.0896,19.5329,3.4352],[-105.0893,19.5317,0.0]]],
[[[-105.0872,19.535,0.0],[-105.0885,19.5359,0.0],[-105.0894,19.5347,0.0],[-105.0881,19.5339,0.0],[-105.0872,19.535,0.0]]],
[[[-105.0937,19.5383,0.0],[-105.0923,19.5391,1.4821],[-105.0942,19.5405,0.0],[-105.0951,19.5388,2.2276],[-105.0937,19.5383,0.0]]],
[[[-105.1063,19.5493,0.0],[-105.1097,19.5518,0.8183],[-105.1132,19.5454,0.0],[-105.1096,19.544,0.0],[-105.1094,19.5465,0.0],[-105.1063,19.5493,0.0]]],
[[[-105.1118,19.5588,0.0],[-105.1106,19.5612,7.1615],[-105.1136,19.5615,6.4139],[-105.1126,19.5599,0.0],[-105.1159,19.5582,2.0981],[-105.1168,19.5552,0.0],[-105.1138,19.5575,3.9464],[-105.1118,19.5572,0.0],[-105.1118,19.5588,0.0]]],
[[[-105.1331,19.5733,0.0],[-105.1326,19.5741,0.0],[-105.1345,19.5737,0.0],[-105.1343,19.5735,0.0],[-105.1331,19.5733,0.0]]],
[[[-105.1352,19.5749,0.0],[-105.1357,19.5744,0.0],[-105.1358,19.5736,0.0],[-105.1346,19.5744,0.0],[-105.1352,19.5749,0.0]]],
[[[-105.1468,19.5786,0.0],[-105.1466,19.5789,0.0],[-105.1478,19.5788,0.0],[-105.1476,19.5784,0.0],[-105.1468,19.5786,0.0]]],
[[[-105.1454,19.5801,0.0],[-105.1451,19.5807,7.8428],[-105.1475,19.5806,0.0],[-105.1473,19.5802,0.0],[-105.1454,19.5801,0.0]]],
[[[-105.2931,20.545,5.5543],[-105.2929,20.5444,5.5543],[-105.2915,20.5451,0.0],[-105.2918,20.5453,5.5543],[-105.2931,20.545,5.5543]]]]}}